기준_년분기_코드,상권_구분_코드_명,상권_코드_명,서비스_업종_코드_명,당월_매출_금액,당월_매출_건수,주중_매출_금액,주말_매출_금액,남성_매출_금액,여성_매출_금액,연령대_10_매출_금액,연령대_20_매출_금액,연령대_30_매출_금액,연령대_40_매출_금액,연령대_50_매출_금액,연령대_60_이상_매출_금액
20254,발달상권,"신촌역(신촌역, 신촌로터리)",스포츠 강습,190574012,563,185879107,4694905,62004846,122818273,1578072,62149177,70583498,12783010,35309971,2419391
20254,전통시장,동화동 골목형상점가,미용실,241121913,7596,158201210,82920703,110263603,126565631,689103,17374758,40986830,66989251,63290864,47498428
20254,전통시장,노량진중앙시장,커피-음료,143339677,43869,95844027,47495650,84490667,57487331,2121862,42653948,43692418,15772423,24945022,12792323
20254,골목상권,신성초등학교,세탁소,7965729,1790,5012268,2953461,5563095,2402634,0,3482559,3099859,774966,511869,96476
20254,발달상권,가산디지털단지,한식음식점,38845970041,1458137,34858600092,3987369949,16401281607,9491707466,78552880,4244996087,8066632051,6146656007,4798277628,2557874422
20254,관광특구,이태원 관광특구,가방,1090502870,5547,885896795,204606075,190536741,828948123,576954,98028433,104265999,303824723,232953614,279835141
20254,전통시장,도화동 상점가,스포츠클럽,190680256,178,158605126,32075130,90001177,67283290,0,0,50383455,18893895,76737074,11270043
20254,발달상권,"신촌역(신촌역, 신촌로터리)",일반교습학원,850287157,3069,727041019,123246138,326663601,479659538,4777618,202655522,46691951,68110154,444533305,39554589
20254,골목상권,서연중학교,커피-음료,814448689,50214,467635175,346813514,261933261,537806007,3075409,272143564,339421744,90839984,63394445,30864122
20254,발달상권,포이사거리(삼호물산),편의점,2990359038,389172,2271801291,718557747,1913158211,702711942,17479614,331969432,732637729,616369520,577951597,339462260
20254,관광특구,이태원 관광특구,일반의류,19821674944,99755,11196474499,8625200445,9202460422,10020404763,81802402,3451615516,5686591488,3163590741,4448320273,2390944772
20254,발달상권,대림3동사거리,당구장,32132604,1726,19845464,12287140,29340097,2115687,1075576,1207692,5111935,6278839,14260441,3521301
20254,발달상권,수유역,서적,70972965,1797,58642752,12330213,28633890,33870045,124835,2456290,2783734,2847015,23238653,31053410
20254,발달상권,거여역,청과상,6367665,34,6284705,82960,173463,6194202,0,0,20740,0,256423,6090502
20254,발달상권,명동역(명동재미로),슈퍼마켓,747710267,65344,627088237,120622030,248249506,433698911,1306061,34182199,72701350,119109291,205205315,249444201
20254,발달상권,길동역,세탁소,75872693,8621,55525868,20346825,33259305,42613388,609987,19052276,27860071,11774691,8718273,7857395
20254,골목상권,잠실나루역,일반의원,3124902801,53265,2493170194,631732607,1132772101,1992130700,3809143,69837469,537387041,1093771110,734118497,685979541
20254,발달상권,서울고교교차로,양식음식점,156549717,10035,139540245,17009472,67296332,72776905,14726866,12849798,30102595,29291516,42361465,10740995
20254,골목상권,가리봉파출소,호프-간이주점,78113534,2487,65342302,12771232,56818564,18689016,0,13736584,21551447,20123141,10002525,10093884
20254,골목상권,등촌3동주민센터,스포츠클럽,30000000,332,22535713,7464287,19908944,9001084,384322,5089214,14139075,2428826,3570969,3297622
20254,골목상권,만리재,호프-간이주점,80626850,1575,61909601,18717249,58502426,18712621,276633,4239159,5428035,8787667,41980340,16503214
20254,전통시장,답십리 건축자재시장,일반의류,253421875,2090,253421875,0,29364953,224056922,0,0,31736696,118036371,56448563,47200245
20254,관광특구,이태원 관광특구,세탁소,114000000,5378,105521637,8478363,57069821,56930179,0,17371700,39120847,30360451,2718822,24428180
20254,전통시장,제일시장,섬유제품,27864319,133,8966137,18898182,1798827,26065492,0,0,1399865,209980,13277723,12976751
20254,골목상권,잠실나루역,미용실,552492131,3331,324031714,228460417,229295980,323196151,1014882,23302972,78368040,188518901,159470606,101816730
20254,골목상권,금천금빛공원(은행나무사거리서측),미용실,42306502,2999,22212708,20093794,33153931,9152571,229896,229896,1247049,6576246,22945117,11078298
20254,발달상권,사당역(사당),중식음식점,1233928424,25648,865993013,367935411,674057322,420232289,8529337,254243319,402271216,164614820,172717269,91913650
20254,골목상권,암사역 1번,세탁소,14157268,723,11736096,2421172,6706623,7450645,0,1789771,3791214,4496426,1549559,2530298
20254,골목상권,청담역 3번,미용실,370609238,2761,176289253,194319985,158700230,204395820,2200433,21542438,37822208,106976911,98938843,95615216
20254,관광특구,이태원 관광특구,양식음식점,18616130631,420730,9800762697,8815367934,9919732120,6821424019,164622124,5395588826,6482702701,2274370085,1439499333,984373069
20254,관광특구,이태원 관광특구,화장품,704296961,12147,366311537,337985424,184090495,503046692,8216368,165054094,163861416,165285024,86892780,97827505
20254,발달상권,학동사거리,운동/경기용품,183739597,3426,124677942,59061655,102339739,45707671,0,17513992,26742920,18318027,76488249,8984223
20254,발달상권,신도림역,의약품,4163366265,112477,3309175066,854191199,1070262806,3093103459,13541600,787600324,1268426173,880312484,812934627,400551057
20254,발달상권,발산역(마곡),한식음식점,27055526719,439796,21199269309,5856257410,10403128315,6390197365,91272240,2398604440,4734126612,3860336527,3355153532,2353832330
20254,전통시장,성대전통시장(성대시장),일반의원,12487875776,354647,10863484216,1624391560,5588704667,6899171109,14100623,1457958614,2885132383,2413555393,2488731411,3228397352
20254,발달상권,대치역,외국어학원,828085450,2546,759270707,68814743,338789960,480212112,2453338,0,53862652,632895759,103459425,26330898
20254,관광특구,명동 남대문 북창동 다동 무교동 관광특구,일반의원,12038487576,214382,10787203370,1251284206,3963305005,7938595095,45863049,1597368449,3007349017,2930017223,2296330853,2024971509
20254,골목상권,신방화역 8번,한식음식점,193662785,7004,133551657,60111128,96375121,67686958,0,4243298,15816764,28170955,48226200,67604865
20254,발달상권,아차산역,노래방,321980587,13143,205473068,116507519,220797489,59378002,5986305,30610000,50759151,38171743,75083991,79564299
20254,발달상권,강동구청역,자동차수리,563381174,2740,512273972,51107202,351247590,95201364,0,8113137,124707803,72627404,120107827,120892784
20254,골목상권,오류2동버들시장,일반교습학원,316457290,761,285246074,31211216,252093366,64363924,0,0,48764951,217485500,50206839,0
20254,발달상권,목동사거리,자동차수리,355146450,2296,306998630,48147820,232335295,69118247,0,60565,61808646,75263580,37901028,126419723
20254,발달상권,홍제역,일반의원,9125550603,265981,7542060328,1583490275,3661912655,5387176993,23144636,466145617,1316528168,2937921465,1942767922,2362581840
20254,골목상권,신성초등학교,편의점,575461,12,575461,0,0,575461,0,0,0,0,0,575461
20254,골목상권,석촌역 6번,커피-음료,103614955,7039,57331485,46283470,75323370,26285392,67754,4154699,12543902,10574072,24246750,50021584
20254,골목상권,삼전역 1번,핸드폰,9254221,617,9254221,0,0,9254221,0,0,0,0,0,9254221
20254,골목상권,화곡2동주민센터,스포츠 강습,42272081,248,42272081,0,16942883,25329198,0,3375000,7297993,30174088,1425000,0
20254,전통시장,상도도깨비 골목형상점가,한식음식점,307769040,7123,232062544,75706496,153756057,103265877,2510846,28916337,60236473,42825239,53144628,69388411
20254,발달상권,강남구청역,일반교습학원,3250903761,7344,2670132479,580771282,1213905881,2036997880,0,0,22466660,2156412675,989959379,82065047
20254,전통시장,청량종합도매시장,청과상,8810866151,122350,7739408271,1071457880,857537927,7875213211,0,28439907,171796777,354455084,496045833,7682013536
20254,발달상권,서초역,피부관리실,25742269,56,18298721,7443548,0,25742269,0,0,1240591,7443548,17058130,0
20254,관광특구,명동 남대문 북창동 다동 무교동 관광특구,조명용품,90000000,1332,66250000,23750000,32352941,57647059,0,0,0,11764706,0,78235294
20254,전통시장,동문시장,일반의류,49329560,306,49329560,0,43876462,5453098,0,0,0,0,5453098,43876462
20254,전통시장,쌍문시장(쌍문역골목시장),치킨전문점,309420640,16421,246964130,62456510,177117614,130977488,1811054,20058167,32041076,46380765,102667288,105136752
20254,발달상권,개봉동 현대아파트,제과점,514740035,46403,359983778,154756257,205741910,279623055,1885803,32446772,100283041,137066586,113344965,100337799
20254,발달상권,을지로4가역,가방,15611275,155,10268188,5343087,4734372,9346530,0,917789,449826,4059554,4144999,4508735
20254,발달상권,가산디지털단지,양식음식점,2356021669,55636,1732094417,623927252,895620161,847910378,3831277,260625467,558927418,511985494,285861018,122299859
20254,골목상권,상일여고(상일초등학교),의약품,1501614830,89578,1126585102,375029728,756329088,745285742,1635007,50157832,171781074,387559583,330447810,560033524
20254,발달상권,청량리역(청량리),문구,26642627,2937,26642627,0,12533161,11296845,0,0,2155827,734063,8043787,12896329
20254,골목상권,암사역 1번,청과상,3617132,228,2627343,989789,492302,3124830,0,0,51821,114007,103643,3347661
20254,발달상권,선정릉역,중식음식점,224150638,10129,210191463,13959175,90152397,47144265,465466,17059300,27680328,36773528,38841628,16476416
20254,발달상권,역삼역,호프-간이주점,6626984231,82089,5703422458,923561773,2967381558,995228664,2645475,420061716,1187774139,1294445822,848199672,209483395
20254,전통시장,"중곡제일시장(중곡제일골목시장, 광성시장)",호프-간이주점,101438627,1914,69548593,31890034,68601791,24014197,0,4680206,15064711,13186723,31918102,27766245
20254,발달상권,서울세관,문구,12410342,7840,12254988,155354,6588149,5047332,0,1589794,6109683,3775401,7633,152969
20254,전통시장,창동역상점가,미용실,98270930,2906,56118899,42152031,52938792,45332138,642078,9639260,24495081,34804889,17781712,10907910
20254,관광특구,명동 남대문 북창동 다동 무교동 관광특구,반찬가게,19619504901,750246,15666310485,3953194416,5622397361,10742358119,37501472,823185241,2455622262,3286511564,2243631983,7518302957
20254,골목상권,청계산원터골,커피-음료,120000000,3540,92939997,27060003,48956464,68329851,0,13094767,39308557,26992823,19560888,18329280
20254,전통시장,답십리시장,일반의원,1641680474,68425,1333354628,308325846,775836983,865843491,4678138,54258571,221949732,393924973,424965911,541903149
20254,골목상권,거여역 1번(거여공원),치킨전문점,49570670,1682,32938673,16631997,36732819,10002298,67775,1838351,4195399,5597090,13118168,21918334
20254,발달상권,강서구청,네일숍,18941518,198,12030585,6910933,763493,17385166,234921,986668,4299055,3758736,4289930,4579349
20254,관광특구,명동 남대문 북창동 다동 무교동 관광특구,안경,11057699566,70543,7641454837,3416244729,5697827415,5085699474,53433000,687987931,1379134610,2255099150,3040504068,3367368131
20254,발달상권,충무로역,컴퓨터및주변장치판매,723598086,5573,723598086,0,245934167,314043439,0,7911320,48816440,300225600,108960451,94063795
20254,전통시장,신금호역 골목형상점가,일식음식점,124744422,1076,91010597,33733825,41048003,19064472,194039,2746608,14192180,7383595,24762662,10833391
20254,발달상권,문래역(문래로데오거리),일반의원,1679866185,61731,1426998471,252867714,751140855,928725330,2044757,113500562,313600417,499209799,375808337,375702313
20254,발달상권,신논현역 1번,당구장,19201387,870,9933724,9267663,12952443,5908360,0,1604467,9270700,2795066,3174614,2015955
20254,관광특구,명동 남대문 북창동 다동 무교동 관광특구,가전제품,790835452,1173,658715818,132119634,457475138,92033429,0,6555721,159210710,76127323,232218679,75396133
20254,발달상권,연남동(홍대),분식전문점,919005082,65271,690239506,228765576,351535882,435091848,12149859,221717165,258633184,142715794,102192694,49219034
20254,발달상권,매봉역,치과의원,253137225,2835,247816460,5320765,160770253,92366972,0,35112731,41175866,9640006,86795151,80413471
20254,전통시장,상계중앙시장,호프-간이주점,396534020,3056,328484392,68049628,382448096,14085924,0,0,1660637,61563262,35470415,297839706
20254,전통시장,강남골목시장,슈퍼마켓,699534072,3264,620382584,79151488,0,699534072,0,0,0,74544450,103850337,521139285
20254,골목상권,굽은다리역 2번,슈퍼마켓,397200307,38003,290236211,106964096,273685587,123514720,3939738,31306429,73587218,69310355,97312337,121744230
20254,골목상권,삼전역 1번,일반의류,62478743,558,58015086,4463657,6164856,54039139,0,144067,1390745,3489094,17599552,37580537
20254,골목상권,까치산역 4번,화장품,19369934,287,17178371,2191563,4717992,14651942,0,1439523,0,4350026,574770,13005615
20254,골목상권,계남근린공원,인테리어,3746101,392,831963,2914138,2914138,831963,0,0,0,79927,752036,2914138
20254,발달상권,경복아파트교차로,세탁소,5429676,33,5429676,0,1881571,3548105,0,0,3548105,1881571,0,0
20254,관광특구,명동 남대문 북창동 다동 무교동 관광특구,섬유제품,993894740,8247,725426780,268467960,346913364,534320483,0,9085809,85732053,47176443,219020283,520219259
20254,골목상권,KB국민은행 망원동지점,의약품,735808703,54197,487747180,248061523,349017758,375734311,884542,90098666,177493144,149180342,126885837,180209539
20254,골목상권,신림현대아파트,일반의류,213747025,1097,195035780,18711245,4814946,208932079,0,0,0,31632366,9568943,172545716
20254,관광특구,동대문패션타운 관광특구,패스트푸드점,1263718012,133017,944801546,318916466,683909980,488502089,24203430,219271047,362921673,255122130,197395908,113497883
20254,전통시장,송화벽화시장(송화골목시장),일반교습학원,302553542,1006,236439685,66113857,157933011,144620531,0,0,7143123,164461639,130948780,0
20254,발달상권,서초역,육류판매,2004423,29,987687,1016736,1350806,653617,0,0,0,0,0,2004423
20254,전통시장,약수시장,육류판매,1433154213,36343,971493069,461661144,505213727,889385018,1084892,132274186,109951723,231652264,331793629,587842051
20254,골목상권,우장산역 4번,치과의원,337872399,2563,286663778,51208621,168037813,165685339,0,15284008,34621652,64469636,101188534,118159321
20254,발달상권,문래역(문래로데오거리),호프-간이주점,2221146337,37501,1662795193,558351144,1091602797,576044524,6141227,175305087,416348430,425043084,436930374,207879121
20254,골목상권,관악우성아파트,패스트푸드점,118283181,6381,83790059,34493122,55478776,46085280,505968,14958263,19220485,18443429,25883757,22552151
20254,전통시장,용산용문시장,일반의원,259963559,16244,219825293,40138266,108151361,151812198,3965748,6436678,30903801,50713596,71065008,96878728
20254,관광특구,동대문패션타운 관광특구,일식음식점,339619928,8961,270268811,69351117,150368433,160225191,614564,72271607,113883329,57453800,46943190,19427138
20254,발달상권,압구정로데오역(압구정로데오),반찬가게,48375083,4766,42164294,6210789,28616862,19711627,0,860760,4480041,20237366,18080465,4669856
20254,발달상권,서촌(경복궁역),일식음식점,902456713,7606,669450115,233006598,364431618,332312178,1552449,133009611,261332177,116691176,112023596,72134788
20254,전통시장,남성사계시장(남성시장),안경,110940561,965,78710873,32229688,51039122,57041458,157299,7141921,11957737,21050934,37322980,30449710
20254,골목상권,세곡초등학교,전자상거래업,41979296,43,40381241,1598055,479416,2556887,0,0,2556887,0,0,479416
20254,관광특구,동대문패션타운 관광특구,분식전문점,1866670692,227112,1364095061,502575631,831169752,934419111,42892992,402818474,451346526,371008649,305740514,191781709
20254,관광특구,동대문패션타운 관광특구,인테리어,283917628,2926,257210947,26706681,136167488,14348439,0,0,41852662,14633798,33738221,60291247
20254,골목상권,석촌고분역 4번,세탁소,30443644,2154,22496150,7947494,12823199,17563589,0,4223406,7090319,9021781,2798720,7252563
20254,골목상권,학동근린공원,커피-음료,35910754,3727,26527551,9383203,18389658,13103659,0,6615511,9564044,13416615,1359293,537854
20254,전통시장,쌍문역동측상점가,치킨전문점,42283359,1844,25738840,16544519,21581201,19238213,431860,4069415,7293631,6177361,7336564,15510583
20254,발달상권,압구정역,가전제품,18475768,40,14408119,4067649,12563138,5912630,0,0,0,1428335,7689298,9358135
20254,발달상권,미아역,패스트푸드점,315066718,21035,231637838,83428880,154637847,144547242,8842440,57339096,58742697,65173107,67618300,41469448
20254,발달상권,약수역,의료기기,36366463,427,36366463,0,36366463,0,0,0,0,0,24516129,11850334
20254,관광특구,동대문패션타운 관광특구,의약품,2122165563,84648,2045440700,76724863,1160583081,957653941,4757054,125451594,368885596,366730981,425944355,826467442
20254,발달상권,중림동,슈퍼마켓,101553385,22245,94633449,6919936,51290578,50157291,29334,29182442,29079866,20682644,16083845,6389738
20254,골목상권,양지어린이공원,커피-음료,3261953,485,2576042,685911,1144906,1807612,0,265598,458995,541510,742642,943775
20254,발달상권,신대방삼거리역,미용실,302383506,6221,178122846,124260660,125329082,177054424,6734151,49322756,110500966,57747470,51417202,26660961
20254,발달상권,"신촌역(신촌역, 신촌로터리)",운동/경기용품,406752959,2840,268233243,138519716,128680704,234930142,772569,63579563,96883538,79966586,66840551,55568041
20254,골목상권,한영중고,미용실,141889785,3249,94797075,47092710,57141994,84747791,1547558,5551145,11101553,33337126,52731026,37621377
20254,발달상권,은마아파트,일반교습학원,72977777148,262164,50869999241,22107777907,32074350279,40903426869,98712369,135334227,1411263813,43684414158,24896627051,2751425530
20254,발달상권,태릉입구역,여관,24368587,50,19632991,4735596,17955801,6412786,0,0,0,11247040,0,13121547
20254,골목상권,길동주민센터(강동도서관),커피-음료,26722252,6794,19912990,6809262,16617309,8674546,152923,2096935,4428020,9615359,4581021,4417596
20254,관광특구,동대문패션타운 관광특구,컴퓨터및주변장치판매,22473161,49,22383525,89636,22249071,224090,0,89636,224090,6473161,15686274,0
20254,발달상권,금호역,분식전문점,166288317,15431,122150924,44137393,92310935,67471218,2399863,15168650,30214121,36648308,42019728,33331480
20254,골목상권,천호1동주민센터,커피-음료,41345095,5300,28053689,13291406,21268437,16612962,316503,4073683,8893739,7745120,8823532,8028822
20254,발달상권,학동역,가구,11262561433,5375,7239157654,4023403779,6359794249,4783768644,0,207441028,648221830,2736723560,3819443744,3758299882
20254,관광특구,동대문패션타운 관광특구,안경,481298824,8958,299738962,181559862,128722857,352575967,18137435,148741933,114741858,98663676,61863311,39150611
20254,관광특구,동대문패션타운 관광특구,화초,32254075,657,28891669,3362406,9727519,4848120,0,3518797,4410226,2658647,860150,3127820
20254,전통시장,중랑동부시장,슈퍼마켓,210765454,27458,148299388,62466066,140003397,69322315,1122930,29942674,40488837,52475510,36620916,48674842
20254,발달상권,가락시장역,핸드폰,810338331,1042,748063399,62274932,269113077,538295339,0,0,7604461,272979677,62744576,464079702
20254,관광특구,종로·청계 관광특구,조명용품,37590684161,156919,37064018898,526665263,20760982162,9784115665,0,88236652,4810732143,3366898857,15226274453,7052955726
20254,골목상권,금산초등학교(금천고등학교),예술학원,15008811,117,15008811,0,9236191,5772620,0,0,1753707,9280034,2075220,1899850
20254,전통시장,창신골목시장,양식음식점,327207260,8054,213242143,113965117,223895936,103311324,17618972,205968448,56597990,28226454,12977531,5817865
20254,골목상권,성내천어린이공원(하니사랑길),자동차수리,2069232574,7173,1807818915,261413659,1466989622,468947560,0,10361819,291594694,430982191,560247710,642750769
20254,전통시장,경창시장,호프-간이주점,98308211,2415,63958161,34350050,71850542,21952826,179194,972766,7864064,22019333,30414820,32353191
20254,골목상권,홍대부속여중고앞,슈퍼마켓,601892801,40841,416110125,185782676,239074715,303807016,874859,26048501,81600645,131077122,109731370,193549233
20254,골목상권,삼성산자연공원(서울금천초등학교),가구,49006494,114,32713426,16293068,36659403,12347091,0,0,0,20111756,9801299,19093439
20254,발달상권,개롱역,골프연습장,13308266,357,6277184,7031082,7055771,3633695,0,412659,582134,365045,6355169,2974460
20254,발달상권,연신내역,패스트푸드점,78059752,6269,58808189,19251563,36755937,33317001,2465675,18147509,19359566,10480867,14452228,5167092
20254,발달상권,종각역,PC방,59389807,2920,31757924,27631883,33089845,26299962,1477229,35428680,15712059,3106707,2941430,723702
20254,골목상권,신월7동주민센터,일반의류,174404070,2796,132155474,42248596,19364567,154960419,0,0,105446,3957522,86875668,83386350
20254,골목상권,방배초등학교,일반의류,247513202,157,138713735,108799467,138043513,109469689,0,0,0,0,26808904,220704298
20254,발달상권,가락시장역,반찬가게,574464569,29664,552597349,21867220,116692672,457771897,860275,1790581,33889478,95651794,244755890,197516551
20254,전통시장,남성사계시장(남성시장),치과의원,640400441,4972,513728615,126671826,328561097,306600955,1263808,20014845,77417343,183073326,164042006,189350724
20254,발달상권,방배동카페골목,슈퍼마켓,2054406729,99347,1461458085,592948644,789135847,991269630,562808,36700051,277069913,282154648,449934891,733983169
20254,골목상권,서래초등학교,화초,2862182,41,2862182,0,0,2862182,0,0,0,2862182,0,0
20254,관광특구,종로·청계 관광특구,화초,100849524,1488,91198927,9650597,23765805,32293364,0,9411907,14537056,10314436,7103483,14692289
20254,발달상권,굽은다리역,노래방,57268763,852,39440893,17827870,47467418,8276362,0,6387808,5863137,11460683,12578823,19453328
20254,골목상권,우장산힐스테이트,미용실,45000000,1313,26581732,18418268,24577623,20422377,404568,5309236,10737488,13377468,7502196,7669044
20254,골목상권,신정역 5번,분식전문점,130126613,9093,109897563,20229050,72161565,49257242,576333,11035996,40416900,18209166,17809430,33370979
20254,전통시장,중부시장(신중부시장),편의점,579087013,68599,433984021,145102992,314297544,129813177,3855893,60358292,115947788,113882085,76695925,73370737
20254,관광특구,종로·청계 관광특구,제과점,99530236,13773,85502123,14028113,53340717,41120736,476699,13185683,17030195,14746051,23684407,25338420
20254,발달상권,장지역(가든파이브),완구,245329358,5928,141971792,103357566,130996082,79304698,3499945,5177819,57913800,89935295,14367981,39405939
20254,발달상권,성수역,PC방,180283621,33228,121002618,59281003,145549513,34734108,4068553,86132058,64593067,18272388,6440136,777419
20254,골목상권,까치산역 1번,한식음식점,498697241,9470,362321873,136375368,270884255,171162055,0,54584073,111819776,96391695,96424260,82826506
20254,발달상권,보라매역,자동차수리,86437730,601,54883333,31554397,58795003,11862424,0,1154971,4672437,17777978,27006644,20045397
20254,발달상권,가락시장역,제과점,148882573,11558,115376373,33506200,61163633,59757877,0,9330752,22085632,28584079,30768875,30152173
20254,관광특구,종로·청계 관광특구,의약품,11841808566,307086,9206057071,2635751495,6252292911,5565881017,5316462,449027531,1370858626,1829886402,2091150768,6071934139
20254,관광특구,종로·청계 관광특구,컴퓨터및주변장치판매,997662865,4831,990706807,6956058,613911864,45435171,0,2804616,15432839,0,26437089,614672490
20254,골목상권,신길3동주민센터,치킨전문점,109771531,3196,69248731,40522800,78351746,31419785,0,6790757,12830385,37843302,33749489,18557598
20254,골목상권,석촌역 7번,예술학원,3880619,7,3880619,0,3880619,0,0,0,0,0,3880619,0
20254,발달상권,삼호가든사거리,커피-음료,1178950301,241004,857619579,321330722,498328100,552835928,31952366,103577717,203057853,362075090,199832418,150668589
20254,전통시장,돌곶이시장(석관황금시장),분식전문점,10976338,730,7723299,3253039,3490931,3330591,0,376202,1062217,1538002,1659813,2185290
20254,골목상권,숭실대입구역 1번,자동차수리,303490893,2765,263570297,39920596,199339503,76189091,0,6075857,76344598,54702062,74051553,64354524
20254,발달상권,동대문역,커피-음료,126724898,24023,86064539,40660359,62175364,58910612,1396490,16132798,23613595,22107248,24046581,33789261
20254,골목상권,보라매역 2번,분식전문점,12193905,696,9644177,2549728,4130829,6204068,0,1517426,2733201,3340279,2449898,294095
20254,관광특구,종로·청계 관광특구,문구,30274206862,1233101,21653324303,8620882559,7465163481,11845194756,122424481,1028205221,4120758123,5044750294,5546427390,3447792725
20254,관광특구,종로·청계 관광특구,핸드폰,486052681,8081,483759919,2292762,229448069,114018530,0,18001850,52291088,56005756,68864220,148303683
20254,발달상권,개봉동 현대아파트,의약품,1952708901,126126,1557161999,395546902,994647064,958061837,1720246,49452875,193465634,364661584,485993898,857414664
20254,발달상권,"신촌역(신촌역, 신촌로터리)",노래방,419622110,50140,266338944,153283166,250924876,160874106,24670210,160822934,69172820,64601117,75433636,17098267
20254,골목상권,상일여고(상일초등학교),일식음식점,235911043,8330,189926802,45984241,121714464,82564133,977493,25915071,47536988,76457513,41566483,11825047
20254,관광특구,종로·청계 관광특구,커피-음료,7576428476,821281,5916638708,1659789768,3084663583,3149133283,39536706,1020350305,1656582201,1305712673,1061878292,1149736690
20254,관광특구,종로·청계 관광특구,신발,12647910506,169097,10531861547,2116048959,4900927790,5372738988,18419059,323934558,2166819581,1137689769,1312925417,5313878394
20254,발달상권,뚝섬역,핸드폰,12507716,607,7922421,4585295,9655991,2851725,0,9430628,2600356,0,0,476732
20254,전통시장,창동신창시장,한식음식점,913265158,42895,648344375,264920783,430728171,446133180,59638,16079249,73763274,153392347,272182372,361384473
20254,전통시장,약수시장,치과의원,180455513,2302,128981812,51473701,77658259,102797254,0,10707465,54563294,37307130,35702384,42175240
20254,관광특구,종로·청계 관광특구,미용실,375948041,9604,295779332,80168709,155258640,220689401,15095926,52492713,90380905,55836772,47145726,114995999
20254,전통시장,제일시장,치과의원,99125101,681,76005382,23119719,42885964,56239137,0,1636637,12313445,27762109,16262685,41150225
20254,골목상권,남강고등학교(남강중학교),슈퍼마켓,210957368,19767,149509508,61447860,143702118,66279953,984319,18280096,30961132,47747380,54782683,57226460
20254,전통시장,목2동시장,일반의원,2165683812,60391,1753876171,411807641,1031017344,1134666468,17340694,289251729,535277584,535058364,353441767,435313674
20254,발달상권,약수역,분식전문점,545531578,43881,422708715,122822863,209060338,248221697,6462419,87386678,148038988,85098145,82461474,47834330
20254,골목상권,백석중학교,미용실,16394073,424,9735417,6658656,9299160,7094913,0,0,619944,6061674,4144441,5568014
20254,관광특구,잠실 관광특구,슈퍼마켓,3785616058,343056,2832398981,953217077,1988498217,1252200439,14115004,475077406,936208571,655355408,604175417,555766852
20254,관광특구,잠실 관광특구,호프-간이주점,8506918101,144702,5490781978,3016136123,4759274309,2808259043,109797402,2437828793,2478624628,1142750530,992514783,406017221
20254,관광특구,잠실 관광특구,스포츠클럽,168614145,723,148598886,20015259,100254466,40817802,0,32842681,62604195,13034292,2638712,29952389
20254,관광특구,잠실 관광특구,의료기기,1505453498,3764,1505453498,0,0,1505453498,0,0,0,0,752726749,752726749
20254,관광특구,잠실 관광특구,미용실,3962190284,30387,2325173145,1637017139,1508431026,2443062403,8447386,230721011,762162266,1027648125,1082274662,840239979
20254,발달상권,강남역,호프-간이주점,16919770194,329187,11422026069,5497744125,9745148281,5509494373,206379711,5027090101,5537808208,2570608013,1445635544,467121078
20254,골목상권,방배아이파크아파트,한식음식점,702054450,32397,540662950,161391500,327447349,254349315,14652071,73410632,100454560,139516241,149070287,104692867
20254,골목상권,대림역 5번,스포츠 강습,63895715,254,63895715,0,10212296,53683419,0,0,0,63895715,0,0
20254,전통시장,수유중앙골목시장(수유중앙시장),한식음식점,522917774,21369,381465966,141451808,316710584,162232650,459424,28843799,67073812,85903691,139806387,156856127
20254,발달상권,방이동먹자골목,스포츠클럽,4923930,61,4895894,28036,4816462,107468,0,542015,2020409,14018,2347488,0
20254,관광특구,잠실 관광특구,완구,17790000000,1291738,11231600914,6558399086,9027788255,8762211745,524207876,5498801317,5914547889,4079836687,911963923,860642308
20254,발달상권,녹두거리(대학동),분식전문점,639095071,63428,483936529,155158542,309615820,250071412,5968547,131049368,148400632,87535324,118897743,67835615
20254,골목상권,방이역 1번,세탁소,39264591,2249,29315807,9948784,17042948,22221643,0,1883630,4997508,9205115,10928277,12250061
20254,골목상권,굽은다리역 3번,서적,195505129,7338,86184808,109320321,66293099,129212030,0,2091933,4430079,14395258,60649490,113938369
20254,관광특구,잠실 관광특구,의약품,9774262366,231196,8729435085,1044827281,6139351565,3634910801,16428128,509556340,3054121776,1705382448,2408162236,2080611438
20254,관광특구,잠실 관광특구,세탁소,48084971,905,42636736,5448235,16550438,19523462,0,5425230,8613874,8606474,6844094,6584225
20254,관광특구,잠실 관광특구,일반교습학원,4983827,16,2325786,2658041,0,4983827,0,0,2658041,0,2325786,0
20254,관광특구,잠실 관광특구,여관,2762748943,81895,1863121460,899627483,1804548266,509901631,29384396,490543472,711148350,447119416,332761766,303492495
20254,골목상권,신길대성유니드아파트,조명용품,3819000000,18061,3523979873,295020127,473060901,0,0,0,0,314380207,61940159,96740536
20254,골목상권,천호공원(해공체육문화센터),일반의류,27053635,761,18519372,8534263,12900784,13415772,0,454806,2358131,1774188,7439925,14289506
20254,발달상권,신설동역,골프연습장,45925913,1412,29358668,16567245,29396642,13244099,0,3521117,3717417,10161592,12172499,13068116
20254,관광특구,잠실 관광특구,스포츠 강습,25317373,123,21002271,4315102,7035493,18281880,0,9051302,9605792,6660279,0,0
20254,발달상권,학동사거리,조명용품,2120901373,1728,669642076,1451259297,873257007,1247644366,0,464130239,638945808,1554140,558324208,457946978
20254,골목상권,마천역(마천초등학교),치과의원,1075883368,9063,1001155145,74728223,641659915,434223453,1172016,24340280,47001185,86030657,247069407,670269823
20254,전통시장,방학동도깨비시장,육류판매,6821677192,211973,4549142764,2272534428,2652759100,4163596278,3766956,99006881,360177362,1121416450,1878176579,3353811149
20254,관광특구,잠실 관광특구,미곡판매,357310270,9022,320184891,37125379,53688715,191652061,0,0,99573298,8254144,98200547,39312786
20254,전통시장,숭례문수입상가(남대문시장),문구,970689461,18546,892204626,78484835,449017904,509098965,8157963,3242705,29810128,42849215,127864970,746191888
20254,전통시장,통인시장,서적,4029604071,1779,4029604071,0,5654280,4023949791,0,1820787783,0,7941228,0,2200875060
20254,관광특구,잠실 관광특구,네일숍,450468,13,0,450468,0,450468,0,0,450468,0,0,0
20254,골목상권,송파나루역 1번(송리단길),노래방,284449947,24303,170434863,114015084,155145045,77812236,6628664,61953933,63253798,35499208,33847770,31773908
20254,발달상권,인사동,가방,61716682,471,55215284,6501398,0,61716682,0,0,17068032,6068966,22758621,15821063
20254,전통시장,새마을시장,슈퍼마켓,630268089,42558,545860883,84407206,312953648,278563271,4941127,29999939,62589687,91565206,193390113,209030843
20254,발달상권,내방역,예술학원,9880117,65,7274371,2605746,7491517,2388600,0,0,2605746,1737163,5537208,0
20254,골목상권,서서울호수공원,화장품,123535724,455,123535724,0,0,123535724,0,0,0,0,123535724,0
20254,전통시장,쌍문역동측상점가,피부관리실,79678723,892,49897557,29781166,51061325,25158221,0,0,11277358,17461163,26891254,20589772
20254,발달상권,남부터미널역,자전거 및 기타운송장비,449658852,901,111257658,338401194,443964789,5694063,0,93814720,33936115,249387855,65918317,6601845
20254,골목상권,까치산역 4번,일반의원,286875999,22194,155736233,131139766,180392893,106483106,0,22581160,37318455,58772812,58721469,109482103
20254,골목상권,은천초등학교(은천교앞),반찬가게,81922507,5605,60363953,21558554,46782063,35140444,0,0,11210448,17678014,16384501,36649544
20254,골목상권,가좌역 2번,호프-간이주점,11744566,276,5075798,6668768,9763672,1528119,34043,3049152,2375341,2984679,1685829,1162747
20254,발달상권,홍대입구역(홍대),호프-간이주점,22310355063,589143,12030213512,10280141551,12484488923,9113549415,870066097,12435726017,5533489661,1233018422,1257497282,268240855
20254,발달상권,서울시청,반찬가게,1137000000,52714,965609294,171390706,320704352,623986955,3004231,174510531,343010117,238723772,141394613,44048044
20254,발달상권,"신촌역(신촌역, 신촌로터리)",커피-음료,4863026857,639071,3244731926,1618294931,1719900825,3060795871,200241077,2302660614,976135406,472963614,580569503,248126486
20254,전통시장,동평화시장,한식음식점,396410690,20846,341010171,55400519,165146340,203008366,258015,15983718,55757770,74341490,104803769,117009945
20254,발달상권,"신촌역(신촌역, 신촌로터리)",일반의류,2306059548,29801,1580731586,725327962,495364978,1810694570,32096872,593694145,608554920,252676978,418473780,400562853
20254,전통시장,로데오거리상점가,PC방,5273935,1647,3210371,2063564,2753359,2520576,162990,2572908,1760869,547179,125152,104837
20254,골목상권,서강대역 1번,컴퓨터및주변장치판매,149176956,3860,110110195,39066761,47127733,94400207,0,2779031,25228019,86043816,13056398,14420677
20254,골목상권,난곡중학교,일반교습학원,26707338,60,26707338,0,26707338,0,0,0,0,26707338,0,0
20254,골목상권,방배아이파크아파트,스포츠 강습,103143938,111,103143938,0,0,103143938,0,0,94714251,8429687,0,0
20254,발달상권,종로6가,한식음식점,1463170254,43067,1328600817,134569437,726662722,304710133,4179573,54822670,176335095,187768344,274993773,333273403
20254,발달상권,압구정역,문구,706509683,32254,619132606,87377077,185036540,215423727,4174220,21609944,58275516,87193846,156977099,72229641
20254,골목상권,남천초등학교,치과의원,217182370,1476,178365035,38817335,180605198,36577172,0,539619,9876932,77237238,29516814,100011767
20254,전통시장,"황학시장(서울중앙시장, 신중앙시장)",커피-음료,58040428,17517,40278760,17761668,25015376,31816071,268259,13201655,19320762,9930261,9026216,5084294
20254,골목상권,등촌1동주민센터,호프-간이주점,9999947,601,7141339,2858608,8499087,1500860,215119,573778,711024,2455868,3164976,2879182
20254,관광특구,강남 마이스 관광특구,화초,755551967,6197,731348440,24203527,440593096,39558728,762307,17248240,28672534,11401267,8391428,413676049
20254,관광특구,강남 마이스 관광특구,핸드폰,1081234992,7281,1038171232,43063760,216515415,126978260,2162559,12614928,73663970,31551737,100955466,122545014
20254,전통시장,목2동시장,커피-음료,70593946,13662,45903734,24690212,34447564,34840209,392125,14463605,22495042,12741053,11800358,7395591
20254,관광특구,강남 마이스 관광특구,문구,1267844733,92088,1022127268,245717465,288256239,543257539,11133831,167591100,248353131,182797530,140300859,81337326
20254,발달상권,서래마을카페거리(서래마을),운동/경기용품,580558931,3567,316826141,263732790,424584852,126103800,0,16238287,37753588,137559340,137547438,221590002
20254,골목상권,오류2동버들시장,반찬가게,18448491,1183,9608787,8839704,6945145,10974605,0,90341,960236,3647867,3990195,9231111
20254,관광특구,강남 마이스 관광특구,의약품,3664278251,250183,2955970897,708307354,1575811877,1697810023,9536133,391690131,740007535,852672800,687167204,592548096
20254,발달상권,건대입구역(건대),핸드폰,88787643,1098,68137758,20649885,79649555,9138088,6174384,15847586,905576,10290640,55569457,0
20254,관광특구,강남 마이스 관광특구,일식음식점,805028992,8754,634595676,170433316,265180983,193400903,2657459,105670770,164483305,81350339,66825108,37594905
20254,골목상권,문성초등학교,슈퍼마켓,1221425665,85160,873758196,347667469,629076962,592348703,1445721,23492436,115854805,230074710,335969258,514588735
20254,골목상권,암사역 2번(서울강동초등학교),치킨전문점,102511439,3348,68667377,33844062,59429270,33901806,830368,4556317,11345993,23060233,29531520,24006644
20254,발달상권,청담사거리(청담동명품거리),일식음식점,3416495191,18685,2740737493,675757698,1520904759,590630561,9903546,162579175,606848038,729637714,398831022,203735835
20254,전통시장,고덕 골목형상점가,일반의류,237173874,5345,169909828,67264046,36180186,200993688,275457,5047255,15581225,34637285,48532453,133100199
20254,발달상권,노량진역(노량진),일반교습학원,9340524017,136784,7827332525,1513191492,4829494161,4510860103,61643735,862240195,417926351,1576459470,6089894531,332189983
20254,발달상권,북촌(안국역),운동/경기용품,41167542,274,37493724,3673818,30287752,6374877,0,708320,10520909,4127142,10832569,10473688
20254,관광특구,강남 마이스 관광특구,신발,6463762,24,4568902,1894860,6463762,0,0,0,3557038,1578652,1328072,0
20254,발달상권,구로디지털단지,미용실,664630296,11897,448407225,216223071,412897077,248300251,2360299,130832406,254011679,141030503,97245175,35717265
20254,발달상권,장충동족발거리(남소영길),여관,7016337,104,7016337,0,3740326,3276011,0,6500430,0,515907,0,0
20254,골목상권,이북5도청사,일반교습학원,21848439,80,19010411,2838028,5254134,16594305,0,0,7109002,9485303,5254134,0
20254,골목상권,이북5도청사,호프-간이주점,10408148,106,3171163,7236985,6705505,531480,0,0,265740,5474243,1222404,274598
20254,골목상권,강일동주민센터,의약품,572745820,52721,467725463,105020357,293866818,278879002,1461302,25574423,84788851,154297045,115881306,190742893
20254,전통시장,흑석시장,한식음식점,457932648,22071,381672776,76259872,248380024,142789364,2608010,69497930,47233785,73175016,97598520,101056123
20254,전통시장,목2동시장,시계및귀금속,23398582,43,23398582,0,197245,23201337,0,0,100294,43461,16716,23238111
20254,발달상권,구로역,당구장,18084207,1108,17814744,269463,10700715,567138,0,0,264599,1398874,6054659,3549719
20254,발달상권,종각역,노래방,731275096,59853,467237416,264037680,462230193,225221585,13841622,179254360,258518572,127190684,75137688,33508853
20254,골목상권,등촌3동주민센터,시계및귀금속,34237203,197,26981191,7256012,18879918,15357285,0,975615,231067,1454864,101505,31474152
20254,골목상권,독립문역 1번,커피-음료,60587754,7443,45257865,15329889,21466055,33718856,248897,3084571,6787210,12009473,16976339,16078420
20254,골목상권,세검정초등학교,예술학원,53742065,348,53742065,0,41929615,11812450,0,0,0,30886350,22855715,0
20254,골목상권,한영중고,제과점,82107536,6525,55625521,26482015,25432693,51008710,771917,5443722,11432509,21895313,21987774,14910167
20254,전통시장,송화벽화시장(송화골목시장),커피-음료,157987732,28530,109858800,48128932,62656782,94920243,7171221,24838412,24274330,42437235,40749623,18106206
20254,골목상권,문정역 1번,피부관리실,1329614,36,1329614,0,0,1329614,0,725244,0,0,604370,0
20254,발달상권,남부터미널역,한식음식점,6407059786,146171,5326508937,1080550849,2670063026,1200423583,8981758,264190002,706470588,793241432,988951743,1108651092
20254,전통시장,불광먹자골목 골목형상점가,호프-간이주점,1123650816,11471,703472199,420178617,862961862,182822430,1003825,11318904,50589356,167396350,299661148,515814710
20254,발달상권,서울대입구역,치과의원,4418379979,26955,3521250437,897129542,2232826251,2176634749,19026277,618367947,1059828517,704685479,1078838748,928714033
20254,발달상권,역삼역,청과상,111133134,8029,71518186,39614948,19341755,91791379,1092755,25679731,40104091,23384946,16500593,4371018
20254,발달상권,국회의사당역(국회의사당),스포츠클럽,162602642,764,155825747,6776895,94170195,68432447,0,48108192,36993982,45445985,19231403,12823080
20254,골목상권,송정역 3번,일반교습학원,38425319,162,37491521,933798,11368454,27056865,2427875,0,1867596,28458147,3044182,2627519
20254,골목상권,세검정초등학교,호프-간이주점,258192756,2753,186489221,71703535,163939947,37438237,1416336,11054918,15284032,34111048,103216083,36295768
20254,발달상권,한티역,치킨전문점,107426986,2553,79090836,28336150,60595350,27925490,1324368,7762121,11064485,25741224,32478373,10150270
20254,골목상권,세검정초등학교,한식음식점,111229503,2955,84375039,26854464,64960430,33912745,0,2781726,5811416,13231160,25455480,51593394
20254,전통시장,영동전통시장,피부관리실,46377771,331,33741318,12636453,11247105,35130666,0,5160437,9262322,11776381,12239497,7939134
20254,발달상권,양재화물트럭터미널앞,커피-음료,410133552,91646,344482550,65651002,213461848,144058607,330621,30265090,122331942,115857400,56785987,31949413
20254,발달상권,신당역,슈퍼마켓,1675923368,262626,1425593001,250330367,1039624159,538791670,34160341,293729295,557726762,319704584,235992269,137102578
20254,골목상권,대신고등학교,커피-음료,10877658,753,6351606,4526052,5531653,3434507,0,587889,1344237,1191247,1024507,4818280
20254,전통시장,서교시장,한식음식점,460549848,7498,274586347,185963501,206820068,192202155,14444001,170505630,107836122,59216378,41368777,5651314
20254,전통시장,"수유전통시장(수유시장, 수유골목시장)",섬유제품,198952335,2615,164081669,34870666,37670395,156685111,0,3189434,2526891,58598309,29128905,100911967
20254,골목상권,천동초등학교,한식음식점,163547709,13453,128411628,35136081,95739015,55203325,0,2601567,13931130,27767087,51294596,55347959
20254,발달상권,강서구청,화초,14484062,443,12311454,2172608,8581190,3958252,0,2446416,3314976,1992911,2462878,2322262
20254,전통시장,이대 앞 스타트업 상점가,네일숍,19659628,376,17019862,2639766,10254933,9404695,0,4108358,9756440,3309651,2345713,139466
20254,골목상권,대림역 5번,중식음식점,607436841,19348,357487903,249948938,351005795,231331060,2876617,52110144,174275742,160112545,129334436,63627371
20254,골목상권,사직공원(한국사회과학도서관),한식음식점,39000000,332,32965406,6034594,14780564,10301853,0,568220,4566596,7492628,6650267,5804705
20254,골목상권,남구로역 5번,한식음식점,906980190,23765,567704700,339275490,547087358,315945916,1673306,39614309,152303949,179448509,218551526,271441673
20254,발달상권,노원역,일반의원,29326100507,333449,24484081442,4842019065,9614631082,19711469425,52242587,2791873936,5825665093,6711449396,8058017033,5886852462
20254,전통시장,쌍문역동측상점가,슈퍼마켓,1138918780,67482,818160603,320758177,422593764,696703785,817019,34792526,106480704,151554607,327999090,497653603
20254,골목상권,신한은행 신월동지점,자동차수리,9725768,59,7260979,2464789,8861502,0,0,0,176056,469484,645540,7570422
20254,골목상권,배화여자대학교(박노수미술관),커피-음료,2059375263,142387,1290956905,768418358,615020046,1407068965,20310599,627108921,654471356,324383643,290296669,105517824
20254,골목상권,배화여자대학교(박노수미술관),서적,6765221,409,4025559,2739662,1402290,5362931,148496,2048429,2007691,961572,1151390,447643
20254,골목상권,남구로역 2번,컴퓨터및주변장치판매,1711675,214,1711675,0,0,1711675,0,0,0,0,1711675,0
20254,골목상권,충정로역 6번,슈퍼마켓,480670030,42361,382459775,98210255,337649369,143020661,893487,15529473,47940150,106421592,119593469,190291859
20254,발달상권,청량리역(청량리),슈퍼마켓,17551275817,845439,10227932686,7323343131,8049738797,9491769406,54199438,1223230328,3400595766,3994399726,4018684662,4850398285
20254,발달상권,신사역,일반교습학원,74775962,190,64583791,10192171,10055677,64720285,0,21403559,620,17836299,30576512,4958972
20254,골목상권,삼전역 4번,편의점,1090036225,156971,784090693,305945532,713766777,376269448,6026283,177917074,388685424,235629551,169341260,112436633
20254,골목상권,배화여자대학교(박노수미술관),일식음식점,228911628,8033,168306822,60604806,92840543,122008772,4423168,59148574,78433425,35597253,29026865,8220031
20254,골목상권,명일역 1번,슈퍼마켓,320879120,32158,230193993,90685127,218713379,102165741,2284293,4154084,44061108,58803913,118561778,93013944
20254,골목상권,중앙대학교,의약품,2809008058,91557,2603510531,205497527,1466544888,1342463170,5014763,203911705,285646598,455141331,689581779,1169711882
20254,골목상권,배화여자대학교(박노수미술관),한식음식점,1039167165,24957,700383048,338784117,439760823,417461676,1130401,91274812,205294454,167284164,210257486,181981182
20254,발달상권,디지털단지오거리,핸드폰,139079081,2712,139079081,0,139079081,0,0,0,0,78019972,61059109,0
20254,골목상권,자하문터널,양식음식점,207728799,5625,105827162,101901637,65544340,124460246,1694980,42618674,59997025,23937180,35604510,26152216
20254,골목상권,흑리단길,반찬가게,119407924,6827,101927370,17480554,38970776,77542336,0,1233273,11939839,30803322,38722345,33814332
20254,골목상권,당곡중학교,인테리어,1195425,18,1195425,0,1195425,0,0,0,0,0,0,1195425
20254,골목상권,방이동고분군(방산고등학교),일반의원,5197103835,57842,4362901858,834201977,2093096999,2900671849,1468314,309646165,662376057,1390984834,1548530642,1080762835
20254,발달상권,삼호가든사거리,화장품,71077947,511,68893010,2184937,24945531,46132416,0,0,2353937,15888418,34769591,18066001
20254,발달상권,망원역,편의점,1361446283,144821,943918323,417527960,553524214,807922069,20531311,407828041,404213996,221867617,188902674,118102644
20254,발달상권,금호역,화장품,66264590,3579,51814573,14450017,18555255,47709335,0,3756653,8020023,3476305,10220799,40790810
20254,발달상권,교대입구교차로,슈퍼마켓,292502433,52523,240982396,51520037,173742846,92420070,4228083,58648327,73754713,61432037,47583879,20515878
20254,골목상권,영등포푸르지오아파트,슈퍼마켓,176600295,15927,123530687,53069608,101689103,74850290,108680,6289622,13235475,32439027,51054762,73411827
20254,발달상권,건대입구역(건대),의약품,3918625288,246027,3342630688,575994600,1786287083,2122776722,28689284,663563675,678019240,621380606,757038013,1160372987
20254,전통시장,망원월드컵시장,분식전문점,94177361,2326,70081671,24095690,58015620,32492038,0,3312920,34193052,31250048,14917918,6833719
20254,골목상권,평창동서측,육류판매,303382166,3688,223050010,80332156,132152957,151460105,0,505739,16098705,30646649,40285248,196076720
20254,골목상권,송파책박물관,한식음식점,214848592,5638,166341342,48507250,133462736,42921264,0,22728801,46783575,34199270,56174463,16497891
20254,골목상권,마천역(마천초등학교),호프-간이주점,426982186,11047,280344129,146638057,255161944,140699782,1664349,32347294,62706380,135860182,92005508,71278016
20254,골목상권,평창동서측,예술학원,6000000,25,5999993,7,2074213,3654479,0,644412,584627,3167155,867037,465460
20254,골목상권,홍은종합사회복지관,일반교습학원,524188029,2083,494270302,29917727,143942186,370663742,0,0,9314978,386656416,76156034,42478498
20254,발달상권,석촌고분역,의약품,3591408793,132551,3232472304,358936489,2588731211,978020085,6915604,149339969,381014035,964625828,1159030601,918426545
20254,발달상권,신림역(신림),패스트푸드점,952264876,89566,654615086,297649790,507267972,428605091,15605141,262497327,340924072,146718253,110643644,59484625
20254,발달상권,교대입구교차로,당구장,64532315,3735,48475012,16057303,59639422,2583058,42974,578163,813998,17011089,10102456,33673801
20254,골목상권,성곡미술관,스포츠 강습,52845277,260,38551490,14293787,3443029,33752116,0,3443029,2243185,21179844,5164543,5164543
20254,골목상권,굽은다리역 3번,반찬가게,41853705,666,39111872,2741833,9153318,30921901,0,0,0,10877125,16078372,13119722
20254,골목상권,성곡미술관,일식음식점,180493181,6467,134434034,46059147,61440062,88473194,5617622,46635956,42434444,29699831,18368286,7157117
20254,전통시장,새마을시장,섬유제품,66298834,346,29461588,36837246,24035029,42263805,0,316290,6438762,12124451,23056791,24362540
20254,발달상권,용산전자상가(용산역),치킨전문점,54155726,1008,49547548,4608178,30149839,7091862,631312,1948703,10064811,11951057,10956080,1689741
20254,골목상권,경복고등학교,한식음식점,461170977,10909,344398539,116772438,195206185,105078845,732070,8064567,45111098,54831343,90728425,100817535
20254,전통시장,노룬산시장(노룬산골목시장),미용실,28151940,922,11563993,16587947,17420313,10731627,0,0,0,14536746,3299752,10315442
20254,발달상권,방배동카페골목,스포츠 강습,552321380,1326,552321380,0,141531254,410790126,0,12523920,36435625,312294944,143125627,47941264
20254,발달상권,오목교역,의약품,2068813647,147241,1583435200,485378447,1086180387,982633260,2979311,83255682,290457230,633711344,470081565,588328515
20254,발달상권,사당역(사당),제과점,984451883,88699,686009876,298442007,369712799,546658965,6327909,164453148,220710674,151868596,187301527,185709910
20254,발달상권,노량진역(노량진),커피-음료,1807049490,346385,1234682868,572366622,860923523,895337467,33669502,602712858,492083385,200901095,276162921,150731233
20254,전통시장,세운상가가동,가전제품수리,15558345,42,15558345,0,15558345,0,0,0,0,0,0,15558345
20254,골목상권,천호역 6번,철물점,3249785601,16403,2830197146,419588455,1148593507,1644328033,0,115633368,344001766,306645648,838394074,1188246687
20254,골목상권,흑리단길,육류판매,145482841,3350,95862225,49620616,82030880,63451961,402610,4763707,10245811,6978063,58803506,64289144
20254,골목상권,홍대입구역 3번,화장품,6284071,259,5315984,968087,1919189,4364882,93412,823723,0,768525,2212162,2386249
20254,골목상권,신한은행 신월동지점,스포츠클럽,24756984,128,21749465,3007519,19261314,5495670,0,3007519,4487945,5525545,11735975,0
20254,골목상권,신월4동주민센터,화장품,282723357,1110,245826685,36896672,52775151,229948206,0,0,93123311,40020288,103429445,46150313
20254,골목상권,삼전역 1번,육류판매,42534444,429,20558169,21976275,16199732,10371642,0,907327,798218,1746781,16482239,6636808
20254,골목상권,언주중학교,미용실,27658645,548,23540546,4118099,5068523,22590122,0,583261,4574451,13118262,6087624,3295047
20254,골목상권,개포고등학교,세탁소,18719474,742,14354203,4365271,12978794,5740680,0,1154401,11308916,2886003,0,3370154
20254,발달상권,등나무근린공원,치킨전문점,239209301,8200,159221879,79987422,154616852,84592449,4920971,47997537,42695334,58072355,56670739,28852365
20254,발달상권,사당역(사당),안경,653243690,10227,511691577,141552113,242442846,410800844,10188677,200675530,141010675,108835523,109124015,83409270
20254,발달상권,수유역,화초,172126324,5081,142426183,29700141,58931212,61671491,2035929,39438876,29067033,14942230,19526590,15592048
20254,골목상권,중앙고등학교,일반의류,46178643,140,35049026,11129617,14528048,31529165,0,11991814,5492284,11618452,16512532,442131
20254,발달상권,회기역,노래방,189805135,5660,115933119,73872016,160919615,18869075,1023439,18403798,19674466,35003568,63327534,42355884
20254,발달상권,영동대교남단교차로,양식음식점,262006128,5685,158226390,103779738,90997711,120725026,0,10724390,57427220,69737188,41177225,32656716
20254,전통시장,강남개포시장,슈퍼마켓,654995237,40106,441875520,213119717,234492303,361904153,550184,13773124,35203510,93383228,165611300,287875108
20254,전통시장,성내전통시장,수산물판매,186175480,9791,127061007,59114473,62083821,124091659,0,1945998,10776921,23742632,36770756,112939173
20254,발달상권,종로4가,커피-음료,517010898,53061,420884125,96126773,177983336,171823138,1642841,43515295,89026531,59329777,66936369,89355663
20254,골목상권,노량진역 6번,화장품,174869,9,174869,0,174869,0,0,0,0,0,0,174869
20254,발달상권,석촌고분역,일반의원,4731504464,126683,3985604495,745899969,2237612313,2493892151,10245053,430520467,954298524,1027159057,1157654817,1151626546
20254,전통시장,노량진중앙시장,노래방,57129979,8609,33407973,23722006,42051472,15078507,1233972,19042344,23800978,7048705,4028790,1975190
20254,골목상권,서울국제고등학교,편의점,190041827,35329,137993610,52048217,123391342,66650485,4666253,59003282,59663329,23476302,34203131,9029530
20254,발달상권,서교동(홍대),화장품,958339253,158655,550558423,407780830,265411012,692928241,65429851,520053434,224542451,82396556,58307624,7609337
20254,골목상권,서울국제고등학교,한식음식점,829631792,57557,698721388,130910404,439818981,319838363,27959928,260603932,64982676,83783925,228184177,94142712
20254,전통시장,가리봉시장,중식음식점,16744548,331,10823803,5920745,9138120,7606428,34388,1019109,2159477,4294601,6455489,2781484
20254,골목상권,우장산역 1번,커피-음료,208733472,21382,143504951,65228521,74956087,131856456,2599031,45048601,60748142,45697940,38022885,14695944
20254,발달상권,영등포구청역,일반의원,712843598,18352,625984348,86859250,250386173,462457425,2608732,122071435,224696929,165601852,108773105,89091545
20254,발달상권,개롱역,핸드폰,80125978,2368,17760779,62365199,68285459,11840519,0,0,0,0,14800649,65325329
20254,전통시장,증산종합시장,일반교습학원,33000000,127,31007378,1992622,9915920,23084080,0,0,247788,26457129,5459307,835776
20254,골목상권,성균관대학교,치킨전문점,55083219,827,33188810,21894409,29111495,15365470,334704,5268018,4866773,6644429,17613388,9749651
20254,골목상권,성균관대학교,커피-음료,271354806,35410,166675778,104679028,94226609,165948032,10301197,101064438,52020598,39475284,42978434,14334690
20254,골목상권,강서구청가양동별관,커피-음료,77986087,19988,54535285,23450802,38387168,39598919,231440,7603074,26441529,19028116,15036260,9645668
20254,발달상권,신용산역(용산역),호프-간이주점,895638340,12749,631354743,264283597,483884313,260964290,2697202,207830088,287734276,123257009,80960146,42369886
20254,골목상권,영락고등학교,노래방,4793936,59,2729547,2064389,3191525,902047,0,0,141571,630328,631826,2689847
20254,발달상권,서교동(홍대),양식음식점,180566875,9822,138370244,42196631,66936722,72950887,1961753,31252273,50080650,29431556,19388832,7772546
20254,발달상권,양재화물트럭터미널앞,양식음식점,89877518,7827,84765048,5112470,52099941,24736702,123912,7217680,25890427,23115581,12929163,7559881
20254,전통시장,강남개포시장,패스트푸드점,229169734,13230,163695078,65474656,88985033,69284351,3168554,21664130,34626250,42891811,32387995,23530643
20254,골목상권,경신고등학교,한식음식점,127929212,4400,124927304,3001908,62914904,26148306,295302,6354784,9180405,11501902,23977661,37753158
20254,발달상권,구로디지털단지,당구장,4288070,348,4182003,106067,3807821,235705,0,141423,416609,665868,2507315,312310
20254,골목상권,언주역 6번,패스트푸드점,20425970,440,13193342,7232628,5536631,3778357,0,909646,2757379,2034113,2555514,1058338
20254,전통시장,강남시장(강남구 강남시장),반찬가게,70079513,4158,54242335,15837178,23161872,44937993,0,1979647,26131344,0,10888059,29100814
20254,골목상권,선유도역 6번,편의점,318608279,51866,274445437,44162842,215835507,70858663,1433589,37211378,96027025,73416423,61808516,16797238
20254,전통시장,상도도깨비 골목형상점가,미용실,11531060,521,9104170,2426890,3368094,8162966,0,621360,559497,760923,2488308,7100972
20254,발달상권,양재역,의약품,6162926882,351365,5401279490,761647392,3135146502,2981296491,12284063,381465452,1045798920,1289089092,1395016803,1992788664
20254,골목상권,구로119안전센터,미용실,1662693,90,997616,665077,1390616,272077,0,0,131000,251923,997616,282154
20254,골목상권,혜화동주민센터,커피-음료,131536342,20966,94385069,37151273,41733443,73241657,1225807,18462223,23338942,20627423,37465203,13855502
20254,발달상권,교육개발원입구사거리,전자상거래업,249143713,7905,136890249,112253464,203521179,45622534,15128734,109428238,95699206,14991970,11389296,2506269
20254,골목상권,혜화동주민센터,서적,13649630,404,9602092,4047538,6957979,6691651,268734,284604,4225766,2833105,1827512,4209909
20254,발달상권,태릉입구역,네일숍,1277778,17,1277778,0,0,555556,0,0,555556,0,0,0
20254,골목상권,혜화동주민센터,세탁소,29534721,803,28910591,624130,3192325,16044251,0,557259,2300318,2708317,3722489,9948193
20254,발달상권,구의사거리,치킨전문점,21433939,955,15841993,5591946,12971267,7196685,367665,2224948,2064431,2620611,6197481,6692817
20254,골목상권,대흥동주민센터,미용실,67326757,1051,51013016,16313741,22353087,44973670,0,27227664,14403842,2686688,20583523,2425040
20254,골목상권,방배노인종합복지관(이수중학교),컴퓨터및주변장치판매,208147321,919,118207120,89940201,120042635,0,0,0,89940201,0,0,30102435
20254,발달상권,방배역,분식전문점,586575554,50486,487427477,99148077,262925335,237376402,9622722,64152925,108607857,110617832,126961582,80338820
20254,골목상권,혜화역 1번,호프-간이주점,18344954,312,9730726,8614228,3423121,14549539,0,1732009,6737850,4280134,2869339,2353328
20254,골목상권,문정초등학교,화초,63356445,1263,47467422,15889023,20858093,22147591,0,4613481,15041004,5813900,4848227,12689070
20254,발달상권,당산역,피부관리실,185756240,1141,150900042,34856198,71336931,113781243,0,37670574,65090023,22618124,43261418,16478036
20254,골목상권,혜화역 1번,커피-음료,145630444,17465,82671759,62958685,41377776,98827932,5135390,35133801,42183645,28569265,22059584,7124026
20254,발달상권,성수역,의약품,4351236908,329730,3924928985,426307923,1959959980,2369786343,12867692,578951113,1033422413,757741173,759347720,1187416211
20254,발달상권,양재천카페거리,커피-음료,438786537,15984,265384845,173401692,198226031,181467894,75330,39871347,95359019,92570436,76475290,75342507
20254,전통시장,정릉골 골목형상점가,예술학원,7334107,40,7334107,0,7334107,0,0,0,0,7334107,0,0
20254,골목상권,이화달팽이길,호프-간이주점,26451910,627,18383491,8068419,19031673,4416028,0,1352040,3631835,2920950,6981715,8561159
20254,골목상권,이화달팽이길,미용실,17660565,783,11692631,5967934,7576429,10084136,0,1311435,1759857,1916503,6075299,6597471
20254,발달상권,삼각지역,슈퍼마켓,50115273,7251,33145788,16969485,33639640,13565120,275880,7675175,14632854,10452510,7175194,6993146
20254,골목상권,이화달팽이길,제과점,14253921,2068,12154586,2099335,4943177,6299557,106729,1272967,2766128,2162024,2405531,2529356
20254,골목상권,명지대학교,호프-간이주점,712439562,18005,508314170,204125392,463171574,241422276,31440502,175869750,105641713,126653347,130238098,134750440
20254,골목상권,이화달팽이길,일반의류,914083392,2109,514463969,399619423,679477870,234605522,0,131759974,444192705,71694966,87996761,178438986
20254,골목상권,이화달팽이길,슈퍼마켓,208480496,21696,156329443,52151053,118757475,62322883,602398,12368144,28594180,28148455,54680129,56687055
20254,발달상권,등나무근린공원,반찬가게,3077455847,224651,1880338129,1197117718,1165071008,1912384839,5859211,35929816,142152500,607250657,1172640970,1113622693
20254,골목상권,서울대입구역 8번,미용실,104845680,2372,74401591,30444089,54545540,50300140,184110,31920455,37329656,7786071,15163958,12461430
20254,골목상권,굽은다리역 1번(십자성마을),자동차수리,645090949,3534,580654625,64436324,396322888,151678249,0,5780891,111113867,146790217,145529465,138786696
20254,골목상권,신성초등학교,스포츠클럽,12317932,95,12216131,101801,7431480,4886452,0,6413469,1730619,2545028,1221612,407204
20254,발달상권,공덕역(공덕오거리),의료기기,140000000,100,96049740,43950260,54347612,85652388,0,0,7448181,36503452,96048367,0
20254,전통시장,남구로시장,일반의원,1653701663,70128,1500507325,153194338,672529593,962014239,1481825,31413053,86991097,136273875,403728133,974655848
20254,발달상권,삼호가든사거리,일반의원,7822084679,162831,6582166859,1239917820,3068629427,4753455252,21769105,221524412,741621367,2618368118,2083497448,2135304229
20254,발달상권,학동역,슈퍼마켓,352033178,44190,265717398,86315780,188865110,155653661,6609193,69567406,125447164,82057053,41991232,18846723
20254,골목상권,동대문역 1번,한식음식점,476582837,10206,323898452,152684385,290582124,163709992,3163977,40304141,74625229,64503346,146355936,125339487
20254,전통시장,"남부골목시장(남부화곡시장, 남부시장)",수산물판매,934930342,55567,606266423,328663919,283508783,647982150,0,12267747,44618221,131955621,272291660,470357686
20254,발달상권,성신여대,화장품,124391179,2440,65096908,59294271,46382893,77495930,2103627,22635035,37162961,34356664,23048540,4571995
20254,골목상권,동대문역 3번,한식음식점,1413931622,28710,959312741,454618881,999144352,414787270,74778379,693250414,161574490,75044317,107112419,302171603
20254,전통시장,마장축산물시장,자동차수리,4659465,57,4659465,0,2380749,1813904,0,0,0,1813904,0,2380749
20254,전통시장,서울중앙시장(신중앙시장),가구,4296476145,12715,3667914495,628561650,890342202,2737015833,0,328855055,58166606,477059214,807390386,1955886774
20254,골목상권,창신역 1번,미용실,64663104,2178,34962620,29700484,28769037,35894067,828309,9745063,10169179,23843809,12551377,7525367
20254,발달상권,강변역(테크노마트),분식전문점,1237021301,104739,795559686,441461615,636923415,586011516,23088337,199039493,234081545,270951702,244214589,251559264
20254,전통시장,전곡시장,한식음식점,414532547,16529,299510914,115021633,248846791,140908174,1486568,16798313,47136927,66223852,123581320,134527983
20254,골목상권,연희초등학교,한식음식점,33243531,1646,31483778,1759753,18813388,14430143,165143,18798481,4767540,2953850,5006042,1552475
20254,골목상권,창신역 4번,호프-간이주점,13629667,261,7594556,6035111,9016601,4613066,0,1504484,2133070,3737167,4259272,1995674
20254,발달상권,명동(명동거리),제과점,1158452500,105762,884199381,274253119,323146678,593814722,12461917,207021977,216871589,199292788,166548081,114765048
20254,발달상권,한성대입구역,미용실,339537464,7799,223960126,115577338,141694756,197842708,3490611,49195748,70064720,73444324,82269917,61072144
20254,골목상권,신정역 1번,편의점,477279921,63179,332414923,144864998,361955850,115324071,587046,63478327,110675374,148195012,102189795,52154367
20254,발달상권,국회의사당역(국회의사당),치킨전문점,734668242,10953,625140867,109527375,344483921,150823046,1747894,40963720,118270322,170639317,120996391,42689326
20254,골목상권,동묘앞역 2번,핸드폰,559693774,10664,286148484,273545290,392471094,145531481,0,43597474,197155052,117455105,85498940,94296005
20254,발달상권,가로수길,가전제품,32719034,169,32719034,0,5464934,4939894,0,0,4460019,1055726,2625201,2263883
20254,발달상권,장승배기역,스포츠클럽,44719133,143,35450881,9268252,17780183,26938950,0,8102654,20610961,2317264,12203474,1484780
20254,발달상권,서초역,의료기기,17513044,1168,14229348,3283696,6567391,10945653,0,0,3283695,4378262,5472827,4378260
20254,골목상권,모래내우체국,커피-음료,115861218,30107,76047837,39813381,65675562,50185656,792014,14862024,26303987,34055445,27465141,12382607
20254,발달상권,건대입구역(건대),화장품,947296520,9776,713115046,234181474,195362020,748562826,1528843,276956512,247907849,177858372,87724784,151948484
20254,골목상권,동묘앞역 2번,호프-간이주점,95387296,1989,58978661,36408635,73000037,22207777,392301,5596665,10410726,12401975,49518576,16887571
20254,전통시장,방이시장,슈퍼마켓,844339381,70663,586868767,257470614,403926468,424404538,816929,30317555,119873217,157148055,180602924,339572327
20254,골목상권,대림한신아파트,자동차수리,133667760,891,124548828,9118932,59612638,65597688,0,2499809,53422059,22188493,33624992,13474971
20254,전통시장,"평화시장(남평화시장, 제일평화시장, 신평화패션타운)",슈퍼마켓,301602956,31742,273391126,28211830,179724387,70843109,102309,7399055,50099489,70270135,43652892,79043617
20254,발달상권,구로역,호프-간이주점,744354810,9772,546200583,198154227,458196845,118497466,2996809,62943097,110587345,126491980,193371387,80303691
20254,발달상권,구로전화국,신발,28504707,286,19175075,9329632,6754670,21750037,0,0,225155,654998,7835417,19789137
20254,골목상권,문정초등학교,스포츠클럽,8086503,22,8001262,85241,6773796,1312707,0,0,85241,0,0,8001262
20254,골목상권,성남고등학교,미용실,81635148,3541,56501706,25133442,44232596,37402552,579726,6156270,9219389,24972537,21144333,19562893
20254,골목상권,신설동역 12번,한식음식점,223366684,8831,172543799,50822885,111169246,94755587,360332,16927119,64470199,26850607,52652272,44664301
20254,전통시장,방이시장,제과점,414769811,41197,296721808,118048003,161875008,192568534,1553230,24837907,77230447,71501732,82405395,96914834
20254,골목상권,신설동역 12번,일반의류,55824811,1085,53720957,2103854,4755348,51069463,0,0,0,1837366,2854228,51133217
20254,골목상권,신설동역 12번,미용실,11687520,568,7109203,4578317,5665515,6022005,0,365678,1245626,501117,6501809,3073290
20254,발달상권,노원역,문구,456716161,26673,354401139,102315022,155850904,197714783,28525037,30074835,37528918,69165447,131533518,56737930
20254,발달상권,월드컵경기장역(월드컵경기장),일식음식점,87604830,5256,52136430,35468400,41947311,31845644,1702527,12550329,16215880,22512443,13983057,6828718
20254,골목상권,도곡초등학교,화장품,31421078,226,20403658,11017420,11859554,19561524,0,1852693,690549,1178987,10610614,17088235
20254,골목상권,홍제역 2번,미용실,58347358,1507,43658445,14688913,24149094,34198264,0,4196242,9403953,6407982,11153615,27185566
20254,발달상권,사당역(사당),호프-간이주점,6996881715,104111,4550075149,2446806566,4216832919,2083028832,26212459,1549163529,2204494319,867489910,894112378,758389159
20254,골목상권,경향신문사,일식음식점,316542494,12613,255788508,60753986,122650885,123737648,1755375,28269090,75791678,65667293,48931944,25973154
20254,발달상권,방이동먹자골목,문구,89727653,3804,88128960,1598693,15254350,10297782,0,4210460,4091563,5043191,4513252,7693667
20254,골목상권,등촌3동주민센터,부동산중개업,80283297,1490,27437083,52846214,42437154,37846143,6285179,22825744,363825,3700869,43303403,3804277
20254,발달상권,도곡1동,한의원,200559948,5312,178570438,21989510,84339815,116220133,0,5610573,25712791,59047355,37560157,72629072
20254,발달상권,청담사거리(청담동명품거리),치과의원,611018072,3839,564967351,46050721,240857192,369279338,0,15299693,95651686,137162438,93621540,268401174
20254,골목상권,서원동주민센터(신관중학교),한식음식점,406667961,8899,291925875,114742086,248254654,95221614,135122,46385848,93614452,78233323,61469962,63637560
20254,골목상권,중구회현체육센터(정화예술대남산캠퍼스),한식음식점,454795728,14931,428246869,26548859,187408813,127167869,306721,21774335,55878018,87950609,74183266,74483733
20254,발달상권,독산동,육류판매,5156219137,5275,2734661441,2421557696,27757425,5128461712,0,0,11102970,2384640321,1902771435,857704411
20254,골목상권,상도역 5번,조명용품,8104975660,91125,7854588891,250386769,6886384123,900669287,0,51625901,443253239,1262480389,3437705405,2591988476
20254,골목상권,남산케이블카,양식음식점,1714912068,43157,944519356,770392712,940706466,619855825,5102474,142553482,394159555,409901644,306311121,302534018
20254,골목상권,서강대역 1번,미용실,39257884,742,24659318,14598566,24295885,14961999,0,5879814,8133045,8029339,12385644,4830042
20254,발달상권,오목교역,중식음식점,676741590,22233,451403456,225338134,353270273,226343876,7228826,47510418,100697265,180331190,157113514,86732935
20254,골목상권,양지어린이공원,예술학원,116862758,583,107340237,9522521,50241092,66621666,0,15765765,4792793,73763319,7501442,15039439
20254,골목상권,남산케이블카,문구,30379577,1375,30379577,0,3354935,6119282,897357,2585064,853326,1452104,3350155,336210
20254,전통시장,동대문문구완구거리(동대문문구완구시장),문구,29380107373,1191200,20829040868,8551066505,6996856213,11685044139,107123442,974215284,4057285628,4919234697,5420423818,3203617484
20254,발달상권,독산동,철물점,22976598,1635,20217463,2759135,6797059,2387890,0,123589,1381421,2048059,4955814,676065
20254,전통시장,목사랑시장(목4동시장),분식전문점,19317305,1868,12273459,7043846,8827981,10112083,76148,591626,1598518,5557211,5036584,6079978
20254,발달상권,강남구청역,육류판매,234700049,3849,182092695,52607354,121980447,99772468,0,2466954,6826438,78250274,66521751,67687498
20254,발달상권,석촌역(석촌호수),편의점,1355309473,209321,988055999,367253474,782374125,506550067,12147736,251446339,452866568,251397448,198464159,122601945
20254,발달상권,광화문역,의약품,101855979,11077,98297378,3558601,49911775,49241415,223442,11579739,23431670,20447899,18174369,25296072
20254,골목상권,서울여자간호대학교,여관,7649419,28,7649419,0,641012,7008407,0,335768,0,0,641012,6672639
20254,전통시장,인왕시장(홍제골목형상점가),가방,83422,5,83422,0,83422,0,0,0,0,0,0,83422
20254,골목상권,충무초등학교,문구,584381375,2022,584381375,0,103492892,21173075,0,11382618,5589765,0,11840683,95852901
20254,전통시장,숭인시장,호프-간이주점,125915036,2797,81020377,44894659,86610918,37185140,0,3968318,13678914,32070017,44300049,29778759
20254,골목상권,충무초등학교,제과점,254618,68,211237,43381,0,254618,0,222555,9430,0,22633,0
20254,발달상권,거여역,분식전문점,187675231,19971,133180964,54494267,87866346,98240700,1071666,15197732,36649800,46536444,52144642,34506763
20254,골목상권,개봉1동주민센터,편의점,72000000,9537,48430228,23569772,46550895,25449105,829454,6860609,19779203,20243014,17295934,6991786
20254,발달상권,약수역,자동차미용,45415796,91,45415796,0,43209361,2206435,0,0,0,0,0,45415796
20254,전통시장,공릉동 도깨비시장,분식전문점,302464036,31834,181789565,120674471,133375954,164295179,524749,19221023,39295515,63108867,105429465,70091512
20254,발달상권,불광역,여관,334263395,9840,208071434,126191961,249888064,73891532,9296580,37510206,61860864,62960897,92204953,59946101
20254,골목상권,남가좌파출소,한식음식점,1971897012,58791,1297661068,674235944,1073098992,705997351,5869044,97283955,234618198,510944706,488954156,441426288
20254,골목상권,동대문역사문화공원역 5번,일반의류,166421523,576,67120084,99301439,78221571,68243192,0,0,116839198,16069079,0,13556486
20254,골목상권,낙성대역 1번(관악구민 종합체육센터),세탁소,195001694,17433,142863375,52138319,95934619,97839458,589114,32265469,62927911,24758597,39809354,33423633
20254,골목상권,동대문역사문화공원역 5번,한식음식점,2525122597,82844,2090859990,434262607,1184794338,728355141,9746231,329294858,463192617,353743583,384264405,372907786
20254,골목상권,동대문역사문화공원역 5번,분식전문점,79979680,7091,68281722,11697958,34842844,33764293,944229,12901389,17793544,15770392,14855844,6341740
20254,발달상권,태릉입구역,치킨전문점,70581760,1658,57423514,13158246,38125986,30065617,394643,11503084,13637517,14237172,19355256,9063930
20254,발달상권,여의도역(여의도),분식전문점,2324841260,159600,2100047626,224793634,805637131,655145795,3848593,180014696,437488639,396018197,303227689,140185114
20254,골목상권,국제신학대학원대학교(남서울중학교),애완동물,189307381,4567,143098971,46208410,72195124,117112257,0,26075963,53916765,22406005,42725993,44182655
20254,골목상권,굽은다리역 4번,분식전문점,64153302,4612,52236977,11916325,31120381,25859783,0,4142264,12628528,15198492,11332036,13678843
20254,발달상권,왕십리역(왕십리),제과점,78575090,6853,57007868,21567222,20940885,48636487,2078975,27998349,16367223,9717734,10395184,3019908
20254,골목상권,장충동주민센터,일반의류,7293123128,16663,7094391692,198731436,1228275104,2535859324,0,3599704,619328145,1709232742,639029354,792944483
20254,발달상권,경찰병원역,의료기기,4076705,144,3894973,181732,2350255,1557397,0,0,67621,619156,800886,2419989
20254,골목상권,방배동사이길,일반의류,207103966,904,161817403,45286563,70941218,133811967,0,2748361,31557084,28057229,75540708,66849802
20254,발달상권,상수역(홍대),부동산중개업,603087597,43235,410453024,192634573,326633000,172373860,757410,44497829,206078598,151860676,54849097,40963249
20254,전통시장,뚝섬역상점가,양식음식점,136932439,4180,113972883,22959556,35445902,50383499,307934,14654856,33140224,14318741,12140062,11267582
20254,골목상권,장충단 고개,커피-음료,47050012,9706,35862903,11187109,19742285,23254044,78253,7782806,15431103,9102430,7097037,3504699
20254,골목상권,방이역 1번,커피-음료,25574361,5082,19951890,5622471,11963265,10173775,93539,4112731,5551979,4469723,4265576,3643493
20254,골목상권,상일여고(상일초등학교),일반의원,866850057,36397,763121952,103728105,489300221,377549836,1205786,31326636,76667871,167384132,203660637,386604995
20254,발달상권,영등포역(영등포),애완동물,231280634,3143,121207337,110073297,97568657,133711977,0,40053890,67315519,77010681,39555057,7345487
20254,골목상권,장충단 고개,슈퍼마켓,551841802,73156,399176181,152665621,344032444,206055195,1416796,69205967,155110060,111585343,145214382,67555091
20254,골목상권,장충단 고개,운동/경기용품,64839758,485,55950957,8888801,61122623,3717135,24727027,8166922,2639704,0,7003297,22302808
20254,발달상권,창동역,육류판매,51934130,1669,39441606,12492524,20041935,31892195,236706,2268262,5875331,7074962,15673574,20805295
20254,발달상권,영등포역(영등포),가방,4656701208,31986,2756641727,1900059481,1367658903,3289042305,25620151,867520297,1667926719,629835284,927008669,538790088
20254,전통시장,유진상가,일반의류,60566098,2024,50518595,10047503,11232648,47749762,0,1447344,1657104,6298044,13235856,36344062
20254,발달상권,성수역,치킨전문점,465676779,8770,385329815,80346964,235518086,118825390,3099779,59713751,104198902,57339098,81177594,48814349
20254,골목상권,남성역 1번,일반교습학원,507958362,1558,433831501,74126861,170971971,309015036,12072,0,11285449,264352066,204337420,0
20254,발달상권,선릉역,미용실,708449388,7250,448624988,259824400,314369092,385407294,7664977,78602894,139347171,181254552,194348891,98557903
20254,골목상권,장충초등학교,슈퍼마켓,174531808,13323,141282789,33249019,127368560,32860046,19086,4184849,12182353,16892624,94359315,32590379
20254,발달상권,"숙대입구역(남영역, 남영동)",커피-음료,768716360,78616,505857572,262858788,282428694,389746788,9067311,205863814,233346813,112548975,77936666,33411902
20254,골목상권,백산초등학교,미용실,22973048,658,16373754,6599294,5946536,17026512,0,0,995235,2091886,8626357,11259570
20254,골목상권,장충초등학교,의약품,6873985456,75387,6527576498,346408958,3971343937,2902641519,2077894,59967031,1169327876,1418142691,1926874022,2297595942
20254,골목상권,장충초등학교,피부관리실,8100969,58,6299575,1801394,3279594,4821375,0,1372237,0,1536481,4450501,741750
20254,발달상권,국회의사당역(국회의사당),핸드폰,190730608,250,180645165,10085443,33339879,88662029,0,28399010,49928,0,64145416,29407554
20254,발달상권,한티역,의약품,4881431268,288371,3726514666,1154916602,2300672573,2540880673,21731600,259397688,528198852,1730644214,1343483429,958097463
20254,전통시장,마천중앙시장,한의원,23613340,1067,19809320,3804020,10082592,13530748,0,866440,609836,4958118,7424908,9754038
20254,발달상권,금호역,호프-간이주점,384592798,6427,221711781,162881017,235582596,119543519,0,72557705,127789210,59975791,44963948,49839461
20254,골목상권,암사역 1번,제과점,8234577,1177,7082474,1152103,6176750,2057827,184693,249483,1401151,1056973,709610,4632667
20254,골목상권,대방역 3번,스포츠 강습,114000000,438,114000000,0,43032874,70967126,0,7589919,42893636,41937677,16336089,5242679
20254,골목상권,청구역 1번,제과점,102843487,9493,77207921,25635566,40630185,55778400,727243,9524019,17926986,15791460,27683672,24755204
20254,골목상권,덕의초등학교,일반의원,149720720,14613,120992112,28728608,56393071,89766930,2402158,6299112,5930658,25142094,23878804,82507176
20254,골목상권,청구역 1번,일반의류,2227873951,11162,1834671529,393202422,1416237703,501573845,0,233726085,1428732805,113159783,136082005,6110869
20254,발달상권,선릉역,노래방,869739571,40966,653001668,216737903,530284160,162887166,12818634,103855238,235537664,153060128,139034163,48865501
20254,발달상권,성수역,자동차수리,1415948169,2598,1378652273,37295896,752455516,203545973,0,10058531,45669117,304402001,301820712,294051128
20254,골목상권,청계산입구역 2번(내곡동주민센터),한식음식점,1601226142,36991,987343139,613883003,728223038,569221451,348105,40001461,154493346,239537325,326690094,536374159
20254,발달상권,방이동먹자골목,커피-음료,2058435537,229799,1344713946,713721591,942613608,970111405,37757437,540869010,617808275,304490328,256149595,155650367
20254,발달상권,광화문역,양식음식점,7889036833,136482,6037046019,1851990814,2509024001,3106803623,17523394,764620214,1737712293,1482005859,1057388242,556577618
20254,골목상권,청구역 3번,미용실,144643485,3535,90457529,54185956,71844670,69919805,858957,19683054,32229852,38907567,30298381,19786664
20254,골목상권,관악구 중앙길,스포츠 강습,26471257,58,26471257,0,244092,26227165,0,8884938,7188013,7225114,3173192,0
20254,골목상권,청구역 3번,스포츠 강습,94285250,341,88567793,5717457,30089236,59216614,0,16575869,62226385,9239552,1264045,0
20254,발달상권,신대방삼거리역,의약품,7060213236,302637,5721800811,1338412425,3458464881,3601748355,7034302,705216761,1747010085,1523886714,1649926488,1427138886
20254,발달상권,경희대학교(경희대),제과점,603853161,53861,465125109,138728052,190033385,365202715,12455402,166855141,102354899,101481503,118232338,53856818
20254,골목상권,명지대학교,일반의류,84546311,2243,60589378,23956933,18035902,66510409,170605,1173824,16245577,15810101,22205673,28940531
20254,골목상권,굽은다리역 2번,호프-간이주점,38569139,986,31125632,7443507,18397498,17271302,0,1782423,5405157,9719528,11898962,6862729
20254,골목상권,청구역 3번,편의점,297696577,44546,226204816,71491761,194999285,84294948,455189,56480081,74386666,73351275,55960241,18660780
20254,골목상권,화원중학교,슈퍼마켓,720000000,32555,482236913,237763087,298574900,421425100,440157,27443531,104134486,133848470,183679921,270453435
20254,골목상권,강남구보훈회관,화초,67237555,927,49962959,17274596,13762912,31393130,251318,4226656,5729738,13692205,18026682,3229442
20254,발달상권,영등포구청역,문구,150516070,11981,138042615,12473455,35077916,41909323,1533419,9252727,12168419,7796253,16427916,29808506
20254,골목상권,한영중고,자동차수리,1157723124,5416,1059220096,98503028,712732023,211299964,0,14419902,140707857,177875848,256291084,334737295
20254,골목상권,황학동벼룩시장,조명용품,106829777,577,106829777,0,84537757,13002474,0,0,37562704,0,3972979,56004548
20254,전통시장,쌍문시장(쌍문역골목시장),의료기기,12041982,389,10354399,1687583,5544300,6324928,0,0,248333,1317244,1927279,8376372
20254,골목상권,우장산역 1번,중식음식점,22544386,1526,19138660,3405726,8387296,14157090,2054589,2303756,1980797,11492456,4481026,231762
20254,골목상권,경문고등학교(동작동성당),미용실,11358137,393,8819903,2538234,1999544,9358593,0,0,228258,771514,3191052,7167313
20254,발달상권,연신내역,커피-음료,509752903,93644,330125543,179627360,226362567,260049314,5650685,79831719,118412331,98816073,98424353,85276717
20254,골목상권,신당역 3번,미용실,63878422,1593,53733565,10144857,23663635,39707635,0,797324,3952448,11981626,14867076,31772797
20254,골목상권,서울축산농협 독산역지점(독산파출소),미용실,44948392,2046,29762153,15186239,20373972,24574420,0,1346298,5833956,7054600,14324607,16388931
20254,전통시장,신사상가,일반교습학원,116716844,359,111129018,5587826,78352277,38364567,0,0,0,80189322,35459261,1068261
20254,골목상권,신당역 3번,일반의원,1432177314,42593,1257527098,174650216,662248715,764930278,865674,119100468,347319546,300563115,254169838,405160352
20254,전통시장,이촌종합시장,커피-음료,22510503,1671,19740531,2769972,6375490,16135013,0,1140991,2303500,3448917,6580229,9036866
20254,골목상권,신당역 3번,스포츠 강습,132650809,350,132650809,0,38318046,94332763,0,0,0,116935957,0,15714852
20254,골목상권,신당역 3번,화초,13326362,334,9903943,3422419,5478777,4105450,217988,741161,2891981,1562251,3255294,915551
20254,골목상권,신당역 3번,슈퍼마켓,608896640,53749,455299402,153597238,458465294,136590201,1271528,9983557,73318846,135693237,151520224,223268102
20254,골목상권,신당역 3번,가구,288375055,639,184062215,104312840,99238687,189136368,0,0,6550257,0,57348549,224476249
20254,골목상권,황학코아루아파트,세탁소,31234954,1519,31234954,0,14079255,15997509,0,6225276,9953201,1085804,9663653,3148831
20254,전통시장,공릉동 도깨비시장,반찬가게,5042052618,329534,3051809417,1990243201,1720743233,3139131276,4703942,94059379,372581798,679137302,1360586824,2348805265
20254,골목상권,금강수목원아파트,골프연습장,565495331,12465,379816302,185679029,369619379,128421800,234382,9977187,52100309,84694231,163181352,187853717
20254,전통시장,이촌종합시장,호프-간이주점,781889261,14603,556968308,224920953,404459373,217988194,10481560,81832821,135968421,136694022,167938370,89532375
20254,골목상권,방이역 1번,예술학원,33095699,115,16173192,16922507,1972562,31123137,0,0,2284020,14742307,16069372,0
20254,골목상권,언주역 6번,세탁소,44556147,1084,37116105,7440042,13976811,25341797,0,13740924,10739583,4948423,9251556,638122
20254,발달상권,강남역,골프연습장,848704730,11671,574072364,274632366,540893002,202176393,127660,25946868,95694527,201494099,349482937,68149246
20254,골목상권,영신초등학교,제과점,200039038,18641,138762209,61276829,87905559,97315663,302640,13874903,39659359,44411718,44581437,42391166
20254,발달상권,고덕역,피부관리실,59351159,192,47471751,11879408,12422693,46928466,0,0,8683293,27425250,11648413,11594203
20254,골목상권,독산동성당,일반의류,205004305,1694,137545214,67459091,36672954,168331351,0,242696,7991916,7513203,44405416,144851074
20254,골목상권,대흥역 2번,육류판매,590741079,16396,444493408,146247671,178505596,354517288,488723,7110922,14292707,84597698,163844416,262688417
20254,발달상권,학동사거리,시계및귀금속,590260142,1446,364467354,225792788,229921864,360338278,3756181,109498694,199169119,51237729,130640630,95957789
20254,발달상권,동묘앞역(동묘),일반의류,2352551235,28609,1756274518,596276717,663355640,1114500222,21203412,134964229,221360630,393174881,326526413,680626297
20254,발달상권,미아사거리역,편의점,2640656669,211644,1780741646,859915023,1215900624,1421746727,54933371,584342797,641643774,540231473,542418567,274077370
20254,전통시장,뚝섬역상점가,예술학원,60491979,341,52491979,8000000,45080166,15411813,0,21779430,6212887,32499662,0,0
20254,발달상권,북창동(시청역_6번),피부관리실,22019327,96,19905360,2113967,7761090,14258237,0,2202049,5814101,8234829,2773561,2994787
20254,골목상권,성심여자고등학교,의약품,32765098,4262,26728360,6036738,18239343,14525755,0,1684312,12081430,7403689,4865039,6730628
20254,골목상권,성심여자고등학교,일반의류,3569328,72,3569328,0,0,3569328,1784664,0,0,0,1784664,0
20254,전통시장,서울약령시장,미용실,39292902,1190,26607893,12685009,17719112,21573790,0,450082,9487725,7453354,10546997,11354744
20254,골목상권,성심여자고등학교,한식음식점,519513609,15380,435568829,83944780,270405253,107991083,470049,22018164,55847917,92172817,109715609,98171781
20254,발달상권,노량진역(노량진),화초,80986683,2497,52555118,28431565,31679223,37638533,166461,24133539,23251295,4948889,12143341,4674229
20254,골목상권,문래중학교,부동산중개업,221532353,2822,183434433,38097920,11523446,208362700,0,4938619,91482044,121348932,2116551,0
20254,발달상권,포이사거리(삼호물산),일반의류,1303286624,13907,1094944133,208342491,185774845,1117511779,0,85607555,138684991,299359262,510631521,269003295
20254,골목상권,새남터성지,예술학원,2160970,15,2160970,0,2160970,0,0,0,0,2160970,0,0
20254,골목상권,새남터성지,한식음식점,39452793,1169,35888764,3564029,15454716,11441926,0,1542758,2913874,4212627,9922389,8304994
20254,발달상권,목동신시가지,일반의류,641807856,1752,550832530,90975326,40481441,601326415,0,0,53896648,26198687,406845027,154867494
20254,골목상권,명지대학교,치킨전문점,278044017,10227,183802121,94241896,163239127,109284700,4228959,42753438,31508421,50737606,92344968,50950434
20254,발달상권,압구정로데오역(압구정로데오),당구장,12813466,572,9807747,3005719,7617497,4122397,558165,1099475,1177850,4854086,1772662,2277655
20254,골목상권,새남터성지,슈퍼마켓,115097998,7449,75257443,39840555,54253848,53843614,227592,4639684,15862640,15023780,20899918,51443849
20254,발달상권,인사동,일식음식점,706971388,2639,557711468,149259920,206140119,142515389,0,7175808,36121182,67018396,78952837,159387285
20254,골목상권,시흥동 은행나무사거리,커피-음료,55368722,10101,36408934,18959788,25348209,30020513,315212,6204388,14152446,9998591,12968692,11729393
20254,골목상권,효창공원앞역 6번,컴퓨터및주변장치판매,1008000000,3373,774466061,233533939,491107180,344512203,89756839,292265897,102244125,155751812,191170849,4429861
20254,골목상권,효창공원앞역 6번,일반의류,68750550,6454,38149052,30601498,26587870,37308496,0,6291093,20816708,11725915,9434801,15627848
20254,발달상권,서울남부지방법원,일반의류,74618881,510,66433444,8185437,5900491,68492015,0,301833,336694,6260208,33553139,33940634
20254,발달상권,북촌(안국역),가방,130350653,1448,77965605,52385048,22653659,107696994,0,6812892,10057311,28151717,44610321,40718412
20254,골목상권,효창공원앞역 6번,자동차수리,96525457,831,69894454,26631003,71781672,18082147,0,4478412,4969387,34749775,28281175,17385070
20254,발달상권,대림역,PC방,544483842,71941,345411917,199071925,441723723,102760119,52424247,194114716,189864802,63418643,39369869,5291565
20254,전통시장,비단길현대시장(현대시장),호프-간이주점,122982003,3175,75129464,47852539,93934746,29047257,0,480247,4236513,6646025,34930151,76689067
20254,발달상권,강서구청,여관,851635978,15248,572303588,279332390,455888893,318364704,6322987,120774866,147099205,144033347,275489689,80533502
20254,골목상권,효창공원앞역 6번,편의점,318844403,46028,222647824,96196579,228633520,87751829,2425521,48936778,97824632,76060768,58488457,32649194
20254,발달상권,사당역 11번(사당역먹자골목),서적,548652133,10009,227703801,320948332,304728447,217572620,34065026,193248851,148224829,67986938,67423755,11351668
20254,발달상권,보라매공원,미용실,480142753,5914,318154385,161988368,166755346,312388608,2077753,21857670,106107957,156001259,139099273,54000040
20254,발달상권,고속터미널(고속터미널역),호프-간이주점,1362645604,28084,1046735597,315910007,691491729,524018318,10243839,189245020,300375284,296195640,274942913,144507350
20254,골목상권,둔촌2동주민센터,분식전문점,3126918,195,1892902,1234016,1485287,1488077,78173,374114,898989,510916,675638,435534
20254,골목상권,송정역 3번,편의점,644735998,89839,463635829,181100169,409044509,235691489,8738167,83719380,185571810,165476458,121556580,79673603
20254,골목상권,푸른들청소년도서관,애완동물,7357276,198,5162339,2194937,1535513,5821763,0,329712,452175,989134,3504362,2081893
20254,발달상권,신대방삼거리역,예술학원,109442701,465,101328655,8114046,48666505,56850046,0,11463814,9422893,77069644,7560200,0
20254,전통시장,남성사계시장(남성시장),일식음식점,509194533,16736,343524026,165670507,293562905,213648764,14640478,100708015,152605319,107081980,90514255,41661623
20254,발달상권,도곡1동,미용실,76069244,2235,58319689,17749555,36043541,33717215,82514,4781292,11844898,13421986,23368440,16261628
20254,발달상권,용산전자상가(용산역),양식음식점,156123470,9184,153102782,3020688,84848125,44770505,0,18460021,53542655,32651079,15168046,9796831
20254,발달상권,오목교역,가구,275761115,79,275761115,0,236366670,39394445,0,0,0,0,39394445,236366670
20254,골목상권,길동주민센터(강동도서관),화장품,896861751,42583,689544602,207317149,251050671,645811080,492013,3834222,9695296,45683955,142841491,694314774
20254,골목상권,한강로동땡땡거리(은행나무길),커피-음료,530262410,43765,366657845,163604565,154099194,246553115,1588525,119442333,156512804,52912036,50643947,19552666
20254,골목상권,신방화역 2번,미용실,124679291,3473,83914800,40764491,44002723,80501273,215298,1168073,4147154,23456425,26914220,68602826
20254,전통시장,둔촌역전통시장,일반교습학원,16048660,82,16048660,0,16048660,0,0,0,0,16048660,0,0
20254,골목상권,한강로동땡땡거리(은행나무길),일식음식점,33000000,337,23967291,9032709,8691936,9233746,91978,4508426,7053126,2236547,2161723,1873882
20254,발달상권,한강성심병원,호프-간이주점,25727265,266,15592228,10135037,17242938,4101273,0,7510869,4318062,1849145,6880282,785855
20254,골목상권,한강로동땡땡거리(은행나무길),호프-간이주점,86587267,2711,76693118,9894149,21890904,24477263,40032,2805440,10863751,13301643,11722332,7634966
20254,골목상권,화곡2동주민센터,호프-간이주점,180702776,4656,124402885,56299891,124931646,54763795,163543,4148935,22179794,44447024,65140236,43615908
20254,골목상권,문성초등학교,섬유제품,43337474,1198,32056619,11280855,11665173,31672301,0,0,3255397,926883,20820977,18334217
20254,발달상권,방배동카페골목,육류판매,121871263,3336,80181526,41689737,48669073,61582803,0,3619108,10999206,35967169,34574450,25091944
20254,발달상권,상수역(홍대),화장품,88283048,110,70472520,17810528,88283048,0,0,0,0,0,88283048,0
20254,발달상권,경복아파트교차로,양식음식점,37483952,2227,37483952,0,11327248,7334215,0,3635380,9214413,2687800,660953,2462916
20254,골목상권,한강로동땡땡거리(은행나무길),양식음식점,607908324,9982,381599469,226308855,171386077,323424878,999201,173313422,212326418,49715148,36100465,22356303
20254,발달상권,명동역(명동재미로),화초,178728094,3596,155272074,23456020,51333760,79121191,489208,11645193,50067886,21852928,15438564,30961173
20254,발달상권,구로구청,화장품,96582031,715,81601854,14980177,24188482,72393549,0,12549386,34632712,4421587,32997218,11981128
20254,골목상권,독산동정훈단지,노래방,60904740,638,28929975,31974765,52371121,6164101,46719,1665498,6649256,7032163,16170961,26970626
20254,골목상권,효창공원앞역 5번,커피-음료,31425275,3368,18526393,12898882,7083430,20550584,110854,13016251,10355485,1320382,1782206,1048834
20254,발달상권,명동역(명동재미로),문구,117614333,361,117614333,0,190102,344084,0,19010,106457,351689,57031,0
20254,골목상권,효창공원앞역 5번,철물점,1217865395,3344,1114035691,103829704,156875537,386588403,0,0,136324960,137758693,17882795,251497493
20254,발달상권,신림역(신림),네일숍,55842328,691,39346615,16495713,8075304,47767024,0,8061962,26009475,3899603,15164957,2706331
20254,골목상권,개봉1동주민센터,화초,107876620,3324,91090132,16786488,21643492,30420184,0,1278159,0,4857004,16019592,29908920
20254,발달상권,교대입구교차로,미용실,114920841,2434,80687653,34233188,41848909,71268635,215281,1142307,19039339,11391860,21957255,59371505
20254,발달상권,사가정역,피부관리실,100369949,1136,60655707,39714242,60721208,39648741,0,19967105,10672213,33527534,32014658,4188439
20254,발달상권,화곡역,안경,469745941,6041,324139109,145606832,174840534,294905407,4687692,85849842,107044543,99247184,95896276,77020404
20254,골목상권,방화역 1번,편의점,474063372,67558,336476061,137587311,342210243,131853129,4812762,45449444,107730653,122848140,116128197,77094176
20254,골목상권,보인중학교,의약품,23619038,230,23438236,180802,1198649,22232633,0,0,1547760,675450,1247676,19960396
20254,발달상권,강변역(테크노마트),의약품,843207507,69580,594840008,248367499,445127862,398079645,6344595,118161746,115873739,144314523,215547720,242965184
20254,발달상권,서대문역,피부관리실,17743491,27,17743491,0,4435873,13307618,0,0,8871745,4435873,4435873,0
20254,골목상권,효창공원앞역 2번,스포츠 강습,72474717,181,63953543,8521174,3959276,68515441,0,33765043,31913972,1072066,5723636,0
20254,전통시장,남성사계시장(남성시장),중식음식점,139368249,8063,92234070,47134179,76429758,60983880,4020154,28806353,25312401,24424864,29005690,25844176
20254,발달상권,이태원(이태원역),호프-간이주점,15467834496,408822,6900058477,8567776019,10695979445,4239026207,84643422,4744595881,5713189692,2312986390,1271863299,807726964
20254,골목상권,구로보건소,컴퓨터및주변장치판매,568036334,216,568036334,0,535761542,32274792,0,0,0,32274792,535761542,0
20254,골목상권,"신림역 5번(신림동주민센터, 신림동별빛거리)",치킨전문점,28807469,1451,21518265,7289204,20437188,7924883,668674,5215526,10801721,3358527,5592957,2724666
20254,발달상권,건대입구역(건대),가전제품,68773639,180,8913261,59860378,50510487,18263152,0,0,24165176,0,15447645,29160818
20254,골목상권,효창공원앞역 2번,제과점,436416482,25047,280229322,156187160,116331160,274338239,1776210,61038859,118258371,93493054,76881485,39221421
20254,골목상권,"신림역 5번(신림동주민센터, 신림동별빛거리)",PC방,96866489,21748,68484451,28382038,85036395,11830094,0,54440376,38977791,2155202,352669,940451
20254,전통시장,목동깨비시장(목3동시장),노래방,147184965,4066,101620209,45564756,117552780,16562550,174308,42630562,26616418,10469034,22350939,31874069
20254,골목상권,문래예술촌(문래창작촌),일식음식점,72000000,1135,43754426,28245574,32617079,37386086,397795,31871730,28309618,4956865,3560908,906250
20254,전통시장,"동원전통종합시장(동원시장, 동원전통시장 상점가)",제과점,403587258,35702,296623457,106963801,148753021,206352251,1208997,21856176,53109822,59729058,93829146,125372074
20254,골목상권,논현초등학교,조명용품,7642610,514,6717064,925546,4917391,1936791,0,111408,1739684,2757785,274236,1971069
20254,골목상권,효창공원앞역 2번,커피-음료,152118126,18646,109238146,42879980,37410366,111809731,1490497,35929650,51376283,29217015,19177595,12029057
20254,전통시장,무학봉상점가,철물점,12171197,46,2419064,9752133,9941212,24380,0,0,0,20317,46860,9898415
20254,발달상권,여의도역(여의도),화장품,1857885301,38668,1390793141,467092160,657692709,933203833,9225778,281325966,486300590,402301984,256573719,155168503
20254,발달상권,노량진역(노량진),수산물판매,1148993825259,13299388,702979967421,446013857838,593622758684,368756136564,1118585864,101894366341,205599236387,163868180468,191816788897,298081737292
20254,골목상권,신중초등학교,커피-음료,22191768,3297,21053813,1137955,10163040,10375767,0,4208672,4059591,8457363,2530625,1282558
20254,골목상권,서울역 15번,반찬가게,1851935,490,1188034,663901,943439,908496,0,0,1607340,244595,0,0
20254,골목상권,서울역 15번,여관,7268457,99,7268457,0,7268457,0,0,1955257,0,2238629,2238628,835943
20254,골목상권,대림한신아파트,가전제품수리,2574181,180,0,2574181,0,2574181,0,0,2574181,0,0,0
20254,골목상권,서울역 15번,분식전문점,148250692,12046,122394386,25856306,78155531,47846881,312306,12959117,34790199,39314303,24118152,14508333
20254,발달상권,상봉역,일식음식점,2565945735,43190,1591846656,974099079,1291357762,1159631808,41609053,524438460,538114021,460063626,513919932,372844479
20254,발달상권,코엑스,편의점,975234246,191568,802358718,172875528,494427575,306990904,7938444,165604671,276603717,186700418,118397901,46173328
20254,발달상권,둔촌역,노래방,242480049,34449,155040538,87439511,155481900,81041611,16873313,60108201,55658957,46140409,30433493,27309137
20254,전통시장,창동골목시장,미용실,26661407,935,16434230,10227177,9413648,17247759,305627,158083,1484270,4952903,9688022,10072502
20254,전통시장,영등포전통시장,인테리어,122717393,848,117371897,5345496,11503430,99915921,0,0,0,0,10926783,100492568
20254,골목상권,고척초등학교,슈퍼마켓,810428,98,623406,187022,748087,62341,0,187022,311703,124681,0,187022
20254,발달상권,개롱역,분식전문점,504140647,48785,357109754,147030893,257007814,221100324,5367307,28485354,89818606,125377716,123424092,105635064
20254,발달상권,한강성심병원,반찬가게,327628696,30691,327628696,0,75055655,245738336,0,29451568,124446166,77955554,50704244,38236458
20254,골목상권,배문고등학교,치킨전문점,8814190,465,6160234,2653956,3895692,3816808,326261,2064030,1187528,1247978,1922521,964181
20254,골목상권,배문고등학교,미용실,23270946,838,15735266,7535680,8668192,14602754,74055,1964571,3463417,4447097,6694509,6627297
20254,골목상권,배문고등학교,세탁소,19676744,759,13268977,6407767,8622389,11054355,2653,1208032,2488626,4383709,8330193,3263531
20254,골목상권,배문고등학교,슈퍼마켓,24835144,5222,17617565,7217579,17801167,7033977,991254,587555,3181794,3241247,8572801,8260493
20254,골목상권,대청초등학교,안경,295678499,2189,195574004,100104495,155504004,134733610,632138,21690886,34684547,82631952,80273158,70324934
20254,발달상권,도산공원교차로,화장품,1849619686,3490,1594056113,255563573,408620283,1267004801,714623,24794595,444634729,586565743,477605814,141309579
20254,골목상권,배문고등학교,육류판매,73179884,1785,58898520,14281364,48222489,24957395,0,4192167,6946867,32284715,11972623,17783512
20254,전통시장,강북종합전통시장(강북종합골목시장),호프-간이주점,1061463780,12615,650621424,410842356,804855136,252527159,8953992,57077567,96930525,141843111,255724170,496852930
20254,발달상권,원남동사거리,전자상거래업,134546350,1007,93221831,41324519,0,134546350,0,134546350,0,0,0,0
20254,발달상권,서울남부지방법원,일반의원,712251075,30723,547355730,164895345,282089797,430161278,623552,35183114,166928092,222261878,156214025,131040414
20254,골목상권,남영역 1번,분식전문점,290942981,24038,240881899,50061082,156571349,96818982,2411135,42579556,60481337,64299685,48866933,34751687
20254,발달상권,등나무근린공원,스포츠클럽,777092392,2312,651462961,125629431,276591148,488973364,3982572,143587356,110975354,160777772,240650603,105590854
20254,전통시장,"수유전통시장(수유시장, 수유골목시장)",한식음식점,2246619771,108367,1411375539,835244232,1189674755,973028932,3258769,72848169,187606545,363115895,596828167,939046142
20254,발달상권,방배역,핸드폰,46130396,1111,44755889,1374507,44040499,2089897,0,0,0,43325110,2447591,357695
20254,골목상권,대림역 2번,청과상,13776386,622,8204455,5571931,9088677,4687709,0,695980,716450,1744043,5797183,4822730
20254,골목상권,남영역 1번,컴퓨터및주변장치판매,387000000,1636,269777470,117222530,131101197,225452080,0,23031559,55535791,141254512,20136039,116595377
20254,골목상권,남영역 1번,중식음식점,216939022,6329,176612583,40326439,124482343,56456491,501570,22858472,50852636,36144611,45866639,24714908
20254,골목상권,대흥역 3번,일식음식점,146652167,1883,114004530,32647637,45482676,58275714,0,22516050,39762658,29566158,9049697,2863828
20254,발달상권,"숙대입구역(남영역, 남영동)",중식음식점,145818658,9122,122761866,23056792,68667438,70159847,2339555,35174429,41818746,25599134,23210896,10684526
20254,골목상권,남영역 1번,편의점,1024726729,170555,715748356,308978373,586397675,438329054,27616562,263460506,393845395,159818259,128922163,51063844
20254,골목상권,마포경찰서,한식음식점,158874769,6352,125875469,32999300,76858462,54083748,178951,11184411,33528019,34862828,27041874,24146128
20254,골목상권,남영역 1번,호프-간이주점,53308065,1662,50591224,2716841,30443396,17471642,473772,8473855,18586760,13102027,5191057,2087566
20254,골목상권,숙대입구,서적,46742330,528,45705664,1036666,2506265,19741670,1184093,8534217,986956,762628,10652582,127459
20254,발달상권,서촌(경복궁역),미용실,214503808,5461,155378398,59125410,74560602,138512031,1638505,8246143,20100731,50764081,83350179,48972994
20254,골목상권,방배초등학교,양식음식점,102191594,10391,73753554,28438040,41283851,48500533,1927037,16128299,17677032,24114804,22248891,7688324
20254,전통시장,쌍문역동측상점가,일반의류,40790273,794,35831594,4958679,4167836,36418388,28340,617247,2275499,4383260,9861152,23420726
20254,발달상권,회기역,호프-간이주점,836079095,18903,528953548,307125547,558575834,257397570,6781321,201600327,234884383,156918432,158937658,56851285
20254,전통시장,대명여울빛거리시장(대명시장),일반교습학원,3904054,12,2465718,1438336,2671195,1232859,0,0,0,3904054,0,0
20254,발달상권,신사역,반찬가게,31019364,8804,23202813,7816551,13937468,17081896,0,4674150,14957282,5778950,3824306,1784676
20254,골목상권,대림성모병원,피부관리실,5141028,76,2789890,2351138,4406595,0,0,52459,1945769,1263796,286143,858428
20254,전통시장,암사종합시장,한식음식점,1501575226,62650,1023092977,478482249,798050211,624014362,1317154,93284427,268763188,328748624,341828697,388122482
20254,전통시장,무학봉상점가,한식음식점,897394422,36864,635989384,261405038,407254328,369836266,2970870,86192697,188822024,115975953,200122350,183006702
20254,전통시장,비단길현대시장(현대시장),청과상,3127438878,181192,2215113601,912325277,1114956961,1937728842,226675,49399138,246186179,426391193,910780538,1419702079
20254,골목상권,숙대입구,일반의류,133067919,2062,114009760,19058159,6959144,126108775,2646461,31945754,12074014,11258448,23142211,52001031
20254,골목상권,숙대입구,화초,187576420,4845,143597574,43978846,47096103,98813842,3267336,62252936,27381002,31293553,15447389,6267726
20254,골목상권,숙대입구,안경,275287773,5415,200971504,74316269,76441559,198846214,11339896,104448749,49494132,31943470,46307697,31753829
20254,골목상권,청룡동주민센터,치과의원,557149774,4546,509033200,48116574,384677622,172472152,0,78412910,9071307,41435901,40568165,387661491
20254,골목상권,숙대입구,제과점,549504983,52148,431501467,118003516,106676904,408649886,39933468,265600652,98982578,44310024,49893204,16606860
20254,발달상권,디지털단지오거리,호프-간이주점,219729865,3831,124967821,94762044,183948822,35781043,0,5309863,8137021,28968415,108827477,68487089
20254,골목상권,푸른들청소년도서관,호프-간이주점,605477767,12425,418201032,187276735,366324658,177770210,558462,35799413,56781266,116320868,212253660,122381193
20254,골목상권,숙대입구,피부관리실,7537513,28,7537513,0,0,7537513,0,0,746961,0,0,6790552
20254,발달상권,내방역,핸드폰,5912313,696,5912313,0,3477831,2434482,0,0,2434482,0,0,3477831
20254,발달상권,서울시흥동우체국(홈플러스시흥점),스포츠클럽,16383487,75,12952122,3431365,10135330,6248157,0,2509506,6453014,2458291,3328937,1633739
20254,발달상권,양재화물트럭터미널앞,슈퍼마켓,286541304,40714,269416407,17124897,243149973,27085415,23897,21971407,65404447,120470052,43507814,18857774
20254,골목상권,둔촌동역 1번(한산중학교),일반의류,1129632466,3945,958411434,171221032,187358593,937868408,0,17632845,177097883,85180462,403151328,442164482
20254,골목상권,숙대입구,양식음식점,1092553608,54833,892066813,200486795,174179522,716379200,55550696,447696932,134845113,103659646,116154147,32652194
20254,전통시장,망원월드컵시장,미용실,49826567,1080,28098242,21728325,26607596,23218971,0,2986490,12937447,3412943,25128530,5361157
20254,발달상권,북촌(안국역),치킨전문점,190118649,3099,148262363,41856286,72178355,63517927,321193,11599816,33614666,31742664,29784178,28633767
20254,발달상권,을지로입구역,의약품,3188072581,287941,3126502479,61570102,1767221972,1406915572,2127935,351511571,920676623,787934509,689187811,422699096
20254,발달상권,동대문역사문화공원역,당구장,25103761,1113,21852826,3250935,18203582,6900179,1152714,3829239,9137198,4730293,1399828,4854489
20254,전통시장,인헌시장(원당종합시장),호프-간이주점,598237779,11094,382840386,215397393,372193772,205355794,1170393,117920285,210893541,134149157,80406521,33009671
20254,발달상권,서교동(홍대),미용실,472673794,6662,267358207,205315587,223728822,246466185,4122790,86589983,140712363,129077801,71821833,37870236
20254,발달상권,영중로,의약품,524443200,50524,388456440,135986760,305010818,219432382,1177568,47006104,127165465,174993139,87635226,86465698
20254,발달상권,방배동카페골목,일식음식점,346916048,10955,269343961,77572087,172764086,122593031,3055084,30630091,61770293,67634643,74422038,57844965
20254,골목상권,열정도,한식음식점,1823727694,35322,1405147954,418579740,839470160,620631861,8288742,237114094,425453260,357871950,271759989,159613983
20254,골목상권,인헌고등학교(인헌중학교),세탁소,109094604,15492,66609153,42485451,48173706,59727382,655147,28985866,38156661,13194419,17930191,8978805
20254,골목상권,삼각지역 3번,한식음식점,167895752,1831,110341749,57554003,71936503,59386487,1857166,41143650,46434745,21499816,12265539,8122072
20254,골목상권,푸른들청소년도서관,일반교습학원,877361083,3144,837012291,40348792,441368023,435993060,0,0,54950507,686399015,136011561,0
20254,발달상권,아차산역,피부관리실,11996707,180,10426412,1570295,2480821,9086244,0,1083731,2515767,6742417,1225149,0
20254,골목상권,서울역 12번,분식전문점,57413434,3952,45964136,11449298,29526122,10344408,331864,5359264,10775865,7740959,9768796,5893780
20254,골목상권,신곡초등학교,일반교습학원,494584775,1545,470205575,24379200,177035534,317549241,0,0,42213648,239830315,212540812,0
20254,발달상권,양재역,치과의원,2678945069,14950,2191103731,487841338,1464916120,1214028949,2621825,95833802,378360852,758136192,575015939,868976459
20254,골목상권,난향초등학교,슈퍼마켓,339195755,34483,242337611,96858144,238374390,95250573,1006430,17075863,44169809,58979445,128142210,84251205
20254,골목상권,양재역 8번(양재동우체국),치킨전문점,138392626,4097,118190433,20202193,79946681,25024218,251095,4269732,15807777,44638721,21264895,18738683
20254,발달상권,연희동,중식음식점,1729395474,24603,1078433856,650961618,812063207,599660731,2447707,162304421,373439775,311179838,304101235,258250960
20254,발달상권,개봉동 현대아파트,당구장,47055895,3171,23172026,23883869,38699921,8015655,419487,603157,2975392,2640552,12639113,27437875
20254,골목상권,서울역 12번,한식음식점,5616073708,116834,5090560657,525513051,1766510073,976774964,2946887,305603948,862130562,693860984,539174298,339568359
20254,골목상권,세곡초등학교,미용실,129370081,4820,78830967,50539114,46290790,81064788,366152,4463770,17101646,20634569,47131293,37658148
20254,발달상권,"총신대입구역(이수, 총신대)",일식음식점,1286279906,34870,917472720,368807186,713150564,411155639,11157028,210001667,293070923,223909763,179427126,206739694
20254,발달상권,방배동가구거리(사당동가구거리),인테리어,114846113,2009,92651778,22194335,66200342,23246651,0,4400601,11192833,42762359,12340815,18750385
20254,발달상권,서교동(홍대),일반의원,1611861488,36992,1367970051,243891437,618608695,993252793,10663867,249993778,281762113,239370586,353572568,476498576
20254,골목상권,공항시장역 1번,한식음식점,1627180933,80307,1233080788,394100145,1075367670,388689223,6382591,70620952,186641214,178324674,340285643,681801817
20254,발달상권,신논현역 1번,애완동물,4945585,59,3521793,1423792,2412072,2533513,0,355948,2345070,167505,1365166,711896
20254,발달상권,방이동먹자골목,의료기기,1505453498,3764,1505453498,0,0,1505453498,0,0,0,0,752726749,752726749
20254,골목상권,강동역 4번(강풀만화거리),한식음식점,4058748606,98736,2802133492,1256615114,2348569190,1389285900,18463168,541225547,1125459848,805699424,634452047,612555053
20254,골목상권,숙대입구역 1번,의약품,570755042,40244,490032378,80722664,247853172,322901870,2514785,52574336,77991189,104801459,124057614,208815659
20254,발달상권,발산역(마곡),양식음식점,283385596,13002,212545364,70840232,124153051,105684266,2614582,25705658,59901771,73780355,42369097,25465853
20254,골목상권,구반포역,화초,214659405,5318,128583777,86075628,80764441,117836943,1161868,9450284,22822000,44013261,56880836,64273138
20254,골목상권,대림1동주민센터,스포츠클럽,9194631,50,7517232,1677399,3913931,5280700,0,0,4659441,0,2609287,1925903
20254,골목상권,오류2동버들시장,호프-간이주점,86176317,2257,65644042,20532275,50051649,31836902,0,2276230,14806865,9969072,21697345,33139039
20254,발달상권,불광역,치과의원,69568891,803,53414944,16153947,23012831,46556060,0,332896,20177862,9557354,14761933,24738846
20254,발달상권,서초역,일반교습학원,40053458,23,40053458,0,37670526,2382932,0,2382932,0,428072,37242454,0
20254,발달상권,르네상스호텔사거리,의약품,167908338,10266,150946694,16961644,103841109,52050434,78415,10056916,24029006,33370403,53433783,34923020
20254,골목상권,숙대입구역 1번,치킨전문점,77030953,1293,48168318,28862635,57131675,11825722,79963,2985533,8988979,38803576,12423833,5675516
20254,발달상권,신정네거리역,인테리어,246244378,3726,203602125,42642253,161252668,71549550,0,0,56430449,25659883,84592436,66119451
20254,발달상권,"강남구청(청담역_8번, 강남세무서)",일반의류,493737694,767,171784009,321953685,290249170,203488524,0,61156534,280519389,48171209,28255906,75634656
20254,골목상권,홍연시장,커피-음료,39461019,3635,23839147,15621872,12700730,25481061,0,2477532,7296256,10175417,12428502,5804084
20254,골목상권,삼각지역 14번,양식음식점,565115783,24508,365499521,199616262,302307739,176441384,5756180,47036760,118425850,159687738,86446540,61396056
20254,발달상권,둔촌역,가구,36248749,104,33120234,3128515,7298786,28141349,0,7861751,6183037,5771451,1618249,14005648
20254,발달상권,청담사거리(청담동명품거리),노래방,110063405,757,76691776,33371629,52968398,19107265,0,2376474,11485928,20806464,17989245,19417551
20254,발달상권,동대문역,가방,5457569,234,3971881,1485688,3318490,2139079,29169,145846,0,829379,1691818,2761357
20254,전통시장,연희사러가,슈퍼마켓,1086000000,35835,701874738,384125262,435152821,650847179,2327959,69781257,188052865,239719724,273539257,312578938
20254,발달상권,강서구청,중식음식점,253423237,12235,177633849,75789388,160892305,73272728,543106,35009498,47176548,56162346,51953283,43320252
20254,골목상권,삼광초등학교,예술학원,29546096,161,29546096,0,16156764,13389332,0,0,0,25636235,3909861,0
20254,발달상권,마포역,분식전문점,303167275,11556,245960232,57207043,242993069,33753493,0,4249106,31243066,22610486,196417721,22226185
20254,발달상권,회기역,여관,102139506,2258,70050059,32089447,69997581,30962804,5384247,31929586,20157111,17704959,19332080,6452400
20254,골목상권,이촌동점보아파트,외국어학원,11215882,24,11215882,0,0,11215882,0,0,0,4486353,4014105,2715424
20254,골목상권,남강고등학교(남강중학교),일반의원,3105414774,146362,2602330761,503084013,1335267898,1770146876,18146196,107435244,434662267,670580148,665592730,1208998189
20254,전통시장,돌곶이시장(석관황금시장),일반의류,87554966,3558,58478478,29076488,32267932,55287034,0,2614036,2887027,8386128,15581663,58086112
20254,발달상권,선정릉역,커피-음료,993535899,120183,859994816,133541083,341005707,427252021,4891075,165334044,302256641,149457714,89341751,56976505
20254,골목상권,이촌동점보아파트,슈퍼마켓,756144811,46055,527583688,228561123,270394658,473656910,5179960,16928853,61580383,90316067,171828252,398218054
20254,골목상권,당곡중학교,분식전문점,78135191,5942,59628186,18507005,44468171,26274103,1036128,9470095,11352258,12082828,18570798,18230168
20254,발달상권,구역삼세무서,한의원,144546090,4640,129964639,14581451,44417103,100128987,0,8523400,57992718,59336421,10941073,7752478
20254,발달상권,포스코사거리,전자상거래업,4838521,121,4838521,0,0,4838521,0,0,4838521,0,0,0
20254,전통시장,남대문시장(자유상가),가구,443185217,1956,277230402,165954815,121028452,232670695,0,5524494,60149340,27349867,133973304,126702143
20254,발달상권,길동역,치과의원,3535483632,23921,3113623850,421859782,1423286406,1971854753,341804,90794816,395983326,564653956,797328697,1546038560
20254,골목상권,남성역 1번,한식음식점,1175636396,39413,766072221,409564175,657383162,459978702,8978021,123174096,228440832,232597894,268144427,256026595
20254,골목상권,샤로수길,의약품,467152479,53035,373448248,93704231,229944322,237208157,1357264,79070213,99799959,60192518,110027304,116705221
20254,골목상권,대방역 6번,슈퍼마켓,91326273,8335,68110592,23215681,65962415,21720855,122044,3404037,9497349,9902569,26651888,38105381
20254,전통시장,목동깨비시장(목3동시장),일반의류,501385491,9120,361534761,139850730,117209969,379401625,311818,6234118,10605509,44754300,151826928,282878922
20254,골목상권,홍대부속여중고앞,화초,12828617,359,9386807,3441810,4452615,5030338,0,0,0,2647546,4267288,2568119
20254,골목상권,숭실대입구역 1번,안경,296033044,2199,189544448,106488596,151795328,144237716,855419,34665147,81275116,61671458,77930510,39635394
20254,골목상권,암사동성당(효정하나플러스아파트),중식음식점,57707497,1655,44325036,13382461,30602805,24601509,0,5192138,13988703,12435508,14202595,9385371
20254,발달상권,장안동사거리,화장품,197213709,1000,157914193,39299516,8613805,188599904,0,452847,6034996,40432654,4190338,146102874
20254,발달상권,뱅뱅사거리,커피-음료,3523636565,563683,3092021224,431615341,1447897623,1318193569,32163353,410293730,969682328,649647743,432261882,272042154
20254,골목상권,후암동주민센터,철물점,49671400,1995,42340815,7330585,22901031,14927408,0,268676,2984309,2675527,13187630,18712298
20254,골목상권,남구로역 5번,치킨전문점,41759136,1149,33592908,8166228,22278457,16607089,0,1698986,4870779,4287155,16873645,11154981
20254,전통시장,"남부골목시장(남부화곡시장, 남부시장)",육류판매,6878574342,227299,4659923339,2218651003,3084020030,3711887250,332518,163891642,795876195,1580270178,2080200109,2175336637
20254,골목상권,목동보건지소,일반의류,29787140,205,28640825,1146315,8210592,21576548,0,0,0,0,4204045,25583095
20254,발달상권,도성초등학교,피부관리실,26670194,173,23127799,3542395,9059736,17610458,1612051,1085667,6826541,11717796,5428139,0
20254,전통시장,광장시장(광장전통시장),시계및귀금속,335682562,1855,325892678,9789884,174203829,161478733,0,0,36945375,1510325,153850177,143376685
20254,발달상권,방이동먹자골목,중식음식점,766255649,15603,517132016,249123633,408462883,233566330,7008304,168637766,235886490,115498814,77769978,37227861
20254,골목상권,"신림역 5번(신림동주민센터, 신림동별빛거리)",일식음식점,58003865,842,36348789,21655076,33915306,20241091,0,14350396,26728653,7841618,3098977,2136753
20254,발달상권,은마아파트,안경,408586345,1760,253846269,154740076,181760941,209946767,3985920,18798509,26191515,115196278,134894654,92640832
20254,발달상권,르네상스호텔사거리,미용실,88210368,693,71883117,16327251,37566145,32377953,1466967,19073245,18917661,17217034,9276536,3992656
20254,골목상권,남구로역 2번,여관,11227672,431,8526687,2700985,9221393,2006279,0,0,3510989,2006279,3310404,2400000
20254,골목상권,등촌3동주민센터,육류판매,524077214,14678,360450177,163627037,174208640,333273110,0,6800944,48693442,82366617,129220774,240399974
20254,골목상권,해방촌예술마을,커피-음료,52773902,2459,25926150,26847752,21138126,29521087,1489310,21284928,18122219,5032505,2244012,2486239
20254,골목상권,해방촌예술마을,양식음식점,159447888,4353,94373049,65074839,54990253,89349208,1531724,46800058,55605486,20872209,15287079,4242904
20254,골목상권,해방촌예술마을,한식음식점,72558598,2448,42632717,29925881,44063882,25171928,1265604,16417460,19619295,15015612,10499263,6418575
20254,발달상권,삼청동,양식음식점,3243269067,33053,2230504510,1012764557,1157375649,1379290290,11110772,374417404,648286007,472303040,605756477,424792242
20254,발달상권,강변역(테크노마트),핸드폰,11624981763,70390,8877837181,2747144582,7115315077,2565734155,417838078,219702866,568164055,4613225207,2929050559,933068468
20254,골목상권,석수역 1번 출입구,조명용품,2164077,117,2164077,0,2164077,0,0,0,1416487,0,0,747590
20254,발달상권,사당역 11번(사당역먹자골목),슈퍼마켓,244010118,33731,172955824,71054294,152861757,91148361,2455060,34353082,72036165,74055208,31118560,29992043
20254,발달상권,서초3동사거리,일반의원,420080547,23853,390292586,29787961,190018898,230061649,2570031,14927396,47941839,94704859,98168478,161767944
20254,골목상권,그라운드 고척,치킨전문점,189870176,5813,120618414,69251762,118622854,65325698,2713508,33030656,37619256,51798989,37053738,21732405
20254,골목상권,해방촌 남동측,제과점,10493440,1429,6389534,4103906,6152583,4340857,0,2076028,4626975,2580683,797030,412724
20254,발달상권,내방역,일식음식점,226038027,6421,200260680,25777347,100686721,57777440,587936,15924069,32550442,33594389,42566146,33241177
20254,발달상권,상봉역,패스트푸드점,5289046992,560644,3586932941,1702114051,2126534059,3146762882,85165183,793199091,1584962212,1397647759,898887177,513435519
20254,골목상권,해방촌 남동측,일반의류,6399500,33,6399500,0,0,6399500,0,6399500,0,0,0,0
20254,발달상권,성수역,서적,363971221,248,159167843,204803378,259343408,104627813,0,0,291251181,36360020,0,36360020
20254,골목상권,봉천역 1번(관악초등학교),호프-간이주점,94566560,1105,77002537,17564023,56751568,21309463,0,17843187,21832895,15226030,16901010,6257910
20254,골목상권,해방촌 남동측,패스트푸드점,552780481,13503,276970110,275810371,266527660,275707095,12175366,226382522,174176944,55084613,49554959,24860353
20254,골목상권,길동주민센터(강동도서관),노래방,88635879,378,78057687,10578192,58835505,29434637,0,358053,1578690,8615098,43423746,34294555
20254,골목상권,목동센트럴아이파크앞,일반교습학원,285985238,1345,262165577,23819661,107131137,178854101,0,0,24490664,193477437,60468037,7549100
20254,발달상권,방배동카페골목,당구장,10243527,414,8453181,1790346,8266389,1977138,78121,290731,508049,1667129,1192812,6506685
20254,골목상권,문래예술촌(문래창작촌),양식음식점,1423162574,23689,785639978,637522596,632127958,705711466,18829265,498305619,505656036,167477810,111311334,36259363
20254,발달상권,경찰병원역,제과점,328509190,29071,237492424,91016766,123252729,155639123,741527,19051928,50774737,55755181,61392703,91175778
20254,전통시장,장미제일시장(중화동제일시장),분식전문점,121026742,9843,67634694,53392048,72646243,48380499,1065509,9098155,19646412,33545506,31985973,25685187
20254,골목상권,고척동성당,슈퍼마켓,2072440600,107213,1470843087,601597513,770147290,1088904154,1723119,57998618,163931398,280391669,531839941,823166699
20254,전통시장,"동원전통종합시장(동원시장, 동원전통시장 상점가)",시계및귀금속,74753927,154,60020574,14733353,24518550,50235377,4244,0,424421,11576,31635908,42677778
20254,골목상권,용산구청,한식음식점,1348713461,33131,846682097,502031364,676486833,458485494,2019550,125836963,346061879,278211026,206613736,176229173
20254,전통시장,광장시장(광장전통시장),의약품,5964680171,122959,4440117057,1524563114,3065742160,2898938011,1644419,267717147,953570957,1032031562,1105022128,2604693958
20254,골목상권,용산구청,호프-간이주점,269044122,8004,137843532,131200590,135667678,117127974,727508,97309211,95192729,26485831,26252638,6827736
20254,발달상권,을지로2가,양식음식점,30649328,563,26531098,4118230,8837668,11246125,0,5408346,6101678,4049590,2980447,1543735
20254,전통시장,우림골목시장,호프-간이주점,497178589,7466,300708892,196469697,343040771,129523993,453396,15772016,68412207,103975763,127839453,156111931
20254,발달상권,대림역,한식음식점,3362899573,70938,2167057890,1195841683,1952234796,1171516962,10571917,148274425,786243794,612413490,784636163,781611967
20254,발달상권,신도림역,화초,16551231,533,10112226,6439005,9704693,5162070,163013,1874647,6634619,2157202,3195051,842232
20254,골목상권,용산구청,양식음식점,1601545566,21569,1033770570,567774996,544853521,678600916,3557552,286271962,367302468,179456543,153462959,233402955
20254,골목상권,용산구청,일반의류,1104124609,7189,665531827,438592782,216228900,880833154,2802878,109142514,145462947,136787019,440660406,262206291
20254,골목상권,서빙고역 1번,자동차수리,166957966,954,144805737,22152229,113457348,44823083,0,0,28558649,26234716,76053763,27433304
20254,골목상권,양천향교역 7번,치킨전문점,69353950,1596,56532389,12821561,31730289,21977778,338521,5515098,12758826,15144002,13036476,6915145
20254,전통시장,풍납시장,네일숍,33867079,145,20732335,13134744,99752,33767327,0,0,28707888,4394425,665014,99752
20254,전통시장,서울약령시장,조명용품,32108244,1525,32108244,0,15642478,10367334,0,0,15642478,0,10367334,0
20254,골목상권,신풍역 1번,육류판매,240562675,6863,176812182,63750493,92018727,144229472,0,8418378,12864515,15701650,54031732,145231925
20254,골목상권,굽은다리역 4번,피부관리실,13884993,126,13884993,0,0,13884993,0,0,0,0,0,13884993
20254,골목상권,방이역 2번,화장품,197426882,1484,139719393,57707489,86965486,110461396,0,26352120,5231562,1824833,85998257,78020110
20254,골목상권,경리단길북측,커피-음료,264034386,22359,163371649,100662737,105189137,147203432,1131011,75988008,79641856,45058969,27569739,23002985
20254,골목상권,경리단길북측,일식음식점,106396764,2056,56777299,49619465,51600435,48590234,516708,30569590,48089704,12846146,6467125,1701397
20254,전통시장,서원동상점가,호프-간이주점,6214274844,137534,3635551547,2578723297,4383605283,1814266742,81741101,2265485296,2420500904,680207282,601255093,148682348
20254,발달상권,용산전자상가(용산역),핸드폰,2331521284,19619,1964314124,367207160,890473562,833203541,13649870,230119863,312835941,544620081,378447257,244004087
20254,골목상권,메디힐병원,의약품,1283594471,47209,1122507064,161087407,767934552,515659919,829308,18154399,70254070,140615498,245776538,807964658
20254,골목상권,청담근린공원,커피-음료,30052431,2461,27215104,2837327,10200516,11549297,0,2896685,7164697,5075325,3961790,2651316
20254,골목상권,사당역 4번,한식음식점,1946101872,49597,1388528893,557572979,1065202144,559223424,215237,149505273,311518966,209639731,297433844,656112512
20254,골목상권,경리단길북측,화장품,8793496,239,6274636,2518860,3011374,5782122,0,0,457335,667006,2969158,4699997
20254,발달상권,방이동먹자골목,양식음식점,363246734,10217,186482943,176763791,189320201,81922402,2253870,87483009,114173417,28379518,25032245,13920542
20254,전통시장,새마을시장,치킨전문점,525708146,27673,325096437,200611709,291055590,197142359,4350821,34040984,78014306,135750762,134897528,101143548
20254,발달상권,연남동(홍대),피부관리실,420556268,3635,277146969,143409299,35726477,379843460,8651940,176888602,140374048,32489582,55032350,2133416
20254,골목상권,경리단길북측,제과점,7509686,539,3510034,3999652,1881181,5331894,0,2028651,2586781,1253703,756984,586955
20254,골목상권,영등포동성당,조명용품,289389009,1666,278605834,10783175,48907397,219027394,0,186883,2279979,209720598,22239129,33508201
20254,발달상권,약수역,커피-음료,369643317,45149,255959312,113684005,159055164,192949746,3735807,76208071,97129877,54081987,61571456,59277710
20254,골목상권,원신초등학교(구세군관악영문교회),일반의류,93177555,2781,67649615,25527940,46991163,46186392,0,2386210,0,3714383,8069643,79007319
20254,전통시장,용산용문시장,컴퓨터및주변장치판매,6934028,394,6934028,0,6934028,0,0,0,6934028,0,0,0
20254,전통시장,고척프라자,미용실,44939321,1233,21936989,23002332,24662517,20276804,414127,6532142,16158417,10483310,8577363,2773962
20254,골목상권,경리단길남측,호프-간이주점,844849188,10800,558001581,286847607,485702369,252937401,2542376,157877636,259674305,157288378,127257747,33999331
20254,발달상권,"신촌역(신촌역, 신촌로터리)",서적,281010708,8954,213665852,67344856,78290043,128866392,7906156,62272522,35777446,33284242,46934797,20981275
20254,골목상권,경리단길남측,화장품,5911975,20,5911975,0,0,5911975,0,0,0,0,0,5911975
20254,전통시장,남성역골목시장,패스트푸드점,71504796,4095,46559703,24945093,37332721,20584695,614190,9403220,10506244,20993496,10329743,6070524
20254,발달상권,까치산역,스포츠클럽,356826087,1677,309313128,47512959,217560249,128987452,0,98400922,94119129,58473612,42459993,53094045
20254,발달상권,북창동(시청역_6번),스포츠 강습,17298115,48,17298115,0,0,13797872,0,2592773,6646141,4515746,0,43213
20254,골목상권,경리단길남측,시계및귀금속,1890117,273,1205292,684825,684825,1205292,0,0,0,0,376654,1513463
20254,발달상권,강서구청,슈퍼마켓,906659292,71051,696085650,210573642,416792122,489867170,7039391,93608292,183660076,200313502,193967319,228070712
20254,골목상권,경의선책거리,슈퍼마켓,404987789,44380,294489455,110498334,186242309,156764619,11595888,112488745,59461980,53188764,65699493,40572059
20254,발달상권,포스코사거리,세탁소,102561205,3918,83920100,18641105,48253925,38852485,0,4980074,31966432,21328039,18395202,10436662
20254,골목상권,이태원엔틱가구거리,일반의류,63559562,215,63559562,0,0,63559562,0,0,0,3776799,15554451,44228312
20254,발달상권,보라매공원,의약품,6187036858,297884,5725465868,461570990,3207192486,2979844372,6815183,312293834,769023637,1062932267,1396605474,2639366463
20254,발달상권,성수대교남단,호프-간이주점,180409829,2201,112106177,68303652,101720389,61793739,158168,36063910,65422031,8647801,37873943,15348274
20254,골목상권,대청초등학교,철물점,111898853,5608,93616924,18281929,58708106,22849163,0,3708147,17093398,12010316,21415058,27330349
20254,골목상권,망리단길,중식음식점,19305277,294,11202252,8103025,12395470,6496994,0,5476722,7595105,2987389,1954608,878638
20254,발달상권,명동역(명동재미로),네일숍,71793506,207,61145569,10647937,1103757,70689749,0,2058755,27731587,7652344,803161,33525254
20254,발달상권,서울세관,스포츠 강습,66695686,180,52624867,14070819,47398561,19297125,0,21709266,21166534,9749067,14070819,0
20254,전통시장,숭례문수입상가(남대문시장),시계및귀금속,105671777,1705,103845652,1826125,19478669,86193108,0,0,6330567,44435712,13269843,41635655
20254,골목상권,양평역 2번,분식전문점,181570209,13403,162755760,18814449,57650181,47115935,39320,12360996,29198176,26177205,26152593,10837830
20254,골목상권,신정네거리역 2번,가구,106876046,135,53346832,53529214,15228925,83348724,0,0,1550250,41036023,12128425,43862951
20254,골목상권,한남IC,양식음식점,455358877,3919,357054205,98304672,184965561,109821702,1658643,54608873,85705350,92436648,41382145,18995602
20254,골목상권,오산고등학교,세탁소,36267830,1615,26760247,9507583,18102581,13231494,0,663590,3524620,10123173,10118374,6904317
20254,골목상권,시흥초등학교(시흥1동우체국),일반교습학원,59209197,254,54079272,5129925,21245249,37963948,0,0,11546402,27028252,20634543,0
20254,발달상권,방배역,시계및귀금속,64023586,1157,60457260,3566326,24687388,39336198,0,638708,1269646,433932,16588255,45093045
20254,골목상권,서빙고동주민센터,슈퍼마켓,69000000,8221,48596204,20403796,41582221,25739532,121832,10717337,27096685,7822053,12332108,9231737
20254,발달상권,한티역,제과점,677571787,45826,466831373,210740414,236384974,381206967,5791841,54560737,106085448,204429930,172679431,74044554
20254,골목상권,송정역 3번,예술학원,30198569,246,30198569,0,0,30198569,0,0,0,20145986,0,10052583
20254,발달상권,안암역,스포츠클럽,336445305,1497,297151935,39293370,172938926,163506379,801632,105454802,64023743,55927252,84906278,25331598
20254,전통시장,상암동상점가,예술학원,49141397,234,49141397,0,9280125,39861272,0,11781423,18380906,13950591,5028477,0
20254,골목상권,한국폴리텍대학서울정수캠퍼스,편의점,148385578,19647,105355566,43030012,98028047,47837020,660662,16882646,47205520,38462059,29737626,12916555
20254,골목상권,한국폴리텍대학서울정수캠퍼스,커피-음료,36815906,7594,28182542,8633364,18525316,15507661,300995,6071670,6405539,6936864,7565084,6752825
20254,발달상권,월곡역,안경,158095934,1967,136113162,21982772,62691621,95404313,548238,36932954,31100223,24693118,49478926,15342475
20254,발달상권,DMC(디지털미디어시티),일반의원,4909962910,111450,4178376049,731586861,1980028512,2902997255,8979691,484418232,1324022660,1460354682,1113327202,491923301
20254,발달상권,군자역,양식음식점,136623596,3116,102164709,34458887,59511930,50797770,809445,23121839,39618723,20519183,14363172,11877339
20254,발달상권,강남구청역,반찬가게,1500000000,17450,1385143819,114856181,454212847,606459441,1375179,34654505,361695476,223302525,339249704,100394899
20254,골목상권,한국폴리텍대학서울정수캠퍼스,핸드폰,95207481,450,14179838,81027643,1125384,94082097,0,0,0,14179838,81027643,0
20254,골목상권,구로초등학교,일반교습학원,30000000,160,18542511,11457489,20931173,9068827,0,0,8157895,12773279,9068826,0
20254,발달상권,방배동카페골목,일반교습학원,167134069,413,152820017,14314052,106315153,60818916,0,0,0,123315422,43818647,0
20254,골목상권,대림1동주민센터,화장품,8359579,28,8359579,0,1035924,7323655,0,0,0,0,3970439,4389140
20254,발달상권,경희대학교(경희대),한식음식점,4922846568,153487,3582353635,1340492933,2507776928,1907045370,104085749,1604343316,895071982,669403338,758632641,383285273
20254,전통시장,장미원골목시장,청과상,1304781573,98994,1024864014,279917559,444764780,857059951,341507,18153773,73921242,148613056,327813809,732981345
20254,발달상권,노원역,인테리어,157978846,1618,157978846,0,104491286,3053896,0,0,0,3602032,3132201,100810949
20254,발달상권,코엑스,패스트푸드점,1732435412,163566,1222685920,509749492,801953813,616811410,28764320,291419039,453011746,351202643,200049125,94318350
20254,골목상권,숭실대입구역 1번,일반의원,2867024386,76226,2330068078,536956308,1271121887,1595902499,3767877,196212146,938446119,836255808,569179493,323162943
20254,발달상권,가산디지털단지,여관,344792261,7548,261561097,83231164,187444737,97752253,4104365,44812132,57645115,55899853,35344060,87391466
20254,전통시장,둔촌역전통시장,육류판매,5187651060,139081,3337022957,1850628103,1935039478,3104222380,530257,131597971,467175360,812490071,1230456840,2397011356
20254,골목상권,남가좌파출소,미용실,116369316,2567,85602413,30766903,48813108,67556208,268039,5174051,19201119,33745167,27040385,30940555
20254,골목상권,NH농협은행 보광동지점,호프-간이주점,5171684,122,2928516,2243168,4228726,799570,0,840885,1054751,1380412,1380412,371836
20254,골목상권,등촌역 4번,미용실,172477985,3380,101426085,71051900,57322259,115155726,0,24960421,26269676,33114356,32607557,55525975
20254,전통시장,영동전통시장,호프-간이주점,740245763,11331,479251196,260994567,419621513,247805801,278859,161080563,331851905,116996206,45482899,11736887
20254,전통시장,한아름시장,예술학원,27567479,77,14745396,12822083,14104291,13463188,0,0,0,15386500,12180979,0
20254,골목상권,우사단길,미용실,15878494,463,11829218,4049276,5787246,10091248,0,1165913,2717542,2218577,5012210,4764252
20254,전통시장,행당시장상점가,커피-음료,400364724,27898,289387735,110976989,107174664,243892022,2032230,88311588,105731755,52340003,62253182,40397927
20254,골목상권,목동로데오거리,피부관리실,1029412,15,0,1029412,0,1029412,0,0,0,0,1029412,0
20254,발달상권,상수역(홍대),제과점,691066236,54485,473438637,217627599,177746444,488466870,32367454,353944210,128063962,54438025,70596231,26803428
20254,전통시장,동대문상가A동,신발,7012493597,106567,5635537377,1376956220,2960995291,1756654596,18419059,100778565,182085554,305624815,897271301,3213470594
20254,골목상권,우사단길,청과상,69832205,1983,69832205,0,14544516,49896028,0,61760,5076685,19380335,17021098,22900665
20254,발달상권,고덕역,노래방,65183744,8463,47790968,17392776,43355481,20109139,6625549,9885421,10141899,9357327,22722090,4732335
20254,발달상권,도곡1동,조명용품,106345644,6378,93771098,12574546,54251144,16454700,0,1002903,17656983,16938879,16114030,18993049
20254,발달상권,국회의사당역(국회의사당),슈퍼마켓,1944713557,254303,1633978260,310735297,1289975696,460370291,8357466,161667939,519920064,426096675,392768248,241535592
20254,발달상권,발산역(마곡),일반교습학원,849000000,1795,748025342,100974658,264434881,584565119,0,0,288257574,554673435,2244752,3824239
20254,발달상권,서울대입구역,패스트푸드점,1841242752,144362,1376742962,464499790,823933592,748846177,17264557,469851993,469505927,246594795,250085569,119476930
20254,발달상권,한남오거리,당구장,41196926,2491,29899388,11297538,38087414,3109512,335963,2011148,2235014,7786261,11919051,16909489
20254,전통시장,로데오거리상점가,신발,42443471,904,25867802,16575669,16153322,26290149,876639,2632990,6084987,5902361,8481291,18465203
20254,골목상권,오산중학교,한식음식점,966961381,14384,611108141,355853240,494893910,337407551,1528357,87424434,187886699,195933031,198272347,161256590
20254,골목상권,등촌3동주민센터,피부관리실,178134666,1720,145872381,32262285,80307619,92912761,2866667,59790476,39027619,57693714,5733333,8108571
20254,골목상권,굽은다리역 4번,치킨전문점,30339627,1106,21193036,9146591,14431591,14347295,0,1894810,4538074,4781657,9116275,8448070
20254,골목상권,푸른들청소년도서관,슈퍼마켓,44241726,10742,27990341,16251385,27504709,16737017,584751,9635591,14412775,6834398,7857838,4916373
20254,전통시장,동화동 골목형상점가,한식음식점,1034673599,33342,766779177,267894422,564216217,356747794,5250811,85993910,165641822,174392237,261635313,228049912
20254,골목상권,한강진역 3번,제과점,48000000,4624,24296870,23703130,11691225,36308775,532798,7384920,13324770,12527484,10559055,3670973
20254,골목상권,한강진역 3번,호프-간이주점,216000000,1198,123094285,92905715,108772436,51701212,352659,48471721,64608945,33580286,6636151,6823886
20254,골목상권,신대방역 4번,패스트푸드점,11438094,653,6960970,4477124,6096562,4222455,0,890528,1394969,1737793,3842083,2453643
20254,골목상권,한강진역 3번,커피-음료,380015996,25980,199051363,180964633,112828171,254611958,3757956,143577480,133946743,41600919,34172303,10384728
20254,발달상권,포이사거리(삼호물산),치킨전문점,156043795,2527,132403333,23640462,53871868,42932724,1431080,13698784,19722756,23220858,27261460,11469649
20254,발달상권,도성초등학교,일반의원,154047302,5293,138377515,15669787,70482061,83089630,1265542,12838216,38104826,43669824,29515397,28177886
20254,골목상권,한강진역 3번,한식음식점,562705937,7313,421963270,140742667,173039493,250673230,2441387,96772735,145729652,128791108,26288265,23689577
20254,골목상권,한강진역 3번,신발,591612310,5563,320706105,270906205,301124498,281773461,16611972,199571883,177199593,108630961,55085583,25797966
20254,발달상권,구로디지털단지,분식전문점,1409509568,136147,1267638571,141870997,562501376,538608637,497211,205175277,379266443,277860123,161277784,77033171
20254,전통시장,연서시장,제과점,175405490,16578,117876586,57528904,51279565,88108894,153264,3774126,11392621,19543709,31212205,73312537
20254,골목상권,도곡초등학교,일반교습학원,11936470310,43061,8557407779,3379062531,5029120060,6907175940,15949083,36628896,128988952,6941304248,4152767337,660657484
20254,전통시장,방천골목시장,육류판매,1084626209,17014,855466597,229159612,345766119,688201047,1138415,6442084,67694016,249990204,273027637,435674811
20254,전통시장,용산용문시장,치킨전문점,186525468,5674,118929946,67595522,107212427,59793451,444716,20317818,53384920,34086924,34686413,24085084
20254,골목상권,은천초등학교(은천교앞),스포츠 강습,48202623,211,48202623,0,34808303,13394320,0,991481,6147180,38155619,2908343,0
20254,골목상권,방배동사이길,스포츠 강습,78000000,446,75381471,2618529,40178734,37821266,0,0,13043297,53421423,2788666,8746614
20254,골목상권,석촌역 3번,커피-음료,254280328,31411,178767860,75512468,89368373,147291983,958382,33726837,85957593,52770219,37965596,25281724
20254,골목상권,사당종합체육관,일반교습학원,74685184,252,74685184,0,43166665,31518519,0,0,20098766,54586418,0,0
20254,발달상권,길동역,미용실,245866604,3864,141192656,104673948,127988532,117878072,1904973,42255255,88322741,53038142,41672885,18672608
20254,골목상권,서울독일학교,호프-간이주점,444656198,2237,297283046,147373152,212495187,109528321,0,31746920,151234469,83240782,12811176,42990161
20254,골목상권,삼전역 1번,스포츠 강습,476921076,2567,434775775,42145301,219209283,256650673,1273345,49572988,144940226,181584037,94790182,3699177
20254,발달상권,장지역(가든파이브),의약품,1109446616,82062,895437199,214009417,557966137,534600791,1057765,55106334,182910745,271644267,247333255,334514564
20254,발달상권,신용산역(용산역),화초,69403459,1418,62406271,6997188,36555439,26887527,0,7677155,19198467,21540618,9054548,5972178
20254,발달상권,국회의사당역(국회의사당),반찬가게,214723339,549,25843026,188880313,165319993,49403346,0,459369,143834896,21207640,892215,48329219
20254,발달상권,서대문역,제과점,294056778,30450,241400436,52656342,103530172,144128423,678107,25010842,44089687,49099684,63796909,64983362
20254,발달상권,굽은다리역,네일숍,9868206,254,9231136,637070,2675692,7192514,0,3140752,3013339,1962174,1210432,541509
20254,전통시장,중랑동부시장,피부관리실,16006124,248,9655680,6350444,10938053,5068071,0,1465487,3982301,3716814,0,6841522
20254,골목상권,강동역 4번(강풀만화거리),미용실,189039389,5425,130864040,58175349,98022997,90197684,228050,16556258,40203234,56404983,34523362,40304793
20254,골목상권,신대방역 2번,화초,6201592,236,4817963,1383629,2483827,3717765,0,914104,903879,833125,2076467,1474017
20254,전통시장,신영시장,슈퍼마켓,1155802554,99333,755337174,400465380,609762168,546040386,749098,42405298,122033398,188364039,310176481,492074240
20254,골목상권,양평역 2번,일반교습학원,123000000,396,120254186,2745814,79375750,43624250,0,0,2532195,87484139,23427515,9556151
20254,발달상권,망원역,치과의원,2327447137,15449,2042148779,285298358,991338135,1288644448,0,169277872,370282175,463757388,564733783,711931366
20254,골목상권,옥수역 6번,분식전문점,369618327,31238,260432793,109185534,158662153,175238740,1281626,18656448,65055050,95037128,92591358,61279288
20254,전통시장,무학봉상점가,예술학원,126951461,592,126951461,0,71661533,52965774,0,16851237,62176650,44659249,0,940171
20254,골목상권,천호1동주민센터,세탁소,27124957,1757,16024771,11100186,9097417,18027540,0,2477926,2736649,4361064,7869897,9679421
20254,골목상권,서울지방병무청,치킨전문점,116249035,2988,79192338,37056697,67813596,38866300,806658,9973647,19501263,21976441,33021519,21400368
20254,전통시장,강남언주로,한식음식점,3759670333,79119,3268084884,491585449,1573970556,852695093,1978053,292175111,774779186,659227378,425165629,273340290
20254,골목상권,홍남교남측,자동차수리,164412924,633,140975297,23437627,100363302,18685864,0,0,13438140,28723138,37031640,39856247
20254,골목상권,남성역 1번,일반의류,94071663,430,65020508,29051155,15794555,50777108,0,0,12969237,664781,23080746,29856899
20254,골목상권,신금호역 4번,예술학원,123493781,670,118236982,5256799,58476865,65016916,0,8893956,20441426,80371839,11494413,2292147
20254,골목상권,온수역 5번(온수산업단지),슈퍼마켓,1532025883,144859,1077302356,454723527,921964690,568568116,2448247,104375658,264214295,233432044,442726223,443336341
20254,골목상권,송파역 2번,커피-음료,64954811,4649,51892175,13062636,40352993,22010945,0,3848046,11825535,23489379,17996654,5204325
20254,골목상권,구로보건소,육류판매,863289106,12172,671454603,191834503,200982839,433535570,0,8096089,28320404,48785574,263715069,285601274
20254,골목상권,신정역 5번,호프-간이주점,77524988,2062,61695057,15829931,41929102,28474382,248755,5647653,11413799,13621519,19712277,19759481
20254,발달상권,롯데백화점(시청광장 지하쇼핑센터),안경,1495715327,5113,1095219225,400496102,931872532,563842795,8001634,45342593,266314388,423529694,317727110,434799908
20254,발달상권,압구정로데오역(압구정로데오),화장품,4253203463,24742,3447447413,805756050,811103877,3273515561,5265699,411338887,1822145104,1184979772,311273755,349616217
20254,발달상권,노원역,한의원,3190281207,61175,2514608371,675672836,1134688934,2046137687,3772356,298640886,642548982,840843997,678064911,716955489
20254,골목상권,금천구립가산도서관,분식전문점,52239800,4689,43652179,8587621,24103025,22868835,58386,13058851,15789911,7687993,8701700,1675018
20254,골목상권,KT구로지사,분식전문점,31771272,2858,29933512,1837760,16004342,10578114,149483,3530434,8170560,7693093,3868970,3169916
20254,전통시장,암사종합시장,한의원,592900217,25251,433202254,159697963,188857660,404042557,720223,6839270,69585079,128235033,107825139,279695473
20254,골목상권,대청초등학교,한의원,490076862,26234,335286078,154790784,219080350,270996512,907168,19104282,42980041,95139612,67814216,264131543
20254,골목상권,금동어린이공원,화장품,122306752,5437,100669665,21637087,28618131,93496531,0,982954,10036331,6178071,23349469,81567836
20254,골목상권,금동어린이공원,분식전문점,260275,45,260275,0,0,260275,0,0,0,0,196793,63482
20254,골목상권,신월문화체육센터,분식전문점,305843934,32923,201325768,104518166,167438256,131416592,732192,22192007,51958931,79476601,103889358,40605760
20254,골목상권,구로디지털단지역 4번,노래방,154652983,816,56815726,97837257,103978416,46789168,31142,0,9501056,46139012,51986356,43110017
20254,골목상권,금동어린이공원,호프-간이주점,75544714,586,44227469,31317245,68220027,7324687,0,15023082,13333919,41394761,4425179,1367773
20254,골목상권,묘곡초등학교(고덕아이파크아파트),예술학원,1101373636,4182,1037644025,63729611,348349423,753024213,0,0,150213100,793857170,77794181,79509185
20254,발달상권,당산역,치킨전문점,71091246,1217,58180663,12910583,36053017,18481583,0,7230071,16576114,15961642,10166755,4600014
20254,골목상권,문정동성당,스포츠클럽,20019505,55,15449894,4569611,8675895,11343610,0,0,5904153,0,8233100,5882252
20254,골목상권,석촌고분역 3번,청과상,1068568211,24168,810248468,258319743,321962548,738161483,0,13770667,24848316,201610232,150331050,669563765
20254,발달상권,고속터미널(고속터미널역),의약품,4797959602,213885,4055753875,742205727,2595227367,2202732235,6473483,156084819,689491464,997418119,1276457806,1672033911
20254,발달상권,장승배기역,화초,39191578,1868,22716143,16475435,12328808,26862770,0,1613573,2643661,3817770,8100805,23015769
20254,발달상권,여의도역(여의도),일반교습학원,4931156483,15329,3925684453,1005472030,2114257783,2816898700,0,0,129243368,3509690538,1181015625,111206952
20254,전통시장,영등포청과시장(조광시장),청과상,86362712315,1169912,66525130868,19837581447,40816131337,31590921060,0,3613734430,7416581646,10152933667,17724262724,33499539929
20254,골목상권,언주역 3번,슈퍼마켓,231552997,15484,189154391,42398606,97496053,68468942,2346867,11783239,52756834,35073499,28690546,35314012
20254,발달상권,영등포구청역,부동산중개업,201629716,9407,129071991,72557725,91942981,109686735,0,0,110768527,53024310,2283524,35553355
20254,전통시장,신금호역 골목형상점가,중식음식점,91615465,5336,65158868,26456597,45712481,42215318,1814335,11069575,20018808,20248159,18056592,16720330
20254,전통시장,경창시장,육류판매,1585996726,52185,1097549774,488446952,629365517,910588769,73466,27782506,206210684,224502220,343073986,738311425
20254,골목상권,선정릉역 4번,네일숍,43868442,944,34494268,9374174,29914101,13954341,503346,14196489,15762622,9267831,3293010,845144
20254,발달상권,사가정역,치과의원,1729785395,9815,1596426270,133359125,758180591,971604804,0,20673735,156265940,103338123,511938038,937569559
20254,발달상권,홍제역,안경,393559791,3639,282299031,111260760,147121315,246115040,3662813,25644246,60640897,58562722,138127906,106921207
20254,발달상권,송파사거리(송파역),화장품,85495801,160,82011326,3484475,18023147,67472654,0,0,1802315,8110416,64969439,10613631
20254,골목상권,우장산역 4번,패스트푸드점,75921535,4687,60490744,15430791,30651978,26228324,746237,6305726,9184033,16328080,13840970,10475255
20254,발달상권,포이사거리(삼호물산),가전제품,86718952,335,84113214,2605738,78157242,8561710,0,0,0,0,78901738,7817214
20254,골목상권,금호삼성래미안아파트,호프-간이주점,12812881,955,5723712,7089169,8214145,4598736,2589259,1251804,3557761,4106250,945442,362365
20254,발달상권,대치사거리,양식음식점,47549727,2706,26768597,20781130,21580758,20529165,3455417,3784296,4803661,13989441,13095656,2981450
20254,골목상권,영등포구청역 2번,의약품,1477605433,80740,1313308594,164296839,853579401,624026032,0,60170711,194711657,180691292,280957397,761074376
20254,골목상권,방배동사이길,제과점,135377037,8813,85926308,49450729,48189114,66870219,378700,10831176,35591542,29554968,20741702,17961248
20254,발달상권,잠실새내역(신천),한식음식점,22867973158,492526,15269630303,7598342855,11868578719,6919610546,181040966,3119314023,5064535006,4455162631,3416032175,2552104465
20254,골목상권,홍대땡땡거리,한식음식점,2584284063,40198,1691203884,893080179,1365552225,760813304,8567864,356657297,510317901,592990412,413443742,244388310
20254,발달상권,수유역,화장품,731904783,16066,493330974,238573809,227012892,457506604,729347,25035084,30426973,40967982,302353274,285006837
20254,전통시장,연서시장,수산물판매,1676581309,76465,1218930173,457651136,537137168,1139444141,0,31994359,80384688,183771529,377716124,1002714609
20254,발달상권,가로수길,애완동물,66563303,459,64107905,2455398,56611618,9951685,155392,484224,50748781,2890148,8049366,4235392
20254,골목상권,상왕십리역 6번,피부관리실,8036408,92,4371933,3664475,786065,7250343,0,1962070,1651619,3724976,388616,309127
20254,골목상권,행당역 2번,호프-간이주점,86835093,1907,58799735,28035358,54410771,27307007,289426,13247858,23533887,13192635,16008326,15445646
20254,골목상권,염곡동 구룡사(포이동성당),골프연습장,19585946,498,15296655,4289291,17312855,116768,0,389228,2452136,2958131,10890595,739533
20254,골목상권,행당역 2번,화장품,13238442,71,11859831,1378611,10877807,2115129,0,604323,2190670,660978,9536964,0
20254,골목상권,강동구청(강동구청역 2번),한식음식점,75438435,4429,62227443,13210992,30627508,26355567,35711,3730874,14245730,14135891,11344500,13490366
20254,전통시장,영등포유통상가,가전제품수리,58072551,2154,49458919,8613632,45013173,13059378,0,0,12989912,8335773,19033348,17713518
20254,골목상권,당곡중학교,호프-간이주점,231884789,4346,158351028,73533761,157718177,64058113,824375,23645849,104379305,32077320,41317325,19532119
20254,발달상권,구역삼세무서,미용실,283122218,5953,198881160,84241058,147426438,135695780,946297,21720926,62898262,77965770,61882547,57708416
20254,골목상권,행당역 2번,분식전문점,61075889,5557,45214311,15861578,23475951,20055546,1456590,8028333,9377614,10797706,8369862,5501392
20254,골목상권,남부초등학교,한식음식점,456841837,8270,301276860,155564977,276221811,180355455,1202871,115434224,162153893,58430506,57207095,62148678
20254,전통시장,유진상가,시계및귀금속,43072558,167,31669841,11402717,5470156,37602402,0,34434,491920,4579781,23061233,14905190
20254,전통시장,서원동상점가,양식음식점,3806330,92,3478118,328212,1659549,189530,0,349013,493242,638395,368429,0
20254,골목상권,등촌역 1번,슈퍼마켓,378000000,37761,246924579,131075421,222359175,155640825,505415,22235070,104908572,99235429,88036350,63079164
20254,골목상권,개봉3동주민센터,슈퍼마켓,11620675,2579,7822537,3798138,6113956,5506719,231248,1214472,2861498,2792456,1985579,2535422
20254,골목상권,오류2동버들시장,노래방,113088127,1155,76792272,36295855,93745674,14592282,217592,2101279,17216698,19227150,44706738,24868500
20254,발달상권,구삼강변맛길,스포츠클럽,637240143,1563,536860619,100379524,224622125,390462300,1299518,58415902,80603111,127625775,233128987,114011133
20254,발달상권,디지털단지오거리,중식음식점,672906256,18078,419993877,252912379,400131752,250564740,362014,50477010,157849151,163445068,190645250,87917995
20254,발달상권,상봉역,치과의원,1738323813,14472,1553261637,185062176,738500814,992126177,663376,317909088,445795806,423302485,303327586,239628650
20254,발달상권,구로디지털단지,조명용품,3737700037,373,3737700037,0,57079880,3680620157,0,0,4537119,3709540646,14108960,9513312
20254,발달상권,가로수길,전자상거래업,535214069,4919,441430135,93783934,194839680,300086470,43283814,334005054,23176531,53668770,40791981,0
20254,전통시장,포방터시장,일식음식점,20195667,1311,14651758,5543909,11540854,8654813,0,706152,3174376,3808359,2399517,10107263
20254,발달상권,군자역,가구,6931474192,5560,3222780000,3708694192,3233703682,3409409627,5264784,227579456,2256471968,532811242,1376557495,2244428365
20254,발달상권,송파나루역,미용실,86423732,1421,49615373,36808359,61298360,25125372,1815185,11252165,31422340,20159523,15453754,6320765
20254,골목상권,석수역 1번 출입구,중식음식점,14942584,660,8085166,6857418,8983517,3419726,0,748626,1802692,2012307,2371649,5467968
20254,발달상권,국회의사당역(국회의사당),일식음식점,5047169152,57793,4438913798,608255354,1570253747,993293927,2216022,343156210,868319961,572129757,437975443,339750282
20254,발달상권,창동역,슈퍼마켓,599834664,86769,442235156,157599508,453757909,146076755,1778356,52991971,132163788,118725087,193971803,100203659
20254,골목상권,상왕십리역 3번,한식음식점,2663700731,22911,2111907994,551792737,978442127,532288961,1070313,64771249,275335762,274889137,453734755,440929874
20254,발달상권,남부터미널역,의료기기,78165256,344,78165256,0,65475929,12689327,0,999272,999272,3108845,33743689,39314178
20254,골목상권,신림역 8번,미용실,16994930,373,10680047,6314883,5838540,11156390,0,3194826,5990108,3288945,3728733,792317
20254,골목상권,상왕십리역 3번,화장품,41331501,194,18576122,22755379,3569471,37762030,0,16657532,17103716,2230919,0,5339334
20254,발달상권,교육개발원입구사거리,스포츠 강습,27671933,84,27671933,0,17294958,10376975,0,0,0,9542046,0,18129887
20254,골목상권,시흥4동주민센터(서울신흥초등학교),예술학원,17356585,115,17356585,0,16348746,1007839,0,0,1007838,1007839,15340908,0
20254,발달상권,충무로역,반찬가게,294000000,44739,294000000,0,180581144,105277263,0,26338436,52295048,150726701,50897261,5600960
20254,골목상권,방배초등학교,세탁소,318673,40,318673,0,199171,119502,0,0,13278,0,305395,0
20254,골목상권,청계천박물관,한식음식점,105436193,5220,105436193,0,69733238,15746215,0,2999280,11391492,23705840,27570296,19812545
20254,발달상권,강남을지병원,치킨전문점,455258945,6941,300828269,154430676,205623424,121881421,3650201,48565562,84742045,72767450,58178865,59600723
20254,골목상권,청계천박물관,청과상,123000000,9555,90469493,32530507,68604584,54395416,326240,3137792,9239676,11677969,38815486,59802837
20254,발달상권,경찰병원역,자동차수리,720916045,5254,657811752,63104293,475377483,97850788,0,17063680,89960631,78635841,141381832,247132625
20254,전통시장,응암오거리상점가,중식음식점,185960151,4715,115668743,70291408,95870796,68208467,486973,20789335,44284980,44594596,38607440,15315940
20254,골목상권,성동구보건소,인테리어,12723072,386,12723072,0,12723072,0,0,0,12723072,0,0,0
20254,전통시장,망원시장,청과상,1908000000,171494,1304140369,603859631,806054836,1101945164,6751847,81345029,187825385,299080730,469018755,863978254
20254,발달상권,강남을지병원,일반의원,19914643342,28960,16606063362,3308579980,5968085063,13859273495,27341675,3034705816,5661261911,4408178959,4459101226,2236768970
20254,골목상권,개봉중학교,자동차수리,466505771,1899,405248661,61257110,335390201,84754641,0,3761147,82173888,84446533,131520121,118243155
20254,발달상권,종로4가,섬유제품,3424592,24,2435581,989011,989011,2435581,0,989011,0,0,0,2435581
20254,골목상권,왕십리역 9번,일반의원,1147447672,47457,1006390090,141057582,489832536,647524922,8378646,87465876,147206668,225884042,318746354,349675872
20254,발달상권,군자역,세탁소,41502487,2332,34189054,7313433,13315789,28186698,0,15997643,10482325,8684211,0,6338308
20254,골목상권,남성역 1번,호프-간이주점,254838648,5920,164511368,90327280,202215860,43077741,0,27184317,76095639,52328644,55816484,33868515
20254,골목상권,덕의초등학교,자동차수리,700158304,1587,649187033,50971271,89931664,16843448,0,1534429,3791980,9788600,59613458,32046643
20254,발달상권,강남구청역,중식음식점,195030822,8084,167792827,27237995,80109387,54233723,1165415,16335908,44468346,27682921,33472680,11217839
20254,전통시장,응암오거리상점가,일반의원,1430432641,77280,1215322583,215110058,651545988,778886653,596876,41226509,84145472,257519168,311234972,735709644
20254,전통시장,청평화시장,일반의류,796856961,20767,481111196,315745765,176536386,497412918,0,26861871,59288862,141096089,246317530,200384950
20254,발달상권,교대역(법원.검찰청),자동차수리,222510662,1902,196591061,25919601,82077249,51365175,0,1810114,14358759,18923188,43801716,54548646
20254,발달상권,북창동(시청역_6번),편의점,2377822594,289696,2031764359,346058235,1257960649,1001393445,17711944,395415963,715348346,492503939,430314247,208059650
20254,골목상권,천호역 6번,호프-간이주점,214761678,4308,143596536,71165142,150294351,55516537,823724,28982654,62446178,54147209,37046312,22364810
20254,발달상권,군자역,일반의원,7819996282,201861,6510216657,1309779625,3280967926,4539028356,13799458,867585094,1784136554,1555168543,1656014179,1943292454
20254,골목상권,등촌역 4번,커피-음료,3401422,255,2437406,964016,1032430,2368992,0,712128,1762596,363216,394313,169169
20254,골목상권,서울숲카페거리,호프-간이주점,58120541,636,35994238,22126303,20476898,35964744,0,6840379,25710980,8950348,14055109,884825
20254,전통시장,영등포청과시장(조광시장),일반의류,61064787,247,47677285,13387502,16239220,44825567,0,3032495,5114326,0,20292023,32625943
20254,골목상권,독산119안전센터,중식음식점,127860315,4417,82097985,45762330,69915640,47881992,249012,7463376,18923905,27853424,27932347,35375568
20254,전통시장,홍대 걷고싶은 거리,미용실,898942828,10229,568347086,330595742,328424318,569968061,20358959,290428262,216482718,174503190,149611334,47007916
20254,골목상권,한양대역 4번,패스트푸드점,609774062,66412,457591199,152182863,357561497,184825382,40377839,249597552,96245381,61429270,73067534,21669304
20254,전통시장,영등포청과시장(조광시장),커피-음료,75645932,14720,65924094,9721838,28200333,34166686,134902,8645717,26447278,14666079,9784588,2688455
20254,발달상권,독산동,미용실,440878458,9877,309249309,131629149,200661192,240029472,1220148,52509567,96644928,88454597,101645539,100215885
20254,골목상권,경문고등학교(동작동성당),슈퍼마켓,448284074,56037,317715230,130568844,318080523,122206812,1759743,42847143,87875489,89044761,106337561,112422638
20254,골목상권,마장역 2번,일반교습학원,77813350,158,77813350,0,53567819,24245531,0,0,7410751,59244095,11158504,0
20254,발달상권,종로5가역,의료기기,3602855522,42109,3310641836,292213686,2455541796,1017647684,0,18691370,562811572,425831375,730238172,1735616990
20254,골목상권,마장역 2번,의약품,228194696,17017,192274395,35920301,118734596,106139949,398069,7375654,21556368,45426261,52968699,96721090
20254,발달상권,논현역,당구장,46459016,1320,37059096,9399920,41921994,168355,0,952851,9201522,8065456,7262350,16608170
20254,골목상권,강일동주민센터,커피-음료,224964278,44707,149017958,75946320,106547285,114775079,1798970,26515334,54880928,72700603,43504075,21922453
20254,발달상권,망원역,일식음식점,294928140,9047,170906273,124021867,148997892,117320240,4692244,74902028,73532232,53419077,42167914,17604640
20254,발달상권,명동역(명동재미로),일식음식점,141669794,7480,133767664,7902130,49994661,53734481,3541614,19001622,23961969,32495225,18673019,6055691
20254,골목상권,장승배기역 4번,슈퍼마켓,2612429296,251628,1890517581,721911715,1316724935,1143986387,8623924,208493936,412521779,389581194,615981504,825508988
20254,골목상권,영등포구청역 2번,한식음식점,1567823630,62786,1357979431,209844199,685326783,523141584,1652269,110117137,248136336,283939761,266095583,298527281
20254,골목상권,마장역 2번,미용실,102375365,3346,70953055,31422310,61840138,39310244,305315,13281423,26214076,16877914,26273103,18198552
20254,발달상권,오목교역,한식음식점,9528544708,194109,6610154342,2918390366,4915028075,2900825784,52900729,878803777,1610057084,2339505249,1997279311,937307702
20254,골목상권,마포구청역 7번,호프-간이주점,87867215,5053,58761805,29105410,47729058,35898648,0,10277292,23618855,13608966,24374005,11748585
20254,골목상권,문현중학교(장지역 1번),스포츠 강습,45947871,94,37773114,8174757,3852633,42095238,0,14075699,9276448,3861776,18733948,0
20254,발달상권,영중로,미용실,163466065,2175,84765529,78700536,77143579,86322486,20806,18671280,51211096,47009272,31488867,15064744
20254,전통시장,서교시장,슈퍼마켓,445027833,67666,260903286,184124547,155521822,289506011,34982016,178096574,93536852,92979084,37127571,8305736
20254,골목상권,시흥4동주민센터(서울신흥초등학교),일반의류,21736276,134,21736276,0,1292376,20443900,0,0,0,1292376,4358671,16085229
20254,발달상권,인사동,서적,469928772,5974,464538899,5389873,109679812,296692794,0,5480735,10570809,24915483,164878104,200527474
20254,발달상권,방이역,일반교습학원,2340019548,6989,1815849618,524169930,962645065,1377374483,1555238,9382189,46001299,1431747852,811628837,39704133
20254,골목상권,가좌역 2번,분식전문점,8466846,893,7794936,671910,3435834,5031012,0,713687,3147809,2836907,1165618,602825
20254,발달상권,군자역,예술학원,381659627,1084,305846264,75813363,202389263,179270364,0,77811599,30622555,79909756,179125979,14189738
20254,발달상권,강남구청역,호프-간이주점,2803991294,38108,2042466065,761525229,1514899262,605654884,10130581,287803579,872958472,457196207,202457358,290007948
20254,골목상권,뚝섬역교차로,미용실,1911897,7,1911897,0,0,1911897,0,1911897,0,0,0,0
20254,발달상권,선릉역,패스트푸드점,662239707,62331,533043058,129196649,238852910,271759464,7345011,83630341,168716477,118520877,90970480,41429189
20254,발달상권,삼성역,패스트푸드점,107161176,6187,79646792,27514384,22142104,23808288,51906,7455793,7536765,8736834,16270485,5898608
20254,발달상권,서울남부지방법원,슈퍼마켓,310210077,32689,204501081,105708996,205675660,104534417,457333,12889188,31565500,69115939,119670055,76512062
20254,골목상권,강동구립성내도서관,호프-간이주점,185667181,3408,123152193,62514988,120466778,52989524,0,10147783,15505693,26804194,60818782,60179848
20254,전통시장,인현시장,호프-간이주점,1629461993,54754,1331685263,297776730,972433166,380326382,2600697,250611587,379418206,278915498,294400820,146812737
20254,발달상권,내방역,일반의원,2757613641,52126,2255303753,502309888,1192111742,1565501899,2222658,97775176,307276595,771524965,711967725,866846522
20254,골목상권,양천향교역 7번,화장품,2998234521,13719,2934719062,63515459,238360814,2759873707,0,430380748,991908213,816808798,436224170,322912592
20254,발달상권,수서역,호프-간이주점,864986771,16209,691457387,173529384,478417772,236932353,3474011,67200698,218799137,198779713,147373304,79723268
20254,전통시장,영림시장,미용실,173368424,4723,108979536,64388888,68962515,104405909,840371,11649223,30173409,23416748,34119247,73169426
20254,골목상권,사근동살곶이상점가,세탁소,69838870,7621,59176945,10661925,31319148,28188723,1228726,25233730,14658951,3730036,11132123,3524305
20254,발달상권,역삼역,가방,92920,6,0,92920,92920,0,0,0,0,0,0,92920
20254,발달상권,수서역,스포츠 강습,127226823,279,126363153,863670,8987625,100301222,0,12906025,40848426,38542241,13451152,3541003
20254,발달상권,석촌고분역,골프연습장,314685456,8404,189213344,125472112,187658046,87201976,681458,10091046,70050661,57907100,107976241,28153516
20254,골목상권,서울숲역 1번,한식음식점,105344411,3384,84469871,20874540,31749837,40072135,557402,15681015,26333778,14790061,8029422,6430295
20254,발달상권,둔촌역,신발,304607483,2037,304607483,0,64220168,212569133,0,0,0,0,47584736,229204565
20254,골목상권,성수1가1동주민센터,커피-음료,184219542,15572,151051854,33167688,90604822,61474418,767170,21366427,50263568,29690540,26189546,23801987
20254,발달상권,봉은사역,편의점,796722540,124021,658756596,137965944,531437835,192984280,7786833,87793246,206917224,203246214,146642306,72036291
20254,발달상권,은행사거리,치킨전문점,227996083,6953,144633976,83362107,116648111,92847642,2608189,13359738,23286775,82146138,76476972,11617942
20254,발달상권,녹두거리(대학동),커피-음료,907166364,141007,610530602,296635762,390291834,483513764,13682147,256863080,242080888,152968327,144296303,63914856
20254,골목상권,성원중학교,의약품,3442868503,87546,3267875193,174993310,1535676470,1896094744,427387,44400899,118582712,1009005207,1002266883,1257088127
20254,발달상권,압구정로데오역(압구정로데오),세탁소,698927734,2804,683691584,15236150,262844278,70890460,0,2563489,291584895,6354821,23346920,9884610
20254,골목상권,성원중학교,애완동물,44911305,27,0,44911305,0,44911305,0,0,44911305,0,0,0
20254,발달상권,약수역,미용실,356330307,8148,230351435,125978872,179133762,177039237,992232,38009759,60643914,78806215,105079601,72641277
20254,전통시장,남구로시장,제과점,318466051,18970,254550549,63915502,91362640,142081501,1443911,16956313,44660309,49595656,60026302,60761651
20254,발달상권,매봉역,호프-간이주점,1047242002,12100,837166604,210075398,486568803,190729371,834661,79419334,223257012,155256977,148613618,69916571
20254,발달상권,서울숲역,슈퍼마켓,21195455,2851,16578053,4617402,18348054,2847401,29037,2553238,5436797,1849850,3834032,7492501
20254,발달상권,대치역,육류판매,333613465,5548,225028260,108585205,165486888,159343370,0,177095,8991834,85365431,108964763,121331133
20254,발달상권,당산역,한의원,367192669,7802,263412621,103780048,236962234,130230435,151654,22008577,94990543,100751216,58402888,90887791
20254,전통시장,"동원전통종합시장(동원시장, 동원전통시장 상점가)",육류판매,8061622109,219627,5809102682,2252519427,2526529505,5028309132,8054558,216767185,644560006,738576769,1852057924,4094822195
20254,골목상권,대림성모병원,스포츠 강습,21120410,65,21120410,0,13038078,8082332,0,7720754,5317324,5636363,2445969,0
20254,발달상권,등촌역,제과점,417677601,42385,305715124,111962477,168492574,228687680,1033322,31627196,78302574,88028118,96397550,101791494
20254,골목상권,성원중학교,예술학원,200256466,1044,171608800,28647666,43381127,156875339,0,6196092,23590970,132411114,38058290,0
20254,골목상권,성원중학교,화장품,987941,52,987941,0,397607,590334,0,0,0,277804,0,710137
20254,발달상권,내방역,당구장,17006717,1029,12146797,4859920,15721199,1285518,0,0,2069820,1545560,4371085,9020252
20254,발달상권,장한평역(장한평),당구장,310904662,12579,221557723,89346939,219718699,47021853,852465,28977424,41841019,46951325,78701752,69416567
20254,골목상권,성원중학교,당구장,33101859,2111,16201587,16900272,28317238,4784621,0,136605,3474546,2422171,12607509,14461028
20254,전통시장,방천골목시장,노래방,26070513,336,15164880,10905633,22960588,3109925,0,1049412,1473872,1693997,6458372,15394860
20254,발달상권,홍제역,피부관리실,58283568,657,43323478,14960090,11560424,46723144,0,5685859,5941124,19156051,8021446,19479088
20254,골목상권,성원중학교,시계및귀금속,27182334,125,17534774,9647560,14994634,11977371,0,0,220000,0,9480033,17271972
20254,골목상권,성원중학교,양식음식점,104884591,299,69735296,35149295,45891391,26234285,0,13132474,31819717,17437696,6220374,3515415
20254,발달상권,포이사거리(삼호물산),치과의원,2018736509,10467,1825511107,193225402,911079416,1008684355,0,154168285,204618928,299304754,441817868,819853935
20254,골목상권,방배아이파크아파트,커피-음료,91730916,13342,76667750,15063166,41118614,43023645,480077,7812287,15564032,23344030,27650118,9291715
20254,발달상권,강남을지병원,호프-간이주점,666621329,14116,534657650,131963679,243993196,171749368,356308,53559860,147829057,120363040,75662468,17971832
20254,골목상권,상도역 2번,치킨전문점,29429458,1796,22396040,7033418,20509026,8195212,0,7176307,11586719,1673729,2474125,5793358
20254,발달상권,봉은사역,골프연습장,4632264,62,4434711,197553,4169038,463226,0,0,974137,2840668,81746,735713
20254,전통시장,강남개포시장,호프-간이주점,685005991,15126,493000281,192005710,408631838,189833857,6748435,71922771,105626115,163887131,159041318,91239924
20254,발달상권,가로수길,치과의원,1085924606,7315,999222072,86702534,667551896,418197904,4489098,21585189,66911297,192223971,391135364,409579687
20254,골목상권,성원중학교,노래방,176945283,1346,117637986,59307297,162282421,8184013,0,1588012,26956526,29312925,42400930,70208041
20254,골목상권,성원중학교,편의점,698670595,93051,518210165,180460430,491142029,202856120,3084011,101783392,200705795,116532587,167877175,104015189
20254,발달상권,동묘앞역(동묘),양식음식점,2779437561,64919,1979088682,800348879,1812781878,948360621,199790113,1707589653,424907866,224425173,113072116,91357576
20254,골목상권,암사역 1번,육류판매,116775654,2891,83640010,33135644,72143817,31278453,0,3500569,13905438,14048575,30387679,41580008
20254,골목상권,성원중학교,슈퍼마켓,2452012423,178037,1775907394,676105029,1430030622,817437146,814003,111096797,414147382,520990153,608304739,592114694
20254,골목상권,성원중학교,문구,272002553,4427,266723793,5278760,15193862,7578909,97189,1346540,7618776,11886582,773487,1050199
20254,전통시장,뚝섬역상점가,일반교습학원,201352115,674,201352115,0,105906159,95445956,0,0,8319778,145627698,32288360,15116279
20254,골목상권,증산역 1번,슈퍼마켓,270384658,23377,205389073,64995585,172402248,97982410,0,1471928,71810195,47929761,79284690,69888084
20254,발달상권,학동사거리,한의원,186891335,1339,153149110,33742225,43126210,143765125,0,2256055,20328944,78857901,18555482,66892953
20254,골목상권,성원어린이공원,한식음식점,757220680,29559,718539647,38681033,230582876,143922817,0,54807793,140620325,74433052,65434760,39209760
20254,골목상권,성원어린이공원,예술학원,486479871,448,486479871,0,312038976,174440895,0,0,251431947,138993611,0,96054313
20254,전통시장,강남시장(강남구 강남시장),호프-간이주점,346836660,5728,232687552,114149108,166521424,154760385,1632053,138633604,115906505,35717745,23031743,6360162
20254,발달상권,가산디지털단지,일식음식점,3961324886,136019,3683868826,277456060,1478074482,1037997025,6523865,488114850,925491654,532219821,382153920,181567392
20254,발달상권,한강성심병원,부동산중개업,228000000,10327,190391753,37608247,228000000,0,0,0,29562113,3165249,12294303,182978335
20254,발달상권,광화문역,일식음식점,3296461504,61038,2937207582,359253922,1085472842,810952602,8682416,264545858,480591036,403552622,370322363,368731150
20254,발달상권,잠실새내역(신천),패스트푸드점,1443601432,146517,1024602807,418998625,701018648,673059343,32585213,243950457,312406247,391657141,265210636,128268295
20254,발달상권,논현역 4번,양식음식점,38538615,235,34713126,3825489,16654662,13211049,0,9830634,10723473,8114878,746273,450453
20254,골목상권,둔촌동역 1번(한산중학교),세탁소,17237366,905,13103620,4133746,9578060,7659306,0,1234859,4263472,4447085,4807270,2484680
20254,발달상권,사가정역,안경,234636507,2366,161204791,73431716,98253105,136383402,765819,18922938,41532175,59317486,59739989,54358100
20254,발달상권,국회의사당역(국회의사당),치과의원,1396368353,8758,1383089681,13278672,751806700,644561653,0,62259142,233331575,384918460,415545482,300313694
20254,발달상권,잠실새내역(신천),여관,826457515,19369,579517399,246940116,520266292,170053360,12915963,114424925,146793854,162680291,161837107,91667513
20254,전통시장,신흥시장,한식음식점,635972494,11556,360596081,275376413,295276187,303303688,9278234,208705306,196001828,69058960,73700624,41834926
20254,골목상권,강남세브란스병원미래의학연구센터,치킨전문점,64239425,1157,43488043,20751382,34102569,21964503,189052,3250508,10692057,22984497,14873349,4077609
20254,골목상권,대림역 2번,핸드폰,25759458,1891,19851325,5908133,16306446,2363253,0,0,0,0,2363253,16306446
20254,전통시장,성동용답상가시장,네일숍,2977033,29,2977033,0,0,2977033,0,0,548439,339613,1445162,643819
20254,골목상권,성수동카페거리,한식음식점,5062364211,173795,3764549866,1297814345,1980839634,2003787479,76772917,1181568841,1192238966,689920433,569077353,275048602
20254,발달상권,뚝섬역,노래방,130850279,9160,103700879,27149400,80135710,32955760,4045213,23879474,27764531,15570019,32804515,9027720
20254,발달상권,당산2동(영등포우체국),예술학원,54013793,154,41918716,12095077,8518029,41370282,0,8119365,35261609,3042360,3464977,0
20254,전통시장,삼구시장(로타리상가),한식음식점,337249372,8127,181402953,155846419,226990560,102504238,0,32259606,51987509,25608447,31212018,188427218
20254,발달상권,신용산역(용산역),슈퍼마켓,532026926,42900,448954244,83072682,235271239,137942914,612402,42049240,93668944,83669071,76748156,76466340
20254,발달상권,명동(명동거리),의약품,4523975840,228719,3800892079,723083761,1563966463,2953452130,32294728,931958046,1337537353,1006675179,728238005,480715283
20254,골목상권,석촌역 3번,청과상,150000000,7565,108108680,41891320,49687990,86660259,0,598079,14264730,19256506,37615970,64612962
20254,전통시장,남구로시장,분식전문점,20445667,1802,16365222,4080445,6771283,13674384,35267,589542,2702248,4779972,6145064,6193574
20254,골목상권,성수동카페거리,반찬가게,9840099,504,9713944,126155,3406188,6433911,0,6433911,3406188,0,0,0
20254,발달상권,"양재시민의숲역(양재동꽃시장, aT센터)",스포츠클럽,290255834,779,274127368,16128466,136985787,153270047,0,39194796,142642119,32132547,57382508,18903864
20254,발달상권,"신촌역(신촌역, 신촌로터리)",예술학원,359957579,791,277315459,82642120,138095074,221862505,0,29631260,20714502,135529007,174082810,0
20254,골목상권,강동역 4번(강풀만화거리),예술학원,32500171,484,22383807,10116364,8224168,24276003,0,0,6807273,9374473,4837575,11480850
20254,골목상권,삼전역 4번,화초,6880160,193,6638468,241692,3319234,3158106,161128,765358,2610271,2296072,644512,0
20254,골목상권,방화초등학교,미용실,36432333,1495,21850638,14581695,13968309,22176254,0,0,1090022,5987781,9691621,19375139
20254,골목상권,서울교통공사,커피-음료,29111771,2952,29111771,0,13428543,10410854,0,2004068,10269239,6211323,4276776,1077991
20254,골목상권,상수역 4번,양식음식점,87434148,2512,65007504,22426644,22675852,46829069,1435734,28846093,20236148,12088244,4913561,1985141
20254,골목상권,성수119안전센터,노래방,179368628,2024,113054791,66313837,147065139,29091826,0,11603842,20870597,5671279,21394507,116616740
20254,발달상권,서울시청,서적,29792,30,29792,0,0,29792,0,0,0,29792,0,0
20254,전통시장,인왕시장(홍제골목형상점가),청과상,31556256204,1141173,25552424609,6003831595,8167565664,21570098883,6368037,1132990190,825079108,3831284109,7431912609,16510030496
20254,골목상권,성수119안전센터,의약품,187650692,16705,162147620,25503072,100315376,87335316,398212,4481730,19680651,23595370,43052540,96442189
20254,골목상권,도곡초등학교,외국어학원,136852151,132,118509716,18342435,68780716,68071435,0,0,0,120841601,16010550,0
20254,발달상권,당산역,슈퍼마켓,433976989,79347,330741754,103235235,258622210,175354779,5520052,74321766,144625921,92705222,71561559,45242469
20254,발달상권,약수역,치과의원,1403235499,12350,1264511024,138724475,717453002,685782497,1020140,92775397,167145692,224187936,316166636,601939698
20254,발달상권,방이동먹자골목,노래방,1192857117,65979,778619194,414237923,705258734,276963127,18795267,243971434,263950971,207956047,166406870,81141273
20254,발달상권,국회의사당역(국회의사당),예술학원,154623264,360,124391551,30231713,36120570,114644283,0,12357037,59777239,57977396,15298653,5354528
20254,골목상권,청담역 3번,피부관리실,12000000,12,12000000,0,8000000,491228,0,0,491228,545455,0,7454545
20254,전통시장,방학동도깨비시장,슈퍼마켓,14940784,1013,10915439,4025345,8626350,4689459,0,73474,349533,1063582,2797697,9031523
20254,골목상권,성수119안전센터,자동차수리,302054141,2231,257266313,44787828,210045707,67939901,0,3933901,32811793,83645909,84005473,73588531
20254,발달상권,신설동역,편의점,2341301426,395390,1748819618,592481808,1399458099,932895639,40952931,494294200,520115005,477337342,496098280,303555980
20254,발달상권,영등포청과시장교차로,의료기기,92284736,264,92284736,0,88092697,4192039,0,0,23954506,13773842,25331890,29224498
20254,골목상권,서울축산농협 독산역지점(독산파출소),한식음식점,292354514,10422,234497666,57856848,173032483,79119394,632220,16119890,51015071,57162373,67880858,59341466
20254,골목상권,성수119안전센터,편의점,1522185535,203342,1094497886,427687649,993968920,503503912,2360740,202909948,450582219,281434145,329060165,231125617
20254,골목상권,망리단길,인테리어,4737731,193,4536434,201297,3135406,201298,0,0,797137,595840,1033863,909864
20254,골목상권,선유도역 6번,화장품,2320843,66,892632,1428211,575252,1745591,0,0,1322418,105793,681045,211587
20254,발달상권,63빌딩,화초,45789726,530,28618579,17171147,28406589,1589921,0,0,19503031,4663768,5617721,211989
20254,전통시장,창동역상점가,일반의류,43601720,174,43601720,0,9643316,33958404,0,0,0,0,0,43601720
20254,골목상권,성동세무서,일반의원,424662428,12128,410390286,14272142,203274658,213394919,0,10090468,40543178,45241181,80165594,240629155
20254,발달상권,은행사거리,외국어학원,1073917214,3363,866755637,207161577,388394701,685522513,0,3376231,25617448,741591380,299772037,3560118
20254,전통시장,아현시장,한식음식점,930092907,29724,623065571,307027336,472171085,382453428,424351,46451983,162101972,165217722,223569397,256859082
20254,골목상권,양천향교역 7번,핸드폰,1931818,290,1931818,0,965909,965909,0,0,482954,1448864,0,0
20254,골목상권,경수초등학교,커피-음료,338780582,34843,240364803,98415779,112363901,192068669,8736340,105213456,98837537,50172338,32457362,9015537
20254,발달상권,상봉역,치킨전문점,105239254,2523,73662039,31577215,51953863,39928966,0,7886416,11575376,12555649,19961458,39903928
20254,골목상권,경수초등학교,한식음식점,4111000128,110798,3231966400,879033728,1284452915,1238955351,82527766,644006012,676633423,504407373,419081757,196751938
20254,골목상권,홍제역 2번,한식음식점,720977067,19470,503685183,217291884,424377909,197407779,2057692,33397160,64229156,94915487,190918173,236268019
20254,골목상권,방이역 2번,세탁소,47279562,1616,42996350,4283212,23257359,24022203,0,367030,5340563,14789743,8009994,18772232
20254,발달상권,미아역,제과점,1003895652,99689,791962202,211933450,352303674,572407741,6082430,75841895,127535472,175122208,253746526,286382880
20254,골목상권,경수초등학교,화장품,296000000,6343,186613173,109386827,49227099,192297832,3927021,88842030,70712328,38484241,23383921,16175390
20254,골목상권,경수초등학교,분식전문점,68730035,5842,52804836,15925199,7133061,31201705,1459039,16498716,9773446,1400889,8340998,861679
20254,골목상권,경수초등학교,양식음식점,711006043,39082,479281209,231724834,205926540,433096527,17452676,233381213,199007421,98439497,70178673,20563590
20254,골목상권,덕의초등학교,미용실,47670545,1162,25987213,21683332,24595396,23075149,162869,2525974,6671241,16935343,11409474,9965644
20254,발달상권,아차산역,화초,59431260,2302,44164279,15266981,35177187,21696790,0,13166365,21147603,9861728,6785571,5912709
20254,골목상권,경수초등학교,철물점,45818219,2094,38224332,7593887,15885769,7911487,0,838532,7517686,7291981,4777278,3371779
20254,골목상권,경수초등학교,신발,1982886122,21085,1330058797,652827325,480332373,1476770645,25767834,717882764,635693355,125275455,272239614,180243996
20254,골목상권,KB국민은행 서강지점,한식음식점,121789228,4585,103556426,18232802,63678333,29635294,0,4002710,17822406,18683696,27383663,25421152
20254,골목상권,양천향교역 7번,일식음식점,56236619,1620,51678583,4558036,24481089,16521250,0,3069528,11429837,9440528,10072503,6989943
20254,골목상권,경수초등학교,자동차수리,1215259774,1945,1205895554,9364220,573125490,296429217,0,59903157,63662993,209878209,135739532,400370818
20254,골목상권,암사역 1번,슈퍼마켓,859696433,86460,588361503,271334930,495297392,322100865,1603408,46235520,125434075,188777757,218625586,236721909
20254,발달상권,여의도역(여의도),조명용품,151148150,367,151148150,0,151148150,0,0,0,0,74189781,76958369,0
20254,발달상권,본서부병원,당구장,240299193,6119,140643913,99655280,132712474,107586719,4290320,59410388,81436117,62492523,6530087,26139758
20254,골목상권,성수초등학교,신발,492000000,4543,330512903,161487097,227567437,264432563,0,3188336,42444715,66755771,163202916,216408262
20254,골목상권,성수초등학교,중식음식점,58274245,2453,54132809,4141436,25031792,6668243,0,1534455,6453737,7462548,8107126,8142168
20254,골목상권,성수초등학교,문구,1937697923,95729,1937697923,0,367686326,220917020,2774767,35596293,78030405,154530725,159311253,158359904
20254,발달상권,"숙대입구역(남영역, 남영동)",치과의원,643821515,4060,567349358,76472157,302738690,334869091,2955407,86016180,129062534,125932208,217121191,76520262
20254,골목상권,용강동주민센터,한식음식점,791989797,16126,606573380,185416417,296141572,243543499,417314,17537558,93019936,131537713,134898865,162273683
20254,발달상권,화곡역,패스트푸드점,144015569,11185,96537701,47477868,80880343,63135226,3177984,32044226,43257105,33030148,22067075,10439031
20254,전통시장,로데오거리상점가,치과의원,631281997,6251,508969434,122312563,286151546,345130451,57693,41535283,134471577,107755181,134743438,212718825
20254,골목상권,노량진역 6번,한식음식점,1189203548,31376,990511685,198691863,528127016,231939472,2505830,67530517,152149952,118597780,213554320,205728090
20254,골목상권,성수초등학교,화장품,327000000,354,322428011,4571989,151294617,175705383,0,0,67344042,88233531,108948192,62474235
20254,골목상권,성수초등학교,일반의류,9472639567,72659,5669312229,3803327338,2384845667,6666422909,79794631,2261078112,1536887041,1064106457,1473757693,2635644639
20254,전통시장,우림골목시장,반찬가게,566375550,32889,349855994,216519556,225581876,340793674,17553,6823807,36344467,64472142,207155126,251562455
20254,골목상권,성수초등학교,일반교습학원,652109803,2059,486923714,165186089,254413386,397696417,111206,10375480,55363000,416019252,159251758,10989107
20254,발달상권,발산역(마곡),운동/경기용품,24037869,121,24037869,0,0,24037869,0,0,0,0,24037869,0
20254,전통시장,신원시장,호프-간이주점,171523994,3489,105890047,65633947,133398083,38125911,0,23714389,23702879,9867337,48482095,65757294
20254,발달상권,장승배기역,일식음식점,24334742,946,24334742,0,9300698,13693694,0,2141689,6216952,4551423,4893395,5190933
20254,발달상권,매봉역,당구장,72350557,4134,53234772,19115785,40960954,29294232,1261788,323064,26945849,10365428,16340608,15018448
20254,골목상권,강남구보훈회관,미용실,42355026,682,28626171,13728855,21650529,20704497,269991,4192647,7491253,10390724,17732705,2277706
20254,발달상권,회현역,한의원,125708060,6248,106658843,19049217,69006848,53974681,0,2630949,6828281,25366513,43299876,44855910
20254,전통시장,면목골목시장(면목시장),당구장,118075178,7950,77425715,40649463,104254741,9884551,99854,795294,7234588,37758199,32454640,35796716
20254,골목상권,성수초등학교,반찬가게,188060265,498,188060265,0,188060265,0,0,0,0,188060265,0,0
20254,골목상권,굽은다리역 2번,일반의류,10562461,37,7906403,2656058,3706126,6856335,0,0,0,4200277,0,6362184
20254,골목상권,송정체육공원,한식음식점,394921593,14455,306474478,88447115,212576632,118320017,0,26796460,74889932,52895584,74747413,101567260
20254,골목상권,송정체육공원,일반의류,105870636,496,102888763,2981873,141994,105728642,0,0,0,141994,95505077,10223565
20254,발달상권,서초3동사거리,화장품,565421,5,565421,0,565421,0,0,0,0,0,565421,0
20254,전통시장,새마을시장,편의점,245064223,32280,170064825,74999398,159019017,71075251,1974911,40229049,74469155,58196270,37962211,17262674
20254,발달상권,여의도역(여의도),치킨전문점,1121925506,19801,954345283,167580223,468061912,187276724,10365450,86842056,199178445,158417536,141934129,58601022
20254,골목상권,방배노인종합복지관(이수중학교),커피-음료,150000000,19475,107642758,42357242,65149211,78934588,2759509,36549308,44373134,19319560,29037802,12044487
20254,발달상권,논현역,운동/경기용품,4618074219,27538,2809115778,1808958441,3022337037,1595737182,6486704,785086184,1494913488,1137278434,829762625,364546784
20254,발달상권,장안동사거리,분식전문점,590856357,56025,381508447,209347910,305372653,256838314,5182138,50707176,118667317,170454752,149134476,68065108
20254,발달상권,마들역,제과점,1041835049,98148,739471947,302363102,391366447,602647939,7398757,62208586,220518519,237513490,234535947,231839088
20254,골목상권,송정체육공원,세탁소,34898615,1396,26383147,8515468,15486627,15476356,170084,2951487,7555660,7160523,5009552,8115677
20254,골목상권,송정체육공원,인테리어,26149162,764,23018897,3130265,22866202,3282960,0,0,0,648957,419914,25080291
20254,골목상권,신사은행나무공원,미용실,26128041,270,14806644,11321397,7761054,18366987,0,8992397,6059187,4431951,4212755,2431751
20254,골목상권,가산동우체국,호프-간이주점,383813392,6288,254569527,129243865,251516688,98422079,612530,49982980,100323199,115827996,44396863,38795201
20254,발달상권,개나리아파트,자동차수리,59715174,491,46835430,12879744,37819610,4976265,0,936709,16568034,10655059,12821199,1814873
20254,골목상권,미성초등학교,피부관리실,99200000,1630,28725314,70474686,2666667,96533333,0,16983459,7333334,24642606,5127819,45112782
20254,발달상권,교육개발원입구사거리,미용실,30077167,810,30077167,0,13381931,16695236,0,0,93269,4707871,6808672,18467355
20254,골목상권,홍연시장,한식음식점,218400719,8603,183530792,34869927,111627258,78928186,0,8321917,42649804,44971724,54475124,40136873
20254,골목상권,자양4동주민센터,여관,122634066,658,113451846,9182220,30362182,3074797,0,3055425,2719490,2534278,1428786,23699000
20254,골목상권,둔촌동역 4번,한식음식점,248814194,7083,190941598,57872596,136013250,72009305,251559,25040846,44701506,46892993,48003191,43132460
20254,골목상권,자양4동주민센터,미용실,15444346,741,10209950,5234396,7769986,7674360,0,174350,1639014,3427852,3062449,7140681
20254,골목상권,자양4동주민센터,한식음식점,644052089,19917,471891793,172160296,270174360,272217573,57033,30087972,67728123,79416297,153153655,211948849
20254,골목상권,자양4동주민센터,가구,4743059,43,2587123,2155936,2155936,2587123,0,2155936,0,0,0,2587123
20254,발달상권,구의역,핸드폰,556430113,13225,406608201,149821912,142784970,343897579,0,0,22446034,151707048,100734326,211795142
20254,골목상권,공항시장역 1번,호프-간이주점,94479050,2090,75062570,19416480,63122175,23265723,0,1146121,4424318,10444357,23174803,47198299
20254,발달상권,학동사거리,호프-간이주점,3065019284,16283,2432788647,632230637,1203088178,435994519,1547788,121511941,468813153,476739030,364439131,206031659
20254,골목상권,까치산역 3번,일반교습학원,81656244,153,49301884,32354360,48531540,33124704,0,0,48531540,33124704,0,0
20254,골목상권,자양4동주민센터,편의점,416097363,57204,294269143,121828220,297790504,118306859,2503782,66650548,134398556,68191318,90297246,54055913
20254,골목상권,신월문화체육센터,커피-음료,52669645,12221,36679390,15990255,21257745,30463948,167483,2087270,10645505,9997156,12515521,16308758
20254,골목상권,자양4동주민센터,일반의류,514874786,3430,276691030,238183756,87132410,415272361,0,694446,31237684,25702924,108944683,335825034
20254,발달상권,목동역 8번출구,슈퍼마켓,3148263791,244499,2257963422,890300369,1459454978,1595578710,6736047,155779377,407850997,610806448,767033749,1106827070
20254,골목상권,구로구민회관,화장품,8671624,127,8671624,0,0,8671624,0,0,0,0,0,8671624
20254,발달상권,창동역,중식음식점,543495267,26728,373664457,169830810,273705945,233067289,18081168,63784717,69287774,139438476,126838480,89342624
20254,발달상권,양재역,의료기기,253937325,146,253937325,0,132020780,37396350,0,0,0,33957932,7207051,128252147
20254,골목상권,연희지하차도,슈퍼마켓,13424590,1430,9195831,4228759,8827303,4597287,21230,174256,1488855,5080857,2675396,3983996
20254,발달상권,"총신대입구역(이수, 총신대)",화초,114120396,3962,83773117,30347279,47565319,41361041,705737,19502533,31579127,17861703,10367018,8910244
20254,전통시장,신촌 상인회(신촌상점가),화장품,37834396,1518,28843651,8990745,6784714,31049682,456499,6330383,7820852,8541094,8506856,6178712
20254,골목상권,건대입구역 6번,중식음식점,3696191676,65721,2283963121,1412228555,1972051508,1380456924,40433695,1093268419,1041883177,562273922,416006391,198642829
20254,골목상권,건대입구역 6번,당구장,18933086,909,12332182,6600904,11562425,7370661,329102,5692547,6205328,1130812,2021452,3553845
20254,골목상권,건대입구역 6번,세탁소,91129472,5843,59156573,31972899,43857025,45752967,2548299,31613816,19794041,14303950,17338971,4010914
20254,골목상권,석촌역 7번,커피-음료,172262170,16599,99850716,72411454,56814956,97926953,6320437,60976799,44120035,12092200,21417579,9814862
20254,골목상권,건대입구역 6번,치킨전문점,76401286,813,68566717,7834569,9706118,63697102,0,2411180,61263532,3529680,3715761,2483067
20254,골목상권,공항시장역 3번,호프-간이주점,37713944,881,27303081,10410863,23746140,13287312,0,0,10336916,17532502,5200420,3963613
20254,골목상권,사당역 10번,일식음식점,64242449,773,46769943,17472506,40678154,21412448,370209,20693203,31651939,5613122,2419804,1342325
20254,전통시장,새마을시장,한식음식점,6641129946,182160,4562300997,2078828949,3756836750,2144911746,33730079,1029931549,1644763945,1242590900,1080889733,869842291
20254,발달상권,명동역(명동재미로),일반의원,1218249181,7388,995925915,222323266,450953675,767295506,4723783,208842060,482503114,237437215,187910948,96832061
20254,발달상권,송정역,패스트푸드점,229580478,23995,166129262,63451216,138742756,81625861,3427403,35281192,70085778,42722460,36621933,32229849
20254,골목상권,건대입구역 6번,노래방,482890191,3078,300290172,182600019,376267564,81905917,2298784,68730417,105317024,150289258,82946335,48591664
20254,골목상권,명지대학교,미용실,545437457,17725,326451994,218985463,276732199,267914807,10764137,62213339,77755189,117287958,147108229,129518152
20254,발달상권,삼청동,일반의류,1521371934,22791,959771146,561600788,263201329,1072882120,10858909,140029412,191592394,229025856,515497330,249079547
20254,발달상권,군자역,피부관리실,50995947,836,36980551,14015396,8692164,41745931,0,19076846,16272227,6362677,7333884,1392462
20254,발달상권,내방역,스포츠 강습,592663894,861,554662679,38001215,109973271,417790845,0,37529937,135445673,91516672,192498701,70773134
20254,골목상권,건대입구역 6번,한식음식점,1246074876,19212,859492651,386582225,756239134,291675860,3448219,159848960,247244560,189976384,191262073,256134797
20254,골목상권,건대입구역 1번,치킨전문점,170440058,3691,111974130,58465928,96286910,68436592,4285906,101713607,40625643,2335527,13493952,2268867
20254,발달상권,영등포역(영등포),편의점,5142546092,534155,3206925462,1935620630,2572049634,2533357990,46071485,1303041730,1656807929,908153073,751723188,439610221
20254,전통시장,모래내시장(서중시장),수산물판매,1947915556,88746,1512992288,434923268,546807953,1401107603,0,7543625,75117656,160717880,347364027,1357172368
20254,골목상권,신길2동우편취급국,여관,13779556,266,4082832,9696724,12248494,0,0,510354,6124247,1020708,4082832,510354
20254,발달상권,중림동,컴퓨터및주변장치판매,1083343143,731,1083343143,0,362268854,721074289,0,0,0,342142806,231449546,509750791
20254,골목상권,마포구청역 7번,일반교습학원,32908507,349,30268730,2639777,13698704,19095344,0,1552179,7153184,19313254,438083,4337349
20254,골목상권,망리단길,반찬가게,443497030,15300,375489930,68007100,195561375,70556621,203763,13751508,145889170,58205396,31046503,17021655
20254,발달상권,논현역 4번,화장품,448312,7,448312,0,448312,0,0,0,448312,0,0,0
20254,골목상권,건대입구역 1번,노래방,97471691,1033,51990912,45480779,68706918,18341237,0,5225227,23038794,19656904,32358002,6769227
20254,발달상권,구로구청,의약품,7989635699,209399,6440535023,1549100676,5635686738,2353948961,8076648,231389416,938174888,1890731314,2694046191,2227217242
20254,골목상권,관악구신사동주민센터,분식전문점,194081999,18389,140858163,53223836,130168502,56831152,1734593,21100595,40357491,44517736,43556212,35733026
20254,전통시장,은행나무시장,일반교습학원,69820619,536,60643852,9176767,26597760,40250238,0,0,14163098,35402949,6465450,10816502
20254,발달상권,이태원(이태원역),전자상거래업,51000000,1277,25031273,25968727,13574042,35928392,5403276,17180938,24464395,666179,1414785,372862
20254,골목상권,우장산역 4번,중식음식점,25181069,1011,15113671,10067398,16525005,6720025,36313,472909,2829880,5002490,6318043,8585397
20254,발달상권,원남동사거리,의료기기,271933163,3821,269285130,2648033,120960528,150972635,0,6714541,14929619,35836195,78285152,136167656
20254,골목상권,상수역 4번,편의점,291065731,42597,199139790,91925941,197783046,91687228,3688200,77502861,105811674,29792346,40067274,32607919
20254,골목상권,남성역 1번,커피-음료,189970611,34776,124845351,65125260,93456631,88519571,1511672,32944167,51776605,33311854,30707998,31723907
20254,골목상권,화양사거리,화초,66111111,1493,56478792,9632319,40944733,23922351,0,8325043,22174558,24274495,7778109,2314880
20254,발달상권,월곡역,의약품,1527182195,101394,1315565790,211616405,625903925,901278270,7751414,117835713,134729805,255391983,336903668,674569612
20254,골목상권,화양사거리,여관,461365151,10858,289178805,172186346,255857889,85300082,5824621,101078701,103470566,53499331,62413879,14870875
20254,골목상권,법제교육센터(버들어린이공원),안경,96239416,926,77210450,19028966,41329879,41582181,999552,6528738,11688091,27264521,24694757,11736402
20254,발달상권,보라매공원,화장품,173213486,3191,138369723,34843763,42200392,131013094,0,2157750,30538098,30170339,15911328,94435971
20254,전통시장,창동신창시장,반찬가게,594516303,39478,398146750,196369553,230076175,356154832,50619,11130883,34534902,97559342,197293682,245661580
20254,골목상권,굽은다리역 1번(십자성마을),패스트푸드점,3979985,98,2941685,1038300,833502,855709,0,159890,461905,127814,393804,545798
20254,발달상권,신설동역,스포츠클럽,28335931,63,28335931,0,18736078,6599899,0,1599976,5099922,13636155,1499977,3499947
20254,전통시장,신정3동 골목시장,미용실,5813733,122,3817579,1996154,3092186,2721547,0,211794,1736707,434178,1048377,2382677
20254,발달상권,서울역,일반의원,7328967225,78583,6563775583,765191642,3002770724,4079222352,1640605,208312191,2945517711,2287759719,800492951,838269899
20254,전통시장,강북북부골목시장,일반교습학원,36797361,158,36797361,0,12373706,24423655,1703976,0,5111928,16349650,13631807,0
20254,발달상권,영등포구청역,제과점,351669774,36590,263254459,88415315,157206209,166473296,924249,37636709,75406549,64400005,77770501,67541493
20254,골목상권,문정역 2번,스포츠 강습,860759,10,860759,0,860759,0,0,860759,0,0,0,0
20254,골목상권,뚝섬유원지역 1번,일반교습학원,90000000,235,83108108,6891892,26755461,63244539,0,0,3525535,63266994,23207471,0
20254,골목상권,어린이대공원역 4번,편의점,102920545,17413,72844573,30075972,60736204,42184341,2299293,47296145,26351984,10789240,8351155,7832728
20254,골목상권,어린이대공원역 4번,세탁소,45310658,3453,28115442,17195216,15192560,30118098,920762,25514292,5294377,5984947,7135899,460381
20254,전통시장,상도전통시장,슈퍼마켓,94146215,13193,67872979,26273236,60836115,33310100,1183248,20655346,20146130,18898794,16320825,16941872
20254,발달상권,가로수길,시계및귀금속,451690055,315,451690055,0,210088397,241601658,0,0,0,0,225845028,225845027
20254,발달상권,한티역,치과의원,1565371447,8174,1180439517,384931930,761382933,803988514,3144096,61851708,111213879,667624342,468179697,253357725
20254,골목상권,어린이대공원역 4번,호프-간이주점,229082076,3550,148400427,80681649,107314812,93326484,4381248,111713252,51471461,17973664,11480705,3620966
20254,골목상권,장안초등학교,커피-음료,21720355,1924,14199943,7520412,6679148,15041207,316743,11218221,3744211,2730675,3093287,617218
20254,발달상권,광화문역,분식전문점,2479882117,195394,2026451952,453430165,909270999,1100875771,12556758,267059114,580839533,573577649,394529345,181584367
20254,발달상권,서교동(홍대),조명용품,213867964,391,210284822,3583142,133879209,0,0,0,0,0,3583142,130296067
20254,골목상권,신자초등학교,치킨전문점,120926197,4163,71509673,49416524,66978781,38397991,1963224,17381624,22925670,24810711,24562139,13733402
20254,발달상권,마포역,화초,477453344,14331,423795348,53657996,163248251,204598579,3756091,41354729,145626576,70092422,53452898,53564112
20254,골목상권,신자초등학교,미용실,104193864,2849,61939982,42253882,34746602,69447262,553271,5570885,15190482,23387714,40911284,18580228
20254,골목상권,봉천역 4번(봉천110안전센터),화장품,39585554,1316,30552695,9032859,13607941,25417132,0,143379,0,456205,3662673,34762816
20254,발달상권,안암역,미용실,101655571,2957,63106218,38549353,51730723,49924848,1113788,31723097,17123253,19585514,21371435,10738484
20254,발달상권,장한평역(장한평),미용실,74653317,2307,44892956,29760361,38316382,36336935,743132,10170241,30114813,17184453,8124064,8316614
20254,골목상권,신자초등학교,화초,51908250,1079,33114881,18793369,19313800,19872784,0,2062452,12239785,17309175,5936778,1638397
20254,골목상권,신자초등학교,편의점,184829673,23528,130973090,53856583,121579379,63250294,983602,22772274,46756494,50568382,46182793,17566128
20254,발달상권,합정역,호프-간이주점,2477429154,61894,1528999585,948429569,1458206833,794635135,5110369,520689062,914466432,405381513,249697431,157497164
20254,발달상권,목동역 8번출구,피부관리실,170609199,1015,133195279,37413920,25298600,144296040,0,14260129,68380869,12745577,64062478,10145587
20254,골목상권,신자초등학교,한식음식점,1300579707,33727,904893949,395685758,760533067,388370212,1876302,52967599,235711141,219035791,290127427,349185017
20254,골목상권,신풍역 1번,패스트푸드점,23719660,1406,14881613,8838047,11882550,11318854,549798,3042722,6430250,4112708,6087330,2978596
20254,골목상권,잠실나루역,분식전문점,44169716,3196,32090964,12078752,10076631,22188647,339067,93535,3102781,14762638,10318229,3649029
20254,골목상권,능동우편취급국,미용실,44529969,1480,26143070,18386899,24015992,20513977,0,1677636,10008023,13320686,10833136,8690488
20254,발달상권,등촌역,자동차수리,356892,7,356892,0,0,356892,0,0,0,356892,0,0
20254,골목상권,능동우편취급국,인테리어,592073027,278,592073027,0,348641,591724386,0,0,0,591724386,348641,0
20254,골목상권,능동우편취급국,세탁소,94791607,8840,55835132,38956475,46896838,45441742,0,47845410,24395618,8396778,9717234,1983542
20254,골목상권,능동우편취급국,한식음식점,1773799509,46440,1073077433,700722076,948895839,572789678,31626210,155062286,371553215,267844508,299815644,395783655
20254,발달상권,등촌역,일식음식점,208458384,4323,167077644,41380740,110438532,74473434,99770,24655614,60753325,35173176,35064606,29165473
20254,골목상권,홍제3동주민센터,분식전문점,81341243,10855,59845517,21495726,35686236,45424619,435412,7338513,17874786,22197841,18167132,15097171
20254,발달상권,월드컵경기장역(월드컵경기장),일반의류,15500870339,322884,9465822530,6035047809,6073615423,9427254916,27893713,907318963,2699411886,4735470553,4437018949,2693756275
20254,골목상권,역삼역 8번,커피-음료,95382327,10373,89423171,5959156,29496519,40420570,0,10979163,33283292,16397188,6691313,2566133
20254,골목상권,능동우편취급국,조명용품,76731723,1999,49163440,27568283,58103154,18628569,0,998851,2497127,819058,34310527,38106160
20254,골목상권,능동우편취급국,자동차수리,192264956,938,178137142,14127814,125261789,54294709,0,1636975,28245245,39340448,69407796,40926033
20254,전통시장,"한양대앞상점가(한양시장, 왕십리맛골목)",일식음식점,156316968,7884,125073151,31243817,68757212,62342418,8245694,66766275,22824126,10561470,17999093,4702972
20254,골목상권,망원역 1번,화장품,118660368,404,118660368,0,94218929,24441439,0,0,0,100928989,13727128,4004251
20254,전통시장,쌍문역동측상점가,분식전문점,298704494,21417,215051547,83652947,146832651,147350930,5019114,39940577,64304040,62779205,64956982,57183663
20254,전통시장,풍납시장,패스트푸드점,123669231,7385,82794759,40874472,70897982,38527105,755905,8495763,22890740,21314892,25531668,30436120
20254,골목상권,상도역 5번,의약품,1925359157,157084,1595801653,329557504,879753572,1045605585,10278217,216344178,274355461,353026983,420765508,650588810
20254,골목상권,어린이대공원역 3번,중식음식점,335844579,11825,292399138,43445441,205104756,52452658,8792644,123255629,44111204,26180575,43999802,11217560
20254,발달상권,역삼역,스포츠클럽,1230107632,7808,1139181883,90925749,621678492,445054598,2656475,118362161,433538948,230808600,195894960,85471946
20254,발달상권,명일역,일반의원,6512397373,267107,5353691866,1158705507,2924482116,3586689766,17401196,261075524,1163591738,2044211580,1284155698,1740736145
20254,발달상권,서울대입구역,철물점,1922947,93,1851515,71432,670529,287816,0,122530,199439,459880,77429,99067
20254,골목상권,어린이대공원역 3번,양식음식점,95055169,5785,73189294,21865875,47862518,33175391,2569427,36463653,13756783,9857210,15141447,3249392
20254,골목상권,세종대학교,자동차수리,380764874,1738,327111008,53653866,266520994,68259648,0,5357129,78042175,33186950,121985263,96209127
20254,전통시장,신영시장,호프-간이주점,34596919,647,20300969,14295950,28400246,6196673,0,402050,2195814,2690645,10458138,18850272
20254,골목상권,중곡1동 마을마당,슈퍼마켓,685179122,82960,489185440,195993682,480398451,195347830,3376718,105760419,194967405,135294738,125972112,110374887
20254,골목상권,천호역 6번,일반교습학원,31275498,138,31275498,0,24740012,6535486,0,0,0,12720489,6185003,12370006
20254,발달상권,독산동,의료기기,70137894,393,65260407,4877487,54902392,15235502,0,0,163358,140021,7029142,62805373
20254,골목상권,중곡1동 마을마당,자동차수리,381737290,2341,365993633,15743657,260053665,41983044,0,21104107,24297428,23608246,77438370,155588558
20254,골목상권,신월2동주민센터,커피-음료,93000000,11855,57001238,35998762,37138767,51172973,55845,7183508,22994736,28635207,20338755,9103690
20254,골목상권,이수역 9번,커피-음료,102000000,7734,69557427,32442573,27383675,73765022,618387,42928280,33435584,10355625,8514023,5296796
20254,골목상권,한울중학교,애완동물,1475333,34,1475333,0,0,1475333,0,0,0,0,467923,1007410
20254,발달상권,신림역(신림),호프-간이주점,2530740845,80283,1643137561,887603284,1825461811,665962488,7370065,538537149,888950145,437446443,323183655,295936849
20254,전통시장,"대림골목시장(대림시장, 양지시장)",한식음식점,1547550507,63733,1045493222,502057285,863170657,639843583,1845486,71886790,231426363,276550402,423192927,498112273
20254,전통시장,방이시장,수산물판매,1850597235,92438,1199773176,650824059,749490844,1093539003,3093657,100303252,309687165,306104636,413888739,709952399
20254,발달상권,녹두거리(대학동),한의원,135081503,8625,107238573,27842930,81687335,53394168,0,16142760,23057976,9043827,50089663,36747277
20254,골목상권,자양한강도서관,자동차수리,32364413,256,23406406,8958007,19773665,4788612,0,2476868,4458363,2889681,3674021,11063345
20254,전통시장,둔촌역전통시장,커피-음료,4830571,633,3194614,1635957,2192928,2360725,68773,70599,1690604,605095,758803,1359777
20254,골목상권,이수역 10번,패스트푸드점,2082973,65,1613156,469817,987565,581155,0,89370,0,658543,649556,171251
20254,골목상권,경문고등학교(동작동성당),화초,3266078,88,2131148,1134930,744010,756620,0,0,1134931,0,0,365700
20254,발달상권,길동역,편의점,3085379918,457115,2219075691,866304227,2046695785,1031406795,20829064,559550429,906073724,670569075,534661930,386418358
20254,골목상권,석촌역 6번,스포츠 강습,107035346,655,98498915,8536431,49830415,57204931,0,0,17361396,71933754,17740196,0
20254,전통시장,방학동도깨비시장,제과점,88691930,9245,65938551,22753379,35156854,32074559,140544,3635168,6091362,9631631,16400492,31332213
20254,골목상권,자양한강도서관,한식음식점,1914420236,36644,1221880896,692539340,1110368262,640260951,1102093,143931768,374884514,406460537,416149992,408100304
20254,골목상권,자양한강도서관,당구장,34571030,1474,19247064,15323966,34099512,471518,0,110415,602131,3314118,15962780,14581586
20254,발달상권,노원역,컴퓨터및주변장치판매,5112003,63,5112003,0,955587,776900,0,0,0,233070,955587,543830
20254,발달상권,서울대입구역,예술학원,245911207,422,209963165,35948042,71080746,172122315,0,10019308,11247717,117737884,102484285,1713868
20254,발달상권,대치역,치킨전문점,272476750,5582,202301406,70175344,137489583,84874609,2744036,16781025,15177766,94738694,61734738,31187932
20254,골목상권,관악구 중앙길,자동차수리,536277885,2242,455944150,80333735,356572644,66697290,0,40402,4832124,39055899,118897686,260443824
20254,발달상권,명일역,스포츠클럽,350522269,1152,335722156,14800113,146290527,202206221,0,25772967,20325141,196685530,76527652,29185458
20254,골목상권,발산역 5번,편의점,282000000,21762,196034822,85965178,102091479,179908521,7435074,72693405,68308492,51969018,56038519,25555492
20254,골목상권,자양한강도서관,커피-음료,142332047,25283,94687975,47644072,64732480,72867529,2063618,19645735,38289191,28360313,27837166,21403988
20254,발달상권,교대역(법원.검찰청),호프-간이주점,6687723896,110232,5447248329,1240475567,3937400091,836014395,18091691,362690946,1083242249,1417974142,1432755696,458659759
20254,골목상권,자양한강도서관,스포츠클럽,28669822,54,10570996,18098826,0,28669822,0,0,7830367,18098826,0,2740629
20254,발달상권,삼호가든사거리,일반의류,267044897,376,233240079,33804818,5421687,253739007,0,0,0,89737986,104329280,65093428
20254,골목상권,중곡어린이공원,자동차수리,93175649,641,70229485,22946164,49387349,10893295,0,17863,3032402,7910711,7561605,41758063
20254,골목상권,백산초등학교,예술학원,299129699,505,245537709,53591990,120755474,178374225,0,0,0,223135599,75994100,0
20254,발달상권,역삼역,골프연습장,295905851,5068,214775782,81130069,181295936,26623354,512220,17079400,51342183,89051790,42246494,7687206
20254,발달상권,신당역,일반의류,19471048796,206294,11841401876,7629646920,2838042716,12181811465,218243889,3515717107,6473195595,2802401373,1365048321,645247898
20254,발달상권,아차산역,가구,2828325,28,0,2828325,0,2828325,0,0,0,0,0,2828325
20254,발달상권,신용산역(용산역),컴퓨터및주변장치판매,2002685711,9686,2002685711,0,1219301764,409128516,0,350734325,310556587,55938394,745385724,165815249
20254,발달상권,언주역(차병원),양식음식점,433454635,13101,404474942,28979693,157065090,88298531,0,21075609,75494965,46063605,95964864,6764578
20254,골목상권,광진정말공원,치과의원,418951514,3274,343266428,75685086,176137394,212609514,388661,8393129,81978120,46630172,157328727,94028099
20254,발달상권,고덕역,제과점,2322527279,176368,1620750894,701776385,854999898,1309179978,24785176,113576078,320488349,808127189,543741227,353461856
20254,골목상권,사당역 10번,한의원,143092768,8587,104777588,38315180,61566688,81526080,0,8001821,16418773,21200768,35083352,62388054
20254,골목상권,독산2동주민센터,육류판매,380564146,18488,280753867,99810279,113176026,216606674,183816,6187274,50349150,26000385,112925811,134136268
20254,전통시장,영등포청과시장(조광시장),여관,7598394,230,5065596,2532798,6677377,921017,0,1381526,690763,0,2072290,3453815
20254,골목상권,신길3동주민센터,세탁소,6288698,222,4883242,1405456,3635542,2653156,0,372876,351364,3226811,874825,1462822
20254,전통시장,고척골목시장상점가(그라운드 고척),일반의류,44571112,1335,31939217,12631895,9571266,34029639,0,449185,1294619,329676,10050654,31476771
20254,골목상권,대림1동주민센터,분식전문점,78896513,6722,52369148,26527365,32586885,42896147,1879165,12592550,20265241,17749376,17571311,5425390
20254,발달상권,중림동,일반의원,1099736953,36994,990370687,109366266,482583075,617153878,0,64401476,181571217,245289369,190274469,418200422
20254,골목상권,광진정말공원,스포츠클럽,932470,16,932470,0,777058,155412,0,0,0,0,0,932470
20254,발달상권,을지로입구역,커피-음료,4967628879,654538,4619740992,347887887,1838236303,1628132754,7485208,446709400,1191058056,1011621558,597820951,211673887
20254,골목상권,신대방역 4번,분식전문점,3697238,529,2636851,1060387,1458355,2238883,0,300401,1124577,572559,1088631,611070
20254,발달상권,여의도역(여의도),네일숍,118786567,1046,95045469,23741098,38879069,70050597,0,13851901,27199973,21754752,33970012,12153029
20254,발달상권,강남구청역,일반의원,7461021004,86854,6359276353,1101744651,2382548618,4995730468,10661749,811821815,1704401242,1955547233,1572457022,1323390027
20254,골목상권,광진정말공원,한식음식점,1897262864,51135,1165271831,731991033,1179677587,624003929,4696502,224026321,419718255,363158269,430181767,361900397
20254,전통시장,봉천제일종합시장,한식음식점,57818572,1856,43904720,13913852,23555234,34263338,0,12700349,18059203,3460050,5954513,17644457
20254,발달상권,대학로(혜화역),예술학원,1065089257,4618,792540412,272548845,420966724,644122533,2724999,136965680,165519206,440164419,285955284,33759669
20254,골목상권,발산역 5번,일반의류,6203880,64,4632940,1570940,718905,5484975,0,0,0,0,1570940,4632940
20254,발달상권,가로수길,제과점,777087130,42652,523877939,253209191,224992944,450839799,7131762,218811247,252507525,96667427,68495745,32219036
20254,골목상권,광진정말공원,미용실,378658115,8996,251561389,127096726,147820442,230542054,852862,23373513,55057718,66574859,130803007,101700538
20254,골목상권,강서고등학교,편의점,855532638,119313,621600506,233932132,580582577,274950061,4081559,139847662,223148144,223327916,195852796,69274561
20254,골목상권,광진구청,중식음식점,25466890,1172,18165254,7301636,14778182,3834054,88841,3253810,4902925,3645266,3983973,2737421
20254,골목상권,광진구청,미용실,62576360,1675,49365139,13211221,28853941,33722419,0,6704888,9739704,9585490,24013868,12532410
20254,전통시장,쌍문시장(쌍문역골목시장),한식음식점,2865377449,91356,1948828798,916548651,1548109438,1261388251,9901029,271661550,434827978,491755241,687412885,913939006
20254,골목상권,광진구청,커피-음료,113093661,11490,90425537,22668124,41743981,46763566,801869,29429805,25885786,12065393,12546244,7778451
20254,발달상권,압구정로데오역(압구정로데오),운동/경기용품,491528930,606,250686416,240842514,209914726,109375045,0,48554559,78391297,51328167,124887027,16128720
20254,전통시장,돈암시장(돈암제일시장),일반의류,33540163,1448,28022811,5517352,16158594,17381569,0,0,0,2377892,5960973,25201298
20254,골목상권,광진구청,패스트푸드점,141852612,3151,121067848,20784764,22069864,21761909,2043674,9941812,7016318,6646506,8913525,9269937
20254,골목상권,관악구 중앙길,일반의류,94598136,806,59172552,35425584,14244083,80354053,0,0,6686390,8997838,15250496,63663412
20254,골목상권,군자역 5번,양식음식점,163854539,4941,98438433,65416106,74633600,60900365,1821701,31680558,52057056,31108116,12686695,6179839
20254,골목상권,군자역 5번,편의점,420519495,62147,297677007,122842488,278571734,139717299,3049766,91278969,139858015,77235292,73402675,33464316
20254,발달상권,대학로(혜화역),화장품,302256241,8777,231245807,71010434,78783676,223472565,0,40314138,69061529,75435143,72093034,45352397
20254,골목상권,화곡역 4번,미용실,202061917,6518,120618667,81443250,84707912,116584215,552445,11681518,32347364,42438329,66880582,47391890
20254,골목상권,염곡동 구룡사(포이동성당),전자상거래업,1976771166,68041,1976771166,0,764831719,519422977,0,141780636,472150890,411341959,206971230,52009982
20254,발달상권,"양재시민의숲역(양재동꽃시장, aT센터)",핸드폰,10922096,1259,10922096,0,2203305,8718791,0,3147578,4626940,0,0,3147578
20254,골목상권,군자역 5번,분식전문점,41511707,4630,34538310,6973397,15767565,25744142,78300,2970369,8937575,11971095,9362441,8191927
20254,발달상권,노원역,외국어학원,71518959,490,67597781,3921178,15768369,53441061,0,12471454,9127658,26976030,18721396,1912892
20254,전통시장,청량리청과물시장,청과상,183825968781,10094334,125103167602,58722801179,86175014201,86129400597,182848362,3832634964,13396292927,25995176019,49385879073,79511583452
20254,골목상권,자양동우체국,전자상거래업,253215077,10643,178713969,74501108,138359202,90465631,40798226,73170731,15521064,64301552,23946785,11086475
20254,골목상권,가산동주민센터,노래방,83385344,739,47303851,36081493,59688491,7643815,0,7552090,13223440,17659535,19146085,9751155
20254,골목상권,까치산역 3번,피부관리실,24720945,155,22200598,2520347,8014363,16706582,0,0,445242,5371933,3847995,15055775
20254,골목상권,자양동우체국,편의점,350337797,48316,238961108,111376689,244699994,100276672,2441833,43699140,89890342,96093584,73238647,39613119
20254,전통시장,성수역 골목형상점가,한식음식점,93000000,5562,86557103,6442897,37039679,27831633,131534,10898171,22412892,12078506,11073136,8277075
20254,골목상권,자양동우체국,한식음식점,834961961,28458,604505344,230456617,450771700,235467831,430657,29046663,129620965,160427112,149703744,217010396
20254,골목상권,자양동우체국,치킨전문점,45173578,993,26162307,19011271,35115969,10057609,588627,1600934,5003090,10416070,21885733,5679124
20254,골목상권,자양동우체국,제과점,273032592,28988,189676072,83356520,115909799,151123699,1094519,16033826,46945241,71222847,73089999,58647066
20254,전통시장,화양제일골목시장,치킨전문점,87073999,7959,66063182,21010817,54412624,32661375,2834005,27779100,19502486,10163516,22742953,4051939
20254,골목상권,자양동우체국,인테리어,132971,27,93080,39891,39891,93080,0,93080,0,0,0,39891
20254,전통시장,증산골목시장,미용실,7231947,434,4935353,2296594,3892808,3339139,0,374592,268729,838813,2540795,3209018
20254,골목상권,문정역 1번,분식전문점,256878511,26590,153807991,103070520,128298120,120782050,796798,19116307,59857853,86896709,52453004,29959497
20254,골목상권,서대문구보건소별관,슈퍼마켓,283177245,38675,207805378,75371867,170252812,112924433,1228804,35358549,59444320,46706267,85442875,54996430
20254,골목상권,자양동우체국,의약품,197330970,12808,179031967,18299003,102365417,90552931,1046092,4245498,27326860,25541905,51359366,83398626
20254,골목상권,홍제역 3번,한식음식점,13972567,947,10017579,3954988,6692368,7280199,546381,1728152,4505575,2090970,3172726,1928763
20254,발달상권,서울시청,호프-간이주점,1721820217,31401,1604532848,117287369,710253412,386960933,1822614,151290738,353113211,295973689,201453659,93560429
20254,발달상권,여의도역(여의도),한의원,749748060,24501,718356194,31391866,366196966,342646012,0,22216269,195410823,189343057,141673025,160199805
20254,발달상권,아차산역,골프연습장,178140730,4782,120853824,57286906,149980266,19550336,0,11088804,24623200,26793832,79785221,27239545
20254,골목상권,자양동우체국,컴퓨터및주변장치판매,18914027,34,18914027,0,18914027,0,0,0,0,0,18914027,0
20254,전통시장,"황학시장(서울중앙시장, 신중앙시장)",분식전문점,17263096,834,7549393,9713703,8828251,8434845,0,0,2490587,6019262,0,8753247
20254,발달상권,미아사거리역,커피-음료,1112496290,130788,764897113,347599177,420464293,655788837,19770439,200118698,222718958,202862162,276921527,153861345
20254,발달상권,잠실새내역(신천),의료기기,1071300380,1539,925421407,145878973,258986882,690481139,0,73346,287966,183715501,81419683,683971525
20254,골목상권,까치산역 4번,커피-음료,215976447,23187,146921880,69054567,75473949,139780442,478366,22917907,49633993,51818327,46517656,43888142
20254,골목상권,대치동아우편취급국,세탁소,44904690,5811,29266892,15637798,18730702,23116820,622970,7718324,13606534,6835430,7768658,5295606
20254,발달상권,신논현역 1번,미용실,50987089,984,38235148,12751941,17324797,30827489,0,4387988,8849775,12601072,14955017,7358433
20254,골목상권,중곡3동주민센터,일반교습학원,33238752,165,33238752,0,4924260,28314492,0,0,15183133,10669229,7386390,0
20254,전통시장,세운상가가동,슈퍼마켓,16121951,238,16121951,0,11893242,0,0,0,0,9250299,2378649,264294
20254,골목상권,삼전역 3번,호프-간이주점,436471537,8188,299468889,137002648,258047243,163660036,2867524,75809657,176984183,102107584,52922201,11016131
20254,골목상권,중곡3동주민센터,반찬가게,50415569,9983,25207784,25207785,33693573,16721996,0,9109743,11730355,6788632,4417602,18369237
20254,골목상권,남가좌파출소,미곡판매,165388040,3815,142364850,23023190,62478824,82368663,0,2973938,627192,19286169,11655326,110304862
20254,발달상권,석촌고분역,예술학원,18728228,108,18728228,0,2940796,15787432,0,18728228,0,0,0,0
20254,골목상권,문성초등학교,예술학원,59657120,296,56186683,3470437,23041682,36615438,0,0,14255373,34296348,11105399,0
20254,골목상권,중곡3동주민센터,육류판매,1554215,28,1554215,0,1554215,0,0,0,0,1554215,0,0
20254,전통시장,목동깨비시장(목3동시장),일반의원,3211814776,136988,2692020780,519793996,1335144896,1876669880,9734260,145270603,362904609,726185435,645196009,1322523860
20254,골목상권,중곡3동주민센터,안경,35200028,268,20971110,14228918,17702979,17497049,0,2420407,5242093,7985487,13099343,6452698
20254,골목상권,중곡3동주민센터,한의원,287323155,11997,218735484,68587671,82185441,205137714,0,9933541,32004458,95131430,88939516,61314210
20254,발달상권,미아사거리,섬유제품,55522015,684,41983861,13538154,17687296,36863503,0,874520,2544228,6095772,12852214,32184067
20254,발달상권,건대입구역(건대),일반의원,7880066852,66085,6839078777,1040988075,2847077577,5032989275,15126614,1649329456,2070490238,1506697128,1357229798,1281193618
20254,발달상권,굽은다리역,스포츠 강습,20224167,43,20224167,0,0,20224167,0,2752003,5363350,0,9846056,2262758
20254,골목상권,난곡중학교,미용실,42344726,1707,26815228,15529498,22890004,19454722,0,1261278,4526456,11075269,14012498,11469225
20254,골목상권,석촌고분역 3번,패스트푸드점,25590634,974,21597961,3992673,10730159,4240331,0,363019,1773234,5516188,4767396,2550655
20254,골목상권,구의역 4번,한의원,274807645,12237,213310260,61497385,120270209,150286871,0,4296985,12043018,60923561,96626194,96667322
20254,발달상권,월곡역,호프-간이주점,687140764,12690,490504771,196635993,288211592,390559649,3846066,212468711,82719923,123266414,147536966,108933161
20254,골목상권,구의역 4번,분식전문점,53145749,7109,33158464,19987285,19393950,23725628,212456,3844225,10071143,8774457,13232092,6985207
20254,골목상권,구의역 4번,중식음식점,67190246,856,49017335,18172911,42403852,19768255,0,8338043,12644709,9890846,19044025,12254484
20254,골목상권,독산역 1번 출입구,육류판매,143070291,8433,101089209,41981082,53967486,72624632,151504,12263570,25212380,20955346,29583995,38425322
20254,골목상권,장훈고등학교,분식전문점,139786200,12315,101501214,38284986,64624347,59057646,1027592,16671105,28624471,32558136,29590909,15209778
20254,발달상권,중구청(퇴계로4가),분식전문점,29517377,2080,28252486,1264891,15313139,4932199,0,2044884,2377320,7653729,4553914,3615492
20254,골목상권,구의역 4번,의료기기,693783257,708,693783257,0,693783257,0,0,0,0,399108572,0,294674685
20254,발달상권,강남구청역,슈퍼마켓,2239690678,125050,1676052025,563638653,1037065938,1068977167,4230702,135003164,336374428,573641916,608671048,448121845
20254,골목상권,구의역 4번,스포츠 강습,102801087,412,102801087,0,46464087,56337000,0,0,1347518,73930097,9931206,17592266
20254,골목상권,상도4동주민센터,미용실,104759072,3763,69825555,34933517,49335458,55423614,1062014,2134125,22032109,18153646,24119066,37258112
20254,발달상권,금호역,화초,276471555,15439,189442353,87029202,124347266,143882887,2629993,40209083,105959699,51370079,43559388,24501912
20254,골목상권,구의역 4번,예술학원,181689393,470,173200439,8488954,115175459,66513934,0,24724194,80497773,73370635,447205,2649586
20254,발달상권,휘문고교사거리,한식음식점,403109032,5817,328108931,75000101,132223345,96535539,59719,23290515,40620285,48687539,31597599,84503227
20254,골목상권,성산중학교,양식음식점,274895293,10427,177465203,97430090,120661178,144158496,758144,95040628,96537669,42413934,21715071,8354228
20254,발달상권,장안동사거리,일반의류,3043893392,21286,2236050733,807842659,783690179,2178914701,0,155211809,133307132,95068897,643750007,1935267035
20254,발달상권,등촌역,안경,2650748,5,2650748,0,2650748,0,0,0,0,2650748,0,0
20254,골목상권,구의역 4번,자동차수리,92503718,379,51108422,41395296,41300533,30513434,0,0,2432230,18320695,47586427,3474615
20254,전통시장,영림시장,일반의류,986027125,13705,758652198,227374927,161157799,808691372,0,3381337,24964039,56911648,207295011,677297138
20254,골목상권,서울서부지방법원,커피-음료,320268095,24707,283126014,37142081,102199765,116332130,69742,21665310,64163297,54164727,53234665,25234153
20254,발달상권,신도림역,안경,512069767,9715,367857129,144212638,150224365,361845402,11449704,148592037,156515083,73155338,65664906,56692699
20254,발달상권,한티역,미용실,1538010676,17328,868961268,669049408,627658559,906684021,17879802,88357741,157046941,510990004,567082764,192985327
20254,발달상권,교대입구교차로,중식음식점,519745102,9922,483208743,36536359,151781441,40030019,832475,20307827,33737275,43786664,57250922,35896296
20254,골목상권,말미고개,일반의류,24319842,406,8847915,15471927,3173161,21146681,0,48286,352913,498400,1816034,21604209
20254,골목상권,연희대우아파트앞,패스트푸드점,173619258,17336,120757337,52861921,68896785,77968005,8428495,48945834,35705288,24162847,22554291,7068035
20254,골목상권,구의역 4번,커피-음료,137918392,18235,86582054,51336338,56746243,78691564,871177,33890639,44486542,19808661,22768604,13612182
20254,골목상권,선유도역 6번,호프-간이주점,530922907,4862,460344808,70578099,330028595,27387004,0,11954377,41907857,84795028,195626282,23132057
20254,골목상권,구의역 4번,섬유제품,44744151,328,33867049,10877102,19057456,25686695,0,0,4086958,9371043,10246359,21039791
20254,발달상권,신당역,피부관리실,39935518,327,27046756,12888762,23956056,15979462,0,2385432,16564430,11640251,7194354,2151051
20254,발달상권,마들역,커피-음료,385393410,93068,259494415,125898995,182786188,199600196,7940567,55343995,116099733,83417791,67018267,52566032
20254,골목상권,강동구립성내도서관,당구장,26209298,153,20554814,5654484,14762789,9994682,76412,5348836,916943,18415280,0,0
20254,골목상권,공덕동주민센터,편의점,56571819,8765,43954087,12617732,41517338,15054481,76839,4463230,18443422,11550024,13390347,8647957
20254,발달상권,마들역,호프-간이주점,84573210,2434,59969842,24603368,45341733,39231477,0,4801944,21498128,26517739,22090032,9665367
20254,골목상권,화곡역 5번,커피-음료,6686915,563,2600317,4086598,2153464,3102108,28149,1435216,1255403,1068879,804402,663523
20254,골목상권,암사역 1번,자동차수리,191731231,2776,178074552,13656679,165785030,20608551,0,12084462,53298606,46528559,35961425,38520529
20254,골목상권,광진경찰서,치킨전문점,12209525,481,8631709,3577816,4603448,4264645,4854,777597,1331913,2280852,3532676,940203
20254,골목상권,굽은다리역 1번(십자성마을),일반의류,1920310002,33796,1008116277,912193725,893539703,1026770299,10672266,179420639,477774349,527607701,418017883,306817164
20254,골목상권,화원중학교,호프-간이주점,190769168,2121,102313793,88455375,141138618,47752696,0,12187472,42802321,26553493,64886302,42461726
20254,발달상권,서울숲역,미용실,255650800,2507,153408026,102242774,44916768,210734032,5139214,113887649,79973293,8691974,35474390,12484280
20254,골목상권,중곡역 3번,여관,4991825,105,2620018,2371807,3971397,1020428,0,1406536,1020428,827375,1103165,634321
20254,골목상권,중곡역 3번,일반의원,139713222,6625,117066621,22646601,49268899,90444323,0,4831680,21802049,13507239,35886476,63685778
20254,발달상권,서래마을카페거리(서래마을),분식전문점,137081398,12065,119297402,17783996,44735468,63407431,1407969,6182665,17568177,43645237,25697975,13640876
20254,골목상권,석촌역 7번,미용실,120670749,2976,84711601,35959148,44546405,76124344,0,6220983,12393073,16904067,40441096,44711530
20254,골목상권,남강고등학교(남강중학교),패스트푸드점,15835122,1225,13598462,2236660,7438842,7682431,356077,1564702,2269146,2785205,3905923,4240222
20254,골목상권,오동나무공원(송파레미니스1단지),반찬가게,774381039,4877,774381039,0,280883803,493497236,0,0,0,0,0,774381039
20254,골목상권,경의선책거리,커피-음료,1835521525,245616,1099783242,735738283,636428222,1100224587,85167982,675300900,476755832,231644477,214609931,53173685
20254,골목상권,GS강동자이아파트,예술학원,63701507,352,62354346,1347161,23013053,40688454,0,0,10657666,43939334,9104507,0
20254,골목상권,영락고등학교,스포츠 강습,46053447,190,46053447,0,23342158,22711289,0,13879121,8674451,18768357,4731518,0
20254,골목상권,영신초등학교,슈퍼마켓,118210738,16793,80701202,37509536,77331159,36542858,564793,15758291,30935003,24411561,26180530,16023842
20254,골목상권,대림역 2번,편의점,241649324,53044,179922637,61726687,144883437,96765887,1964464,35305543,47658630,60805579,61544747,34370361
20254,전통시장,약수시장,치킨전문점,17573423,1122,12489196,5084227,9866216,6900860,60451,1392964,3372348,2488440,4214003,5238873
20254,전통시장,꿈의숲 장곡 골목형상점가,호프-간이주점,69264563,1119,49572268,19692295,31551274,33811163,1177178,10565535,26115909,10754464,7201131,9548219
20254,발달상권,서대문역,중식음식점,517618317,11074,411913967,105704350,229067770,129516809,109411,15790683,73245823,97200851,90309267,81928546
20254,골목상권,독산동성당,슈퍼마켓,1475557343,167535,1018071405,457485938,900743555,572397699,14829158,90296550,227964892,291355727,450674298,398020630
20254,골목상권,중곡역 3번,네일숍,8828156,150,7344213,1483943,0,8662554,0,2583291,5187187,331202,560874,0
20254,골목상권,중곡역 3번,커피-음료,102689349,2951,66972122,35717227,88555305,14134044,59597,3702074,86934218,6225958,2152481,3615021
20254,골목상권,오금역 4번,일반교습학원,1103094805,5137,1040416525,62678280,528721175,574373630,0,0,70176746,948448641,66385064,18084354
20254,발달상권,논현역,가전제품,228920756,104,228920756,0,228920756,0,0,0,228920756,0,0,0
20254,골목상권,언주역 6번,화장품,4000000,7,4000000,0,0,4000000,0,0,0,4000000,0,0
20254,발달상권,광화문역,네일숍,67618232,700,61612938,6005294,3748142,63870090,0,8423169,16870126,10069292,20997232,11258413
20254,발달상권,삼성역,중식음식점,10321077989,251064,7179344290,3141733699,3665739300,4695352034,121640953,1632285574,2491246480,1845578396,1455020889,815319044
20254,골목상권,군자역 4번,네일숍,17607102,213,12359100,5248002,1829527,15777575,0,5124914,5449419,3356930,1846312,1829527
20254,골목상권,군자역 4번,미용실,52636728,1224,36270316,16366412,21658538,30328510,156344,2961126,21095378,9579450,13566227,4628523
20254,골목상권,군자역 4번,커피-음료,42846506,3972,26446398,16400108,11353596,31180196,459181,16743597,15084563,4923676,3943601,1379174
20254,발달상권,서래마을카페거리(서래마을),문구,123764134,12109,106791516,16972618,43104597,52067181,1561477,6403034,7189647,34503257,21654113,23860249
20254,발달상권,서래마을카페거리(서래마을),외국어학원,1253793347,2767,1131735472,122057875,362366204,891427143,0,0,291492830,962300517,0,0
20254,골목상권,홍대입구역 3번,일반의류,2525732646,6055,1499988878,1025743768,1901972800,495250824,4020954,518158022,743903811,811388668,249951285,69800885
20254,전통시장,뚝도시장,슈퍼마켓,3043261114,117322,2346184853,697076261,1212200925,1779804378,2910331,76576551,293183704,278267183,816851243,1524216293
20254,골목상권,문성초등학교,의약품,945581228,66743,829070298,116510930,485708504,459872724,794025,19228947,62798760,109819213,281152872,471787411
20254,골목상권,군자역 4번,반찬가게,158930940,61214,123406920,35524020,65794891,93136049,3584876,24088075,66520781,44775930,11562608,8398670
20254,골목상권,성자초등학교,한식음식점,634349246,19883,455956944,178392302,356114634,227190551,1159971,37444750,80504004,97286491,208912781,157997184
20254,골목상권,성자초등학교,피부관리실,623864,5,0,623864,0,623864,0,0,0,0,0,623864
20254,발달상권,목동신시가지,핸드폰,4698344,495,4698344,0,3091015,1607329,0,0,0,2843735,1236406,618203
20254,골목상권,고덕중학교(고덕2동주민센터),스포츠 강습,207000000,1664,184975910,22024090,65368996,141631004,0,0,46420772,157008467,3570761,0
20254,전통시장,team204(팀204),커피-음료,57000000,7532,33554049,23445951,15276876,25230504,491203,11259519,14727928,9411003,3153866,1463861
20254,전통시장,마포시장,육류판매,1051144881,24570,790327641,260817240,364807430,599716490,0,31688996,121514110,40847785,171372010,599101021
20254,발달상권,상계백병원,중식음식점,174418381,4163,122257138,52161243,74906632,55227327,61785,6483567,16832560,25061555,27501291,54193199
20254,발달상권,도곡1동,네일숍,13495752,162,8930257,4565495,1871525,10296904,0,1409150,1687480,1009811,2454048,5607940
20254,골목상권,상도역 1번,일반교습학원,55359865,181,55359865,0,8461114,46898751,0,0,2417461,38679383,14263021,0
20254,전통시장,목동깨비시장(목3동시장),청과상,1655185690,92734,1026009234,629176456,627040767,972657751,1670263,32755485,173590661,294885747,412759175,684037189
20254,전통시장,로데오거리상점가,커피-음료,583899171,71691,387557088,196342083,281360340,294514040,18076472,195440710,171398224,81351704,71878460,37728809
20254,전통시장,쌍문시장(쌍문역골목시장),반찬가게,75246912,5266,54569141,20677771,25173849,49890136,0,2238171,5531768,14202045,25682148,27409853
20254,전통시장,문정동 로데오거리 상점가(문정동 로데오거리),커피-음료,80092420,7298,57478805,22613615,30580605,36085785,1486917,14340525,21906793,18292142,7991153,2648859
20254,발달상권,수유역,편의점,7474987968,1150895,4983070639,2491917329,4700359942,2769242592,89694535,1498397946,1779661303,1472131464,1375454631,1254262654
20254,골목상권,성자초등학교,일반의류,9573469,25,9573469,0,0,9573469,0,0,0,8434774,590435,548260
20254,골목상권,아차산역 5번,가구,1584099738,1564,857897246,726202492,821427929,762671809,0,69465364,387848282,360641014,323592821,442552257
20254,전통시장,사가정시장,청과상,1011960142,54210,793643829,218316313,271592692,740220043,2135508,7278871,51157393,117409249,265175643,568656071
20254,발달상권,한성대입구역,문구,440512753,43518,371648395,68864358,140402410,227438151,6594433,75982239,48963024,61022883,85671181,89606800
20254,골목상권,국립정신건강센터,중식음식점,52371425,2585,37980512,14390913,35036844,13769994,228310,2050265,9900262,10785689,14051198,11791113
20254,골목상권,KC대학교,한식음식점,19014022,1293,17222252,1791770,11790660,6786049,2411212,9589546,392169,1460578,1975191,2748013
20254,골목상권,양평역 2번,커피-음료,230716466,32695,187587853,43128613,88432010,101562378,803428,42384013,70999369,32044838,27238513,16524228
20254,골목상권,국립정신건강센터,미용실,28634911,1061,21059663,7575248,18142203,10492708,0,5061544,4763407,5935670,5043999,7830291
20254,발달상권,암사역,중식음식점,284254739,19186,188948757,95305982,187265440,80690377,1699230,19312597,51785428,55480006,66561530,73117027
20254,골목상권,국립정신건강센터,노래방,65466422,829,35601386,29865036,55835764,9630658,0,4617156,12531809,4817709,22462026,21037722
20254,발달상권,한티역,양식음식점,1117916418,40959,739067258,378849160,487760677,516592385,33875023,68587520,104116198,419958433,301752597,76063291
20254,전통시장,영등포청과시장(조광시장),수산물판매,73969888,1094,64991411,8978477,71235327,2734561,0,0,0,0,10619214,63350674
20254,골목상권,삼전역 1번,분식전문점,343360193,24787,215180754,128179439,165301331,165895382,1136668,40359105,103014802,98094348,55006070,33585719
20254,골목상권,신정롯데캐슬아파트,한의원,264132437,4681,204286281,59846156,84426961,179705476,0,2600361,67105089,44630849,111256138,38540000
20254,골목상권,방화역 1번,반찬가게,407632986,96688,289711808,117921178,241734135,138884670,4730538,45948554,63281636,70689144,96798777,99170158
20254,발달상권,구의사거리,당구장,21109967,519,16425999,4683968,18828918,2281049,301962,0,292222,4821658,9452127,6241998
20254,골목상권,화곡4동주민센터,미용실,99818951,3512,59826118,39992833,39324952,60493999,291679,1127592,13646823,26187288,23981128,34584441
20254,발달상권,구로디지털단지,가전제품수리,3000000,53,2806119,193881,2897172,25707,0,0,573562,1401014,618190,320122
20254,발달상권,서울시흥동우체국(홈플러스시흥점),의료기기,69651871,176,69651871,0,37365111,32286760,0,0,309656,12386225,1125082,55830908
20254,골목상권,마천역(마천초등학교),일반교습학원,293263316,1558,284283942,8979374,110761372,182501944,0,0,4722533,235135163,51827057,1578563
20254,골목상권,장지동주민센터(한림연예예술고교),분식전문점,69525007,5137,64129445,5395562,32581901,22960370,998098,5261694,12467443,13586376,18158985,5069677
20254,발달상권,본서부병원,편의점,2339510216,92036,1501744133,837766083,613556382,1725953834,71603097,561554792,606364550,472594296,420824679,206568802
20254,발달상권,공릉역,분식전문점,332553057,31198,260418903,72134154,175691725,151897679,2352563,34468008,53608399,74830280,97157512,65172642
20254,발달상권,보라매공원,호프-간이주점,1014381053,16487,607590510,406790543,530922280,398457082,13638430,146018368,196501820,189314083,207348240,176558423
20254,전통시장,이태원시장,신발,129701945,862,106418517,23283428,36748705,92010482,0,8336674,60605868,28764892,21042357,10009396
20254,골목상권,구의1동주민센터,피부관리실,15178458,72,14352249,826209,1244326,13934132,0,11002609,3275262,631870,268717,0
20254,발달상권,사가정역,커피-음료,596079419,120043,389060322,207019097,272953945,320189015,8394467,101360207,147665603,105506544,114172072,116044068
20254,골목상권,등촌3동주민센터,일반의원,2655370615,128979,2325020978,330349637,1298442408,1356928207,1600149,76626761,344229628,537314689,615591632,1080007756
20254,발달상권,구로디지털단지,슈퍼마켓,4450278733,632916,3921389850,528888883,2614207029,1177093716,6866653,620995561,1177646099,1125037118,635915988,224839326
20254,골목상권,구의1동주민센터,커피-음료,163480184,27652,118298734,45181450,60764968,92242797,4114015,29804479,48101867,30093725,27597902,13295775
20254,전통시장,"동원전통종합시장(동원시장, 동원전통시장 상점가)",호프-간이주점,162628821,3346,105166442,57462379,112306169,48265089,0,7509104,19120052,29714849,47555261,56671993
20254,골목상권,구의1동주민센터,세탁소,115468233,5899,98141497,17326736,49669831,62227641,582102,9866975,24126513,25473747,32275680,19572453
20254,골목상권,구의1동주민센터,호프-간이주점,1657727459,31763,1092873236,564854223,1117123193,479984222,8129295,434091632,579523376,258117900,198376630,118868582
20254,발달상권,서초역,화장품,9568536,107,9568536,0,9568536,0,0,2070777,0,2409994,2677771,2409994
20254,발달상권,연희동,한의원,121316966,7042,85674829,35642137,61743385,58909955,160826,7454040,11236377,36970913,18049119,46782065
20254,골목상권,푸른들청소년도서관,당구장,16152115,417,12572688,3579427,7274659,7044046,51571,128773,5776995,5477688,2372903,510773
20254,골목상권,석촌고분역 1번,육류판매,37901796,1407,31200214,6701582,17934744,18516820,0,1640365,14137979,5070717,5788967,9813534
20254,발달상권,서울대입구역,화장품,88797537,2055,74846455,13951082,10309438,76147619,0,5620309,8132292,7232922,33076875,32394660
20254,골목상권,미성초등학교,화장품,8564796,40,4551802,4012994,0,8564796,0,336755,1223542,0,0,7004499
20254,골목상권,구의1동주민센터,화장품,14901639,339,13110102,1791537,2708835,11877989,0,4510172,2365286,650234,1159493,5901639
20254,골목상권,구의1동주민센터,일반의류,19923063,353,19437114,485949,3855273,16067790,38924,0,962522,2801841,6923967,9195809
20254,골목상권,구의1동주민센터,의료기기,423134951,170,423134951,0,423134951,0,0,0,0,423134951,0,0
20254,골목상권,광흥창역 1번,분식전문점,10632729,613,8957777,1674952,3845303,6589792,0,1131930,2847172,3613306,1866442,976246
20254,발달상권,DMC(디지털미디어시티),문구,3560184299,171658,3296831204,263353095,601995949,449064860,14701517,161221295,231723810,376469819,183239085,83705283
20254,골목상권,까치산역 4번,편의점,1575926016,203440,1080811633,495114383,972972979,602953037,3270122,221184108,573734755,375936624,211967039,189833368
20254,골목상권,용마초등학교,화장품,63081560,2033,55403828,7677732,26067764,37013796,0,0,4793089,10843854,11158593,36286024
20254,발달상권,창동역,피부관리실,56971707,246,54668099,2303608,22614103,34357604,0,430862,5152305,10204404,12136773,29047363
20254,발달상권,종로5가역,커피-음료,1584564350,225991,1355455268,229109082,576834039,592574585,2812601,165100849,314607725,241402150,215251614,230233687
20254,발달상권,강동구청역,제과점,121833764,11680,91079349,30754415,41481729,66766082,1559829,12955016,20259918,39707947,23356853,10408249
20254,골목상권,용마초등학교,치과의원,156412299,2047,136246420,20165879,39678793,116578247,0,745882,12350593,31638739,73737982,37783844
20254,골목상권,이대역 5번,화장품,10559571,250,8953019,1606552,3930593,6628978,0,3899399,1559759,3930593,1169820,0
20254,전통시장,조원동 펭귄시장(신림중앙시장),분식전문점,102311546,9806,55257349,47054197,49714960,46054436,1594566,6851920,14788471,17234552,28596910,26702977
20254,발달상권,대림3동사거리,일반의류,1170000000,22230,857263455,312736545,813148360,173558430,38317,42890258,222620855,266326900,218212028,236618432
20254,발달상권,명일역,미용실,862562137,14060,551576219,310985918,283763638,577950830,3222071,67210968,161608995,294175195,177318373,158178867
20254,골목상권,용마초등학교,분식전문점,5032258,428,3502847,1529411,3667299,1364959,0,2055661,0,707147,1315623,953827
20254,발달상권,포스코사거리,의료기기,349000000,131,349000000,0,349000000,0,0,0,0,342285714,0,6714286
20254,골목상권,문현중학교(장지역 1번),치킨전문점,41500983,2266,28234956,13266027,26923946,12158149,558827,2907094,7582729,7019896,12172832,8840714
20254,골목상권,용마초등학교,여관,1079855,31,771325,308530,833031,246824,0,0,246824,0,555354,277677
20254,전통시장,길동복조리시장,패스트푸드점,70110535,3839,43052873,27057662,36375032,33735503,462989,13687427,16567771,10790037,19235646,9366665
20254,골목상권,내방역 8번,일반교습학원,262068524,736,232802404,29266120,98357859,163710665,0,0,27311767,181196355,31329525,22230877
20254,골목상권,용마초등학교,한의원,99295587,2461,72660509,26635078,39562341,50899088,0,2080402,16851433,4029853,8982497,58517244
20254,전통시장,구로시장,미곡판매,399466123,12136,390979818,8486305,71752967,254728766,0,2432813,2432814,27032175,47836339,246747594
20254,전통시장,청량리전통시장,편의점,1044116377,149661,736662248,307454129,769669466,274446911,12569883,120816714,248842575,224300910,224427739,213158556
20254,골목상권,금천금빛공원(은행나무사거리서측),한식음식점,1767615195,38662,1155052894,612562301,1068097437,659269125,3673971,101588632,230015987,270942566,473094769,648050636
20254,발달상권,연신내역,스포츠 강습,92126707,376,92105359,21348,12457329,79669378,0,21274636,24254295,20124893,26472883,0
20254,골목상권,용마초등학교,치킨전문점,58557652,1571,36761306,21796346,38148286,19274806,276982,2842337,14051961,12249662,17820886,10181263
20254,골목상권,삼전역 4번,호프-간이주점,141026480,4727,102048421,38978059,86836653,47451269,303135,11273581,31933467,25329382,32550218,32898139
20254,발달상권,방이동먹자골목,치킨전문점,766034918,14951,505537929,260496989,445709023,215626664,7745521,165546097,202706695,133370380,100692730,51274264
20254,골목상권,강남구청역 4번,일반교습학원,433879684,1118,373782295,60097389,219015430,214864254,0,504702,90019909,241783798,61132029,40439246
20254,발달상권,연신내역,네일숍,8886485,122,5346112,3540373,1121971,7691341,0,3401248,64332,341470,4835527,170735
20254,골목상권,NH농협은행 상도동지점,슈퍼마켓,1121946,216,854645,267301,595735,409942,0,53940,423127,0,356002,172608
20254,발달상권,노량진역(노량진),호프-간이주점,1334719782,35063,881001380,453718402,865270861,319474074,6086570,248835480,411390690,205962852,193000818,119468528
20254,골목상권,명지대학교교회,제과점,52335415,7088,39028604,13306811,17477252,28127057,1947629,8779643,5755324,11307155,11477624,6336937
20254,골목상권,사당역 4번,일반의류,344864203,2592,297005171,47859032,37134958,307729245,0,2566933,528965,28492951,18824173,294451181
20254,발달상권,목동사거리,예술학원,17063288,52,13111790,3951498,2918720,14144568,0,1796136,7229446,3188141,2424783,2424782
20254,전통시장,비단길현대시장(현대시장),신발,40219589,1314,22895322,17324267,11897081,27425186,0,263776,533959,2620640,10020988,25882904
20254,골목상권,암사역 1번,중식음식점,89056243,4378,57739167,31317076,57617951,22824277,52786,3939837,15262634,23220693,22181481,15784795
20254,골목상권,성동초등학교,일반의원,767310302,33319,614202650,153107652,370311603,396998699,911188,33397952,118944959,198227766,188637318,227191119
20254,골목상권,성동초등학교,일반의류,192221348,3041,128833072,63388276,32127676,160093672,0,3536430,2891684,43010982,63420404,79361848
20254,발달상권,발산역(마곡),골프연습장,25771096,1026,19793913,5977183,20751297,4566792,226504,237269,4843555,6768824,8156852,5085084
20254,전통시장,묵1동도깨비시장,한식음식점,1446270911,26542,1064530397,381740514,809621943,406322402,2113982,59491057,268511457,303994026,320798321,261035505
20254,발달상권,길동역,치킨전문점,297879722,8534,195772293,102107429,190155568,76985327,272696,42680560,71270277,62127929,53559979,37229454
20254,발달상권,연신내역,일반의류,1170097313,7319,955908218,214189095,183062837,986003085,0,554551,30528398,56330012,245895935,835757026
20254,골목상권,동대부여고,커피-음료,93384217,22766,63910247,29473970,47333244,46050973,37512,9818824,31736750,29766091,12338144,9686896
20254,발달상권,수유역,전자상거래업,538901694,35379,467480988,71420706,212498645,326403049,9373570,84021859,119126119,141145010,85038555,100196581
20254,발달상권,길동역,수산물판매,357873422,12096,339241713,18631709,114562765,243310657,0,8245226,14682898,50875690,161573071,122496537
20254,골목상권,동대부여고,예술학원,4913921,35,4913921,0,2818278,2095643,0,0,0,2095643,2818278,0
20254,골목상권,동대부여고,육류판매,126534611,3676,93678344,32856267,57410145,67584033,0,1898250,5737705,6006788,41022216,70329219
20254,전통시장,목2동시장,청과상,604701273,32901,474737866,129963407,167709864,370757114,0,6556716,34450279,56837349,123985471,316637162
20254,발달상권,구역삼세무서,일반의원,749650101,28533,644246183,105403918,230317796,514587759,4029870,82355512,199455372,164519991,157141408,137403403
20254,골목상권,흑리단길,커피-음료,262035727,41353,184217328,77818399,105606959,139602772,4642165,43445772,57811482,41990672,42775712,54543928
20254,발달상권,몽촌토성역,일식음식점,88770854,1225,61848036,26922818,32892736,34188187,0,8841302,34911689,10820698,10523288,1983946
20254,골목상권,홍제역 2번,커피-음료,7600525,790,6548877,1051648,2221013,5149066,0,242916,904051,2353139,2000079,1869894
20254,골목상권,굽은다리역 4번,노래방,103496967,1102,60250706,43246261,89141594,13603428,0,2346267,5007421,21000488,29275472,45115375
20254,골목상권,오금공원(오주중학교),커피-음료,43892302,5043,28273992,15618310,19646022,19503041,59977,2082361,8310185,4963744,9561230,14171566
20254,골목상권,삼전역 4번,치킨전문점,164837267,5165,109431950,55405317,81796404,68012485,2213573,17506907,43016371,31800712,27266459,28004864
20254,골목상권,한국SGI본부,일식음식점,127638772,2729,110404924,17233848,51559270,35585551,609740,10385893,30257589,13992066,23763865,8135665
20254,발달상권,구로구청,세탁소,50180786,5138,32758300,17422486,27064470,20527605,0,7597590,18332990,10396279,8126740,3138476
20254,전통시장,창동역상점가,치킨전문점,196794703,4542,131466834,65327869,140325214,52902551,862194,18611045,41115327,41311050,52470722,38857428
20254,발달상권,미아역,화장품,25256549,1258,19374443,5882106,11356761,13899788,143435,1020400,12933240,1647914,4141736,5369824
20254,발달상권,잠실새내역(신천),피부관리실,1289491820,11295,996461751,293030069,337760711,947058145,2292677,146069153,303777132,300636373,308872238,223171284
20254,전통시장,전곡시장,노래방,79534705,390,49334309,30200396,66957484,4659739,419866,0,1996770,9577351,53208253,6414982
20254,전통시장,영등포청과시장(조광시장),미곡판매,5961187635,106854,5176851506,784336129,1726848655,3494568643,0,0,32067124,98170020,1147136395,3944043760
20254,골목상권,광흥창역 6번,운동/경기용품,2002182,20,2002182,0,0,889859,0,0,0,0,889859,0
20254,골목상권,굽은다리역 3번,화초,29719391,859,12803668,16915723,10132262,19014685,0,2308857,2194369,5590872,9435787,9617061
20254,발달상권,장한평역(장한평),전자상거래업,305512301,180,305512301,0,0,305512301,0,0,0,0,305512301,0
20254,골목상권,광진초등학교,반찬가게,73951515,3680,70623987,3327528,12104044,56106437,0,1114242,18909355,33294540,9887723,5004622
20254,골목상권,광진초등학교,패스트푸드점,269726,8,73677,196049,269726,0,0,0,0,269726,0,0
20254,골목상권,구남초등학교,한식음식점,342847548,5709,235879265,106968283,180502151,84917980,0,18872214,39871915,56681534,78642301,71352165
20254,골목상권,구남초등학교,슈퍼마켓,126829339,21664,85159105,41670234,83061326,43768013,1505827,21485831,34976062,30254261,27065510,11541848
20254,발달상권,인사동,분식전문점,85498186,3325,56993994,28504192,26594920,32799845,28428,6313858,13780491,10800640,18049475,10421872
20254,골목상권,구남초등학교,커피-음료,112088514,15124,76463492,35625022,32936491,67965477,535667,11358626,26179787,22238932,20235561,20353393
20254,발달상권,송정역,치과의원,188615826,1014,176471341,12144485,121346536,67269290,32890,11123345,13435290,42235695,39879575,81909031
20254,발달상권,방이동먹자골목,의약품,980340087,63178,800639930,179700157,417419828,562920259,2266375,125922369,557937318,137880900,83728470,72604655
20254,골목상권,구남초등학교,조명용품,352159880,9218,274893966,77265914,190532682,161627198,6716602,79730626,58631903,75456908,123005673,8618168
20254,골목상권,영락고등학교,치킨전문점,68979847,2321,46125158,22854689,48328244,16228172,573182,7061430,10610317,12744939,16778189,16788360
20254,골목상권,아차산역 1번,육류판매,431898197,12226,298017342,133880855,174329628,240908842,177185,10269840,27145750,89168002,125676555,162801138
20254,골목상권,굽은다리역 3번,한식음식점,907271171,24559,509926316,397344855,439048956,400073150,760292,24261510,60637575,176489840,237818003,339154888
20254,골목상권,아차산역 1번,조명용품,72289924,2089,68256230,4033694,51759207,10763043,0,261080,21082250,5221609,22322383,13634928
20254,발달상권,공릉역,피부관리실,15830144,302,12896059,2934085,2699822,10486165,463887,4699175,5079562,927774,2015589,0
20254,골목상권,아차산역 1번,분식전문점,52510481,5256,31301494,21208987,27717006,23866668,0,3519691,9932052,13156143,12434200,12541589
20254,전통시장,영천시장,육류판매,2747729375,66113,2026959439,720769936,885149493,1537309652,1786713,53035661,270330520,313720731,651307808,1132277709
20254,골목상권,난우중학교,철물점,15916893,885,12645087,3271806,14619961,648466,0,0,176854,0,501087,14590486
20254,골목상권,홍제역 4번,커피-음료,35176113,3983,22470064,12706049,11071124,20971380,41601,6233942,7132528,9060953,6217302,3356177
20254,골목상권,아차산역 1번,청과상,120084626,4074,91269563,28815063,41833169,74302167,0,1227669,9530218,10821481,30138959,64417010
20254,골목상권,아차산역 1번,커피-음료,91279061,10101,49242997,42036064,30034052,58171191,404857,9235682,22738263,10589111,24237619,20999712
20254,골목상권,홍대부속여중고앞,화장품,36066626,12,36066626,0,36066626,0,0,0,0,0,36066626,0
20254,발달상권,은마아파트,화초,57210583,1205,41214113,15996470,27606012,22633130,1713390,12028904,5447838,7818637,15070723,8159649
20254,골목상권,남천초등학교,핸드폰,249405464,7767,212011985,37393479,72257928,172812060,0,1083869,0,155650802,42993467,45341850
20254,발달상권,강서농산물도매시장,분식전문점,539447582,27290,296720345,242727237,346511214,161310860,0,4906399,54304626,97696407,151504552,199410091
20254,골목상권,국악고교사거리,자동차수리,258767161,1224,213965858,44801303,197371890,40141745,0,0,53943076,76561315,63219346,46884528
20254,골목상권,장지동주민센터(한림연예예술고교),미용실,67931875,2105,50351436,17580439,32866298,35065577,425863,1693640,13016298,13930481,17214223,21651370
20254,전통시장,로데오거리상점가,슈퍼마켓,2532964358,164218,1725581200,807383158,1243085804,1289878554,6023095,178620330,392875266,308462461,536679769,1110303437
20254,골목상권,둔촌동역 1번(한산중학교),운동/경기용품,509361914,2435,336853980,172507934,265672348,115871651,3140490,4143895,40766653,49679960,141830703,141982298
20254,골목상권,푸른동산공원,분식전문점,65111796,2968,46107846,19003950,17235361,16225592,61279,951869,4732604,10138869,11803841,5772491
20254,전통시장,신대방1동골목상권,미용실,132742320,1708,100794607,31947713,69175290,63567030,538302,2564015,17964784,41021261,58680607,10975270
20254,골목상권,오류2동버들시장,치킨전문점,52324214,2222,36430494,15893720,28947750,22447579,643704,4653967,10059766,14450134,14188868,7398890
20254,발달상권,목동역 8번출구,일반의류,615210253,2496,523768381,91441872,86053173,529157080,0,24108755,28628361,67886052,272906253,221680832
20254,발달상권,시청역_8번,호프-간이주점,898661427,40969,818831043,79830384,320262136,285784699,1147630,125673318,211972003,139930137,86984481,40339261
20254,발달상권,문래동주민센터,반찬가게,2953077498,198977,2553336931,399740567,598924484,895545110,144401,106192293,303813497,435574769,410212188,238532448
20254,골목상권,성서초등학교,한식음식점,494704552,9971,341937192,152767360,277155492,176516909,1675958,49573784,134451389,106195163,108503855,53272254
20254,골목상권,서대문소방서,한식음식점,415034736,6850,262352462,152682274,169133966,170718005,138233,14145524,40101712,57865032,106552689,121048779
20254,발달상권,르네상스호텔사거리,치과의원,196873642,1297,187144102,9729540,92972616,103893764,0,1991058,52540561,52204608,53881719,36255007
20254,골목상권,강서구청옆,한식음식점,1258367431,14402,941757405,316610026,652969393,245373576,445651,59658482,193800542,198715214,219407552,226315528
20254,전통시장,방이시장,한의원,828980244,14299,702725826,126254418,231561263,597418981,0,28135182,114755690,158139776,266797246,261152350
20254,골목상권,샤로수길,예술학원,41527822,272,35928565,5599257,30838332,10689490,0,0,26766143,14761679,0,0
20254,골목상권,문성초등학교,자동차수리,240372930,1465,191095903,49277027,179273884,42413416,0,5757477,53359602,26501842,71706763,64361617
20254,골목상권,해오름공원,슈퍼마켓,28439868,3945,20137606,8302262,18473950,9443349,58964,1383300,4532253,6824403,11133579,3984800
20254,골목상권,해오름공원,일반교습학원,15893024,40,15893024,0,6009303,9883721,0,0,0,6641861,9251163,0
20254,전통시장,청량리전통시장,철물점,16678618,1449,11561909,5116709,11932277,4746341,0,181158,362316,181158,4186764,11767222
20254,골목상권,해오름공원,가전제품,27018468,275,26069417,949051,3238142,23780326,0,0,0,1186110,1456734,24375624
20254,발달상권,동대문역,양식음식점,36000000,239,23281638,12718362,36000000,0,0,8687345,27312655,0,0,0
20254,발달상권,안암역,호프-간이주점,565726683,11569,417131425,148595258,374811615,174441749,18084763,213656311,80158947,105348195,63420950,68584201
20254,골목상권,해오름공원,미용실,154235788,4250,111825655,42410133,80038593,72515973,0,2660732,5956844,22075767,33001021,88860201
20254,발달상권,등나무근린공원,피부관리실,50835449,917,37495831,13339618,4107752,46727697,70928,11741608,10271299,9978189,15774019,2999406
20254,발달상권,은행사거리,스포츠클럽,741899715,820,671510009,70389706,261327456,426214473,84626,68527893,75568787,239650893,230550003,73159728
20254,발달상권,포스코사거리,서적,1038050984,40461,767687055,270363929,331839276,394190018,2362576,59057441,154366352,282535275,158632900,69074750
20254,전통시장,문정동 로데오거리 상점가(문정동 로데오거리),자동차수리,603346592,3388,514980523,88366069,506752841,46372475,0,6006646,56465688,140079269,179291830,171281883
20254,전통시장,숭례문수입상가(남대문시장),신발,29744899,1071,23316327,6428572,2448980,27295919,0,0,510204,1785714,510204,26938777
20254,전통시장,중부시장(신중부시장),커피-음료,388611808,57166,309616884,78994924,198975515,151022912,1309461,40892967,84907978,65779214,80098672,77010134
20254,발달상권,인사동,반찬가게,938047330,10520,774577193,163470137,403463100,288969819,614134,13945205,59751802,43072547,280898016,294151216
20254,발달상권,서초3동사거리,전자상거래업,500628,5,0,500628,500628,0,0,0,500628,0,0,0
20254,발달상권,남부터미널역,한의원,843146573,4106,629291096,213855477,154415442,657796496,2417314,44975169,282128046,240441971,140155703,102093733
20254,발달상권,보라매역,중식음식점,379713182,29697,267032641,112680541,258731036,97762317,3080381,41176020,82773840,93816232,88626706,47020172
20254,골목상권,대림역 2번,커피-음료,118958490,10103,63543396,55415094,59242616,59715874,958736,9780306,24476349,12397227,32213320,39132552
20254,골목상권,장로회신학대학교,한식음식점,231634268,9203,157111335,74522933,107793257,86573573,486962,24051727,33159704,44047555,52437751,40183128
20254,전통시장,종로신진시장,의약품,84585371,3204,77677191,6908180,33450197,51135174,0,666863,2182949,8636230,17278644,55820685
20254,발달상권,신대방삼거리역,분식전문점,129658732,14352,91242242,38416490,56591399,59639421,808614,11582344,20563637,27510017,34729680,21036529
20254,골목상권,광나루역 1번,분식전문점,92845587,9101,52779978,40065609,37908769,42322822,1025544,11836187,16257802,20281960,16841050,13989045
20254,발달상권,본서부병원,미용실,187736135,3782,109942250,77793885,66920867,120815268,670750,12875214,37907616,60019958,49828983,26433614
20254,전통시장,돈암시장(돈암제일시장),미곡판매,844857652,32302,609782852,235074800,260533982,567950491,0,1542425,51415419,88966574,143946774,542613279
20254,전통시장,성내전통시장,일반의류,19872862,959,14336729,5536133,5006077,14866785,0,0,1127419,2212770,4088997,12443676
20254,발달상권,길동역,가구,3758342,205,3644865,113477,2342155,736841,0,175103,324543,871403,169154,1652270
20254,골목상권,신정역 5번,철물점,7935589,170,6712933,1222656,1704500,5777531,31700,10729,429173,446242,804700,5759486
20254,전통시장,신아타운,시계및귀금속,71403457,87,68733301,2670156,810460,70592997,0,0,0,6982430,64358684,62343
20254,골목상권,신길3동주민센터,인테리어,21628286,54,20000000,1628286,1628286,20000000,0,0,0,0,976972,20651314
20254,골목상권,묘곡초등학교(고덕아이파크아파트),철물점,7027929,446,6256283,771646,3590157,1655898,0,307848,740941,752203,1683037,1762025
20254,골목상권,신원동주민센터,제과점,171457411,15047,124509663,46947748,59585219,89989759,2453142,15789582,26867716,30636396,33053438,40774704
20254,발달상권,수유역,스포츠 강습,437336739,775,427164241,10172498,54160774,382440070,0,141147069,65513435,81470129,136185199,12285012
20254,골목상권,광진정보도서관,당구장,17710760,1223,12376308,5334452,17411636,199416,576627,77551,640875,1566610,3024142,11725248
20254,골목상권,암사역 2번(서울강동초등학교),세탁소,48127040,3252,34592672,13534368,22963571,25163469,0,5750238,13916907,7395609,14296613,6767673
20254,골목상권,미성초등학교,일반의류,533083484,4765,369383483,163700001,90614768,442468716,0,2771524,27460870,50920793,148289585,303640712
20254,발달상권,서울남부지방법원,가전제품,203608072,1581,150945499,52662573,123054969,80553103,0,0,14632348,14744854,40544341,133686529
20254,전통시장,가리봉시장,호프-간이주점,30993814,433,17198166,13795648,28859509,2134305,0,618639,154660,20848135,6866892,2505488
20254,골목상권,마포구청역 4번,호프-간이주점,26709495,781,17129901,9579594,19884742,5985829,0,1258385,6031176,8275863,9965044,340104
20254,전통시장,은행나무시장,반찬가게,214583358,14167,141025967,73557391,86693204,127890154,0,4279764,15140456,20724962,62577930,111860246
20254,발달상권,도성초등학교,예술학원,3291905989,2751,1636934908,1654971081,1516459506,1775446483,19212435,768388,20365667,974640069,2128445950,148473480
20254,골목상권,문정초등학교,화장품,73559203,713,46415673,27143530,2139384,70392498,0,8443740,26457052,22697412,164750,14768928
20254,발달상권,왕십리역(왕십리),당구장,98836642,5272,58921799,39914843,95179683,3656959,524926,2925897,3287907,38787948,38566316,14743648
20254,골목상권,국기원,피부관리실,30942560,145,27444507,3498053,0,30942560,0,4296522,22128987,562730,912536,3041785
20254,발달상권,장안동사거리,화초,24370402,762,15157789,9212613,11553626,12411337,0,2982326,5061670,7338419,2760103,5822446
20254,골목상권,용두희망어린이공원,의약품,133729239,13858,121366097,12363142,73220031,57403355,124117,9387773,17632123,19290024,39648791,44540557
20254,골목상권,용두희망어린이공원,일반의류,451926675,1640,447824263,4102412,80707580,69084625,0,12577996,0,60879801,3508383,72826025
20254,골목상권,동일여자고등학교,한식음식점,659305553,15119,499000868,160304685,395882202,177219004,551418,18921499,119263927,146948333,146752679,140663352
20254,발달상권,구파발역,편의점,135000000,26822,94877823,40122177,79648844,55351156,6075202,26448503,32474395,27790471,28417421,13794008
20254,골목상권,한국의류시험연구원,한식음식점,395709924,13157,351081409,44628515,213653183,110351129,0,26046219,71344313,64785514,81225214,80603055
20254,전통시장,마천시장,일반의류,41102396,1382,31168765,9933631,12129064,28973332,0,639941,4915911,2580853,5698384,27267307
20254,골목상권,한국의류시험연구원,커피-음료,17833631,1313,12814626,5019005,10916475,5697529,103553,715582,2213319,3199385,3264815,7117347
20254,골목상권,천호1동주민센터,미용실,2392958,87,2227072,165886,451210,1941748,0,0,0,99532,583918,1709508
20254,골목상권,상도역 2번,일반교습학원,166938720,314,135644251,31294469,60914317,106024403,0,0,4709870,126119848,36109002,0
20254,발달상권,수유역,당구장,388635977,146371,246794787,141841190,232310742,154950975,14429414,127388323,106138227,56273548,50213372,32818834
20254,전통시장,정릉시장,육류판매,1866300345,44210,1261448281,604852064,605973137,1260327208,1526701,42786398,104260112,237745207,564613281,915368646
20254,골목상권,구로보건소,패스트푸드점,64849243,1340,54014362,10834881,14511217,17260337,84139,3486427,9941640,7635872,5928204,4695269
20254,골목상권,양천향교역 2번,자동차수리,283116271,1784,279520871,3595400,195014561,70268521,0,25311624,35321221,63221535,85513022,55915680
20254,골목상권,종암초등학교,일반교습학원,145225523,609,140511889,4713634,73687813,71537710,0,0,9009040,88310363,45492739,2413381
20254,발달상권,월곡역,커피-음료,532706699,105089,406498623,126208076,175536694,344139556,15221503,188788648,101374189,86126680,93720725,34444505
20254,골목상권,종암초등학교,예술학원,102453036,545,97198516,5254520,28828804,73624232,0,2724566,18668784,79794709,1264977,0
20254,전통시장,영등포유통상가,커피-음료,204355826,45974,184450525,19905301,90214646,68965021,37814,15751024,54659921,34896819,33866696,19967395
20254,골목상권,제기동역 6번,수산물판매,186000000,1389,152181818,33818182,15658310,170341690,0,0,0,0,7099620,178900380
20254,전통시장,용산용문시장,치과의원,1174850044,8792,1070300755,104549289,476147502,698702542,811544,30705058,56586588,137151370,322153035,627442449
20254,골목상권,대왕초등학교(세곡동사거리서남측),철물점,202534910,6256,181566218,20968692,46572178,29484666,0,183976,6383496,10937197,27109653,31442522
20254,골목상권,제기동역 6번,노래방,47818430,591,33324870,14493560,39420337,7073981,411024,1129577,6941363,6055043,12093324,19863986
20254,전통시장,개봉중앙시장,안경,66622103,554,43650583,22971520,30299662,36322441,216975,5999357,15121682,9017726,21509631,14756732
20254,골목상권,샤로수길,네일숍,86580,9,0,86580,0,86580,0,0,86580,0,0,0
20254,발달상권,구파발역,중식음식점,180605137,7183,115627732,64977405,87369874,85714544,1392766,25745616,39206847,40523503,45115597,21100091
20254,발달상권,목동역 8번출구,화장품,188738996,2367,175831687,12907309,49055272,134507481,287188,14187778,21533731,11131221,56764411,79658424
20254,발달상권,용산전자상가(용산역),슈퍼마켓,753294847,93855,669199125,84095722,464453623,95707431,760521,70082616,173920253,158965328,111096123,45336207
20254,발달상권,"양재시민의숲역(양재동꽃시장, aT센터)",당구장,43890775,2075,35355503,8535272,36194510,7696265,70131,2022833,8818359,4918282,21563196,6497974
20254,골목상권,제기동역 6번,분식전문점,49591660,3032,31094601,18497059,26908211,9553906,0,2838910,13444267,7401903,7035627,5741410
20254,골목상권,시흥동 은행나무사거리,네일숍,2583893,53,2315436,268457,1191275,1392618,0,352349,134228,1661074,285235,151007
20254,골목상권,제기동역 6번,한식음식점,3316674267,87056,2568397526,748276741,1710323567,1192464513,6431133,311699596,602811504,626231937,730974383,624639524
20254,전통시장,대명여울빛거리시장(대명시장),피부관리실,11499404,34,11499404,0,0,11499404,0,0,0,0,11499404,0
20254,전통시장,뚝섬역상점가,슈퍼마켓,661161256,44899,495596210,165565046,218631628,442529628,853886,12818364,65216760,75789576,128674442,377808228
20254,발달상권,문정역,화초,78837782,1799,65409807,13427975,37439487,21857637,0,5530890,24437441,14217810,8314339,6796646
20254,골목상권,공덕래미안3차아파트,예술학원,254931514,1552,218276622,36654892,58475057,196456456,0,0,50800297,175507545,28623671,0
20254,골목상권,명지대학교,치과의원,1200995422,9348,1048385680,152609742,599480715,601514707,386476,26221724,173566027,223100209,408848885,368872101
20254,골목상권,용두동신동아아파트,미용실,38908095,1254,31563307,7344788,12437018,26117503,0,486164,2905571,3950971,9741617,21470200
20254,발달상권,구의사거리,의약품,2346468038,71743,1921150017,425318021,596821824,1729791885,1338829,38725270,239724259,259404657,1163932214,623488481
20254,골목상권,용두동신동아아파트,자동차수리,313596069,1585,255835988,57760081,232623149,59185131,0,18553345,33484236,58667037,60922894,120180768
20254,발달상권,신도림역,한의원,559330624,12927,507011601,52319023,169206971,390123653,0,10492698,91218677,163432038,187435815,106751396
20254,골목상권,윗방죽마을공원,호프-간이주점,145455845,3062,99550849,45904996,77223043,46663483,72562,18232456,43054186,44259736,12601406,5666180
20254,발달상권,성수역,분식전문점,488667833,32947,403380413,85287420,162462024,226610219,3529271,102062043,118571083,73291894,58242657,33375291
20254,골목상권,신구중학교,한식음식점,3476796334,9368,2316616659,1160179675,1146768315,774887648,0,27647213,282180236,459231759,348773230,803823524
20254,골목상권,연희초등학교,분식전문점,35837605,3098,35837605,0,23897375,11940230,388771,16774162,5797977,2591786,7677884,2607025
20254,발달상권,목동신시가지,당구장,101081767,2054,76612518,24469249,65411240,35381809,1873775,3606515,10047534,30558955,35458416,19247855
20254,발달상권,한강성심병원,편의점,45000000,6055,34346791,10653209,23856933,15996963,78958,8245825,15625519,6370802,6418938,3113852
20254,발달상권,목동신시가지,예술학원,1208270956,5024,794375984,413894972,352525615,855745341,0,16035211,147681945,668157366,347140021,29256413
20254,전통시장,동묘시장(동묘벼룩시장),가전제품,37859218,807,37859218,0,34145956,3713262,0,4435637,1702440,1985476,15613442,14122223
20254,전통시장,새마을시장,화장품,73240840,3967,58639558,14601282,30119369,43121471,0,694590,3362771,2789134,7602018,58792327
20254,골목상권,영등포구청역 2번,스포츠 강습,136778957,648,116766037,20012920,37578218,99200739,0,0,46072911,66661745,15693586,8350715
20254,골목상권,제기동역 1번,서적,1881530760,9841,1729655868,151874892,402302474,334369102,0,6434602,801310,21759757,379052473,328623434
20254,골목상권,양목초등학교,커피-음료,23214215,2173,15560862,7653353,6657580,14580470,0,3602868,9325926,5691874,2358893,258489
20254,전통시장,남대문시장(자유상가),운동/경기용품,755584228,9253,577099605,178484623,312746878,423778205,0,2552115,28158932,32828032,128040037,544945967
20254,발달상권,굽은다리역,한식음식점,2986207801,81034,2053944360,932263441,1559506160,1105304286,8290373,148118738,370512040,523508550,688322313,926058431
20254,골목상권,고대앞사거리,미용실,29126477,658,21722543,7403934,19956601,9169876,0,13243850,3589785,1758705,8941894,1592243
20254,골목상권,서강대역 1번,커피-음료,663976312,118357,453761451,210214861,299900587,348941848,20317084,172118507,188445099,113132498,118233727,36595518
20254,골목상권,석촌고분역 3번,섬유제품,37637352,122,37637352,0,0,20256917,0,0,0,20256917,0,0
20254,발달상권,대치역,미용실,1384988528,12694,859344320,525644208,670968784,682889503,9132491,47929864,119834254,436892706,513128329,226940641
20254,전통시장,남구로시장,미곡판매,333236272,17914,243602666,89633606,115120572,199620131,0,1842755,10493235,23219058,60210711,218974944
20254,골목상권,고려대역 6번,일식음식점,31118687,1232,29662786,1455901,17221564,12030665,284662,6450945,7334050,7640546,6296397,1245628
20254,전통시장,쌍문시장(쌍문역골목시장),미용실,388006140,9420,241364326,146641814,159554885,228451255,4527562,46023088,98176355,77507242,85350076,76421817
20254,전통시장,"중곡제일시장(중곡제일골목시장, 광성시장)",수산물판매,701782228,31363,445800977,255981251,209151421,480725984,807221,12045279,47194102,78557504,217274393,333998907
20254,골목상권,고려대역 6번,양식음식점,280209117,7083,162693818,117515299,152035116,98428945,5493166,95220414,47723527,22181572,51337428,28507952
20254,골목상권,목동보건지소,예술학원,108535517,668,95354691,13180826,13378573,95156944,0,4906262,22836899,79337811,0,1454545
20254,발달상권,성수대교남단,피부관리실,1157532638,3545,845016047,312516591,354101124,493365399,5194011,107780566,241046333,303015133,107820219,82610264
20254,발달상권,사당역(사당),반찬가게,17647344,380,17647344,0,0,17647344,0,0,0,0,17647344,0
20254,골목상권,목동센트럴아이파크앞,한식음식점,1117486385,30716,732714160,384772225,622021736,403185751,4606293,56554825,137906637,242069972,270330109,313739651
20254,골목상권,동의보감타워,세탁소,22129113,1177,16952843,5176270,12988077,9141036,0,678461,4253289,5923581,7174211,4099571
20254,전통시장,암사종합시장,반찬가게,1165431602,103125,718443092,446988510,412505294,746433710,818017,33093507,113707632,202901826,290766442,517651580
20254,발달상권,"총신대입구역(이수, 총신대)",치킨전문점,372418909,9631,265223906,107195003,253183246,104442554,2903082,51927754,87526124,66795868,82339302,66133669
20254,전통시장,봉천중앙시장,커피-음료,85809988,17672,59776843,26033145,37253061,40859655,167555,18333025,27570721,12093539,11189426,8758453
20254,골목상권,남강고등학교(남강중학교),PC방,267000000,47991,168092892,98907108,206850188,60149812,13835507,110010085,84645698,24140833,28514990,5852887
20254,골목상권,개봉중학교,호프-간이주점,47266270,729,32612158,14654112,43118122,4148148,0,0,0,7384497,4148148,35733625
20254,골목상권,난우초등학교,일반의류,306669407,4700,244062302,62607105,55992166,250140130,0,13413856,5294349,33434501,73584918,180404672
20254,골목상권,동의보감타워,패스트푸드점,77459768,4510,47433964,30025804,44502066,32957702,991575,10293891,19995453,11998939,21496268,12683642
20254,골목상권,신대방역 3번,노래방,11397538,199,7495330,3902208,10050806,684405,0,960374,1186669,965892,4697000,2925276
20254,골목상권,우장산역 4번,스포츠클럽,58826291,395,53403756,5422535,5422535,53403756,0,21032864,16267605,18896714,2629108,0
20254,골목상권,상수역 4번,슈퍼마켓,204147777,37689,146105612,58042165,126443552,77704225,8737980,65112399,50416609,47141474,19593256,13146059
20254,전통시장,강북종합전통시장(강북종합골목시장),수산물판매,81523176,4312,59116000,22407176,19808682,60511554,145295,2877116,2872315,8591088,19483001,46351420
20254,발달상권,홍대입구역(홍대),노래방,1199561991,110954,656846755,542715236,645038202,546635884,114761224,615007160,265911009,69697083,108900547,17397060
20254,골목상권,고려대역 4번,한식음식점,266739572,8063,206246250,60493322,164969119,56692369,0,32225133,41120900,32607123,63776255,51932074
20254,발달상권,잠실새내역(신천),골프연습장,471839849,4224,368128883,103710966,258521893,165268348,59747,23489749,46314121,187131524,150525791,16269306
20254,골목상권,석촌역 3번,당구장,139071942,2092,99713726,39358216,33524130,104977470,173638,4503729,3254338,107510442,6902049,16157403
20254,골목상권,연희세브란스병원,양식음식점,331243071,3290,280649032,50594039,32967827,68366824,571108,11987417,22410941,27891638,24754191,13719360
20254,전통시장,신정1동 골목시장(신정제일시장),육류판매,1085794396,27913,774893462,310900934,485278998,575444144,0,33291795,50327717,99696859,197574977,679831794
20254,골목상권,홍파초등학교,슈퍼마켓,465915417,68119,358593753,107321664,340317943,123449483,9896480,41799138,120969416,74569307,74927295,141605789
20254,전통시장,남대문시장(자유상가),제과점,156060364,10936,129962463,26097901,41862734,97150087,350122,6669187,20904008,21549814,31652648,57887044
20254,골목상권,NH농협은행 상도동지점,노래방,63561067,577,57562456,5998611,37008116,25464634,0,1038436,5363511,5979983,42711567,7379252
20254,골목상권,홍파초등학교,청과상,2243266820,35685,1685292322,557974498,667053739,1571554751,0,96169624,4893133,820555111,256229551,1060761071
20254,발달상권,보라매공원,네일숍,24025416,476,21332622,2692794,8486176,15539240,0,2752727,2753250,8960876,4799850,4758713
20254,골목상권,구로창업지원센터,인테리어,5654781,193,5345284,309497,1173513,1179960,0,0,954285,0,548069,851119
20254,발달상권,경찰청앞교차로,한식음식점,49784995,1447,49784995,0,13554174,12950640,0,448670,5391276,9013923,5528771,6122173
20254,골목상권,길동주민센터(강동도서관),중식음식점,121957185,8403,80647137,41310048,78271881,43685304,52196,3941158,19397680,28717358,25931852,43916941
20254,골목상권,한영중고,세탁소,41061152,6244,24325200,16735952,20547578,20513574,0,4766978,7017345,9455681,11833318,7987830
20254,골목상권,고척동성당,자동차수리,56909649,374,38196356,18713293,34735949,15331286,0,0,3724128,5723395,32041747,8577965
20254,골목상권,공덕동주민센터,호프-간이주점,38825332,316,21027960,17797372,27924908,0,0,0,1611298,827948,18486193,6999469
20254,골목상권,동대문구청,커피-음료,88569192,13255,72074651,16494541,38751509,49138528,185426,10739906,23318149,20872840,19755051,13018663
20254,발달상권,서촌(경복궁역),의약품,883634708,63398,751136008,132498700,349637634,458718397,2006807,26731554,101381569,164837001,152010594,361388507
20254,골목상권,북가좌2동주민센터,스포츠 강습,307824327,1379,294322555,13501772,103002469,193399338,0,8923844,29151223,247023205,11303536,0
20254,발달상권,천호역,PC방,277582373,46934,190104470,87477903,238036316,39546057,17379150,92523484,117660747,34442506,13303455,2273031
20254,골목상권,이수역 9번,분식전문점,81376263,2084,78661617,2714646,14583334,38999369,0,0,4214015,7212752,1057449,41098485
20254,골목상권,삼전역 1번,자동차수리,465719318,1359,417289926,48429392,223488280,142813615,0,0,23042497,129885746,160384585,52989065
20254,골목상권,신월4동주민센터,일반교습학원,1472181155,4310,1268602024,203579131,452901080,1019280075,0,43734856,64696712,777884032,440649489,145216066
20254,전통시장,"동원전통종합시장(동원시장, 동원전통시장 상점가)",안경,108208441,1510,85178047,23030394,42250613,58110022,440243,16940475,18494981,18888708,28036418,17559811
20254,골목상권,세종대왕기념관교차로,커피-음료,9318054,959,8050515,1267539,4009553,4044203,0,2087881,2796548,1672398,1114221,382707
20254,전통시장,문정동 로데오거리 상점가(문정동 로데오거리),노래방,82180921,1096,46173377,36007544,63742195,11014839,0,6631758,19140474,25822975,7204606,15957222
20254,골목상권,동대문중앙새마을금고본점,호프-간이주점,65462574,841,44122343,21340231,63100237,2362337,0,0,1502123,2362337,35456280,26141834
20254,발달상권,구로전화국,인테리어,137346857,964,128504555,8842302,114978511,12425668,0,5716236,3108203,3419024,50778037,64382679
20254,골목상권,화곡역 2번,철물점,429045821,17795,394408211,34637610,248488878,120013085,0,9690855,62482029,48454276,106004522,141870282
20254,골목상권,동대문중앙새마을금고본점,반찬가게,3271471,121,3271471,0,0,3271471,0,0,0,0,0,3271471
20254,전통시장,영림시장,애완동물,24669365,1893,18442669,6226696,8653986,16015379,125239,5048073,8548463,2697483,4484680,3765427
20254,골목상권,홍릉시장,여관,8703572,281,7673038,1030534,8703572,0,0,0,1030534,0,7444030,229008
20254,골목상권,공군호텔,당구장,29141461,1513,18343846,10797615,25983647,469935,281457,1279297,3954671,5562255,9178779,6197122
20254,골목상권,천호초등학교,패스트푸드점,29419050,1703,17430185,11988865,15896285,13522765,263827,5394110,6956706,3211286,7180731,6412390
20254,골목상권,곰달래도서관,자동차수리,19185510,86,16301496,2884014,12699239,3961376,0,513819,1182335,2172637,6596769,6195056
20254,전통시장,"솔샘시장(미아6,7동골목시장)",수산물판매,391159265,22260,284146131,107013134,94634910,296524355,0,2229647,6803454,23988506,80591213,277546445
20254,골목상권,등촌3동주민센터,자동차수리,730819455,4694,627177801,103641654,415173056,238858948,0,12072005,156984352,205124807,166722694,113128147
20254,골목상권,구립대학경로당(관악산샘말공원),육류판매,572848273,16580,394001319,178846954,266242706,266860960,574394,21684207,47593209,65838671,144558380,252854803
20254,발달상권,광화문역,핸드폰,5629150,857,5629150,0,2200226,3428924,0,0,5057663,571487,0,0
20254,골목상권,홍릉시장,분식전문점,17816507,598,7397313,10419194,4438388,377735,0,739731,1463723,472168,2140499,0
20254,골목상권,남구로역 3번,화장품,22017151,280,17612970,4404181,9443429,12573722,0,0,0,194414,9452550,12370187
20254,발달상권,삼호가든사거리,치과의원,1547192285,14509,1276442780,270749505,703449950,843742335,0,5423192,168587985,511653548,292012914,569514646
20254,전통시장,동대문상가B동,신발,1718235070,37627,1299333043,418902027,863853865,826752616,37890635,621774806,94989718,165771530,189716306,580463486
20254,골목상권,동대문경찰서,중식음식점,100803507,5007,69707318,31096189,73503104,22050317,1012337,5086225,16912426,22702124,23524997,26315311
20254,골목상권,영신초등학교,일반교습학원,514329713,2431,436929408,77400305,149813339,353717944,0,0,51555076,360490917,91485291,0
20254,골목상권,독산2동주민센터,미용실,77052425,2093,53877349,23175076,22409196,54590279,0,3682388,10288619,13684803,29681781,19661885
20254,골목상권,전농1동주민센터(전농시장),한식음식점,59424747,1222,36043529,23381218,33554708,19583916,0,1619350,8419876,14619830,18926893,9552678
20254,전통시장,쌍문역둘리상점가,분식전문점,25215677,1955,16202786,9012891,9310042,11543426,332693,2555333,3034743,3818327,7449851,3662520
20254,골목상권,까치산역 3번,여관,1474225349,40197,899216549,575008800,1063131258,287654418,12220438,223236362,318463663,305363529,304176233,187325452
20254,발달상권,장승배기역,호프-간이주점,610306774,10365,431856119,178450655,379228910,193960990,80248,43051205,87433335,129142302,163501869,149980941
20254,골목상권,신길2동우편취급국,반찬가게,8738255,519,7700047,1038208,6878132,1860123,0,0,0,4152834,3850023,735398
20254,골목상권,덕의초등학교,노래방,25160556,332,12976664,12183892,17834742,5502442,0,1404120,1816492,7171835,3372808,9571928
20254,발달상권,신논현역,세탁소,89002678,2376,80272275,8730403,45865784,31568720,0,8276475,12705953,28844435,24954962,2652677
20254,발달상권,미아역,피부관리실,64947566,697,53514115,11433451,3838118,61109448,0,13180861,18474169,14540662,3416623,15335251
20254,발달상권,르네상스호텔사거리,시계및귀금속,9073170,195,8585365,487805,3707317,5365853,0,0,0,268293,1487805,7317072
20254,골목상권,간데메공원,분식전문점,236655764,18719,179572079,57083685,117926053,89321003,145001,15442700,74865085,51851431,40869197,24073642
20254,전통시장,숭인시장,패스트푸드점,27484276,1725,17077931,10406345,13444605,12307222,0,3633699,5974784,5844462,6975407,3323475
20254,골목상권,간데메공원,미용실,31190233,1103,22032548,9157685,11752695,19437538,0,480928,1472844,4298301,11211652,13726508
20254,발달상권,강동구청역,한의원,44370661,3355,35353789,9016872,26521068,17849593,0,397120,15242986,5025319,13740241,9964995
20254,골목상권,신정네거리역 4번,미용실,35156250,1876,31145834,4010416,3749999,30364584,0,0,0,2343750,2083333,29687501
20254,골목상권,서초동성당,커피-음료,4925332,860,4702023,223309,2220573,2224748,0,424496,424914,1809433,897413,889065
20254,전통시장,삼성동 시장(삼성동시장),수산물판매,1212000000,65701,876810647,335189353,444923681,767076319,1949422,17283410,70920837,158466105,262228453,701151773
20254,골목상권,홍익대,일반의류,41237828,473,41237828,0,25162351,16075477,0,6159446,12826538,879921,17649181,3722742
20254,전통시장,낙원시장(낙원지하시장(대일상가)),청과상,713107067,15741,674046619,39060448,514291249,191763023,0,555711,17354728,429750227,61622755,196770850
20254,골목상권,문래소공원,한식음식점,568464666,12961,403998787,164465879,248702700,139637345,585800,29396099,89881110,83624312,93682382,91170342
20254,골목상권,간데메공원,조명용품,398705184,16445,302784871,95920313,181215186,67565650,0,17630732,9537073,47591661,38976031,135045340
20254,발달상권,용산전자상가(용산역),완구,774190211,12830,347893134,426297077,647367738,93479263,5100759,123897855,206129293,261600896,104139725,39978473
20254,골목상권,간데메공원,편의점,171092531,25881,116262135,54830396,124078178,47014353,1169329,14428261,58476240,34857661,34765870,27395170
20254,골목상권,간데메공원,화초,5428470,160,3472625,1955845,2075592,3352878,0,698516,977923,2394913,1357118,0
20254,골목상권,발산역 5번,스포츠 강습,53144915,228,53144915,0,31248988,21895927,0,2643525,11829088,23562466,8023947,7085889
20254,골목상권,곰달래도서관,운동/경기용품,182720154,6780,150967301,31752853,124073426,25244083,0,7842164,10712350,18938712,42239205,69585078
20254,전통시장,우이골목시장(우이시장),일반의류,37642769,1101,28954355,8688414,5717096,30643104,0,48633,807306,1827474,3229191,30447597
20254,발달상권,서초역,일반의원,531956920,11829,476797731,55159189,197230465,304660189,722998,19152424,153232599,125475054,125237836,78069743
20254,발달상권,여의도역(여의도),외국어학원,391491102,756,363340478,28150624,102317313,289173789,0,1120519,61016874,253016816,13390029,62946864
20254,발달상권,약수역,육류판매,157282294,4381,115840000,41442294,74189038,77855792,0,4770720,16592403,27311196,38078442,65292070
20254,골목상권,경희대삼거리,화초,44187381,1647,33226060,10961321,15074401,23476262,0,12363241,5502233,5819190,10734727,4131273
20254,발달상권,강서구청,노래방,519594643,15935,361504664,158089979,395394245,67653093,4112975,50647176,131542141,126612593,68566631,81565820
20254,발달상권,여의도역(여의도),한식음식점,58109856979,1008896,50809778186,7300078793,17341204594,10268808289,56873164,3026384447,8271768679,6803352539,5703246533,3748387527
20254,골목상권,경희대삼거리,커피-음료,155970282,16504,111580582,44389700,50785256,102313182,5129858,87500028,27517114,14210978,13781559,4958901
20254,발달상권,연남동(홍대),세탁소,76948564,4417,59366635,17581929,39501624,37446940,202617,12423568,18555118,17056653,14538789,14171819
20254,전통시장,고척근린시장,노래방,59745652,352,35960485,23785167,55597813,4147839,0,2829670,1319910,3848731,48596459,3150882
20254,골목상권,금천철쭉어린이공원(금하마을),예술학원,37183841,357,37183841,0,27126713,10057128,0,0,2040576,35143265,0,0
20254,골목상권,금산초등학교(금천고등학교),반찬가게,149678606,40120,117814036,31864570,75038152,74640454,11488971,18866732,27848809,11201899,60726021,19546174
20254,발달상권,종로3가역,핸드폰,63010511,758,63010511,0,63010511,0,0,0,0,0,0,63010511
20254,발달상권,약수역,서적,1590905084,70598,1458618473,132286611,960689100,594720407,9072896,180066858,219293347,86682768,560302576,499991063
20254,골목상권,동일여자고등학교,슈퍼마켓,1044409434,135880,754505765,289903669,699299615,345109819,3885719,95588963,336038389,159243456,330740696,118912211
20254,발달상권,구로디지털단지역,화초,30586989,749,23407738,7179251,15534825,14260916,337599,7780600,11335938,5063984,3948325,1329295
20254,골목상권,경희대삼거리,패스트푸드점,29402852,1641,19844262,9558590,15889365,8824161,489619,10152251,5165482,1805470,5450686,1650016
20254,골목상권,경희대삼거리,양식음식점,44384808,2674,30620253,13764555,22647112,20808533,835892,17548022,15801582,3104939,5168660,996549
20254,전통시장,목동깨비시장(목3동시장),스포츠클럽,44361047,251,43257471,1103576,21833102,22527945,0,9223718,6239976,5013779,13569903,10313671
20254,골목상권,공군호텔,PC방,388558670,64960,249476279,139082391,296907740,91650930,15606646,177156604,90005004,42995282,28305661,34489473
20254,골목상권,우면주공아파트,미용실,118143262,3554,78137782,40005480,57032133,61111129,1531943,138202,6777407,19416923,32871893,57406894
20254,골목상권,텃골근린공원,호프-간이주점,19426782,539,18048605,1378177,10915161,5920648,0,1300999,485118,3120192,5556810,6372690
20254,발달상권,삼성역,문구,6124317698,104099,6013512647,110805051,337908924,608884387,10185957,192252815,247485134,178337715,176199255,142332436
20254,골목상권,텃골근린공원,커피-음료,45977372,2764,26764654,19212718,14290515,28114973,279301,14657987,15957872,5963076,4714559,832691
20254,발달상권,개나리아파트,노래방,17496497,146,13245858,4250639,12201759,2516587,0,0,1388776,863689,10995351,1470530
20254,발달상권,서울대입구역,호프-간이주점,3120206162,52941,2020630220,1099575942,1983486765,1018243581,45432826,1008081446,915942584,342003230,453971536,236298723
20254,전통시장,연서시장,인테리어,93000000,2675,68468443,24531557,22045401,70954599,0,859716,1427536,6098356,7725512,76888880
20254,골목상권,송파나루역 1번(송리단길),의약품,1513088179,12750,1482579793,30508386,1016205303,494444285,455229,23877467,48195565,245831990,764869186,427420152
20254,골목상권,관악구 중앙길,안경,104661669,933,81465133,23196536,42318905,60832491,0,11022780,16972067,19318523,16573694,39264332
20254,골목상권,남천초등학교,호프-간이주점,79516464,1164,61262854,18253610,65491236,10756985,0,1039844,1819092,2060960,61293670,10034655
20254,발달상권,보라매공원,분식전문점,911252054,88126,709284397,201967657,405398057,384776081,4438756,104589767,197604555,175395549,180942447,127203069
20254,골목상권,명지대학교,화초,32310374,1470,23121765,9188609,14166279,17534626,959101,8737356,6271873,8607507,5575723,1549346
20254,골목상권,시조사삼거리,스포츠 강습,36017699,212,31238938,4778761,35309734,707965,0,0,707965,35309734,0,0
20254,발달상권,압구정로데오역(압구정로데오),신발,80278084,143,77255393,3022691,54585213,0,0,0,12021858,27147632,8312400,7103323
20254,골목상권,답십리 장령당공원,인테리어,28908166,291,27998816,909350,13976483,5945164,0,0,557836,1604736,4798924,12960151
20254,골목상권,망리단길,한의원,122317195,4615,106748740,15568455,31836623,90480572,0,12465547,43148653,34705190,13619767,18378038
20254,발달상권,종각역,호프-간이주점,10563619077,201709,7781549613,2782069464,5349086283,2977585069,48873074,1916262531,2862820101,1796241278,1168515904,533958460
20254,발달상권,상봉역,한의원,494581875,7342,295136368,199445507,221759808,272536856,0,10539574,131932854,244888109,67472574,39463552
20254,골목상권,역삼월드메르디앙아파트,세탁소,6745137,255,6131301,613836,2264842,4480295,59972,807865,1460506,2829288,1054809,532697
20254,골목상권,노량진초등학교,커피-음료,91826619,8820,55689730,36136889,31946166,59880453,114757,19646851,48105597,13728958,6255216,3975240
20254,골목상권,서울시립대,슈퍼마켓,153167323,15310,104836258,48331065,92531659,60635664,1231198,22590313,23220188,29102331,48747472,28275821
20254,골목상권,문정초등학교,일식음식점,27510909,1020,23786256,3724653,16170575,4706802,0,1325633,2479524,3123556,6177342,7771322
20254,전통시장,"동원전통종합시장(동원시장, 동원전통시장 상점가)",치과의원,613462102,5271,518530857,94931245,277983442,335478660,0,19992854,82798270,126313077,109397069,274960832
20254,발달상권,신정네거리역,일반의원,9515822441,264478,6943376728,2572445713,4301003192,5214819249,31851683,526928232,2166953610,2784919440,1936328430,2068841046
20254,골목상권,전곡마을마당공원,스포츠 강습,9610955,417,5251051,4359904,6801907,1679685,6640,567930,379449,4373753,1272913,1880907
20254,골목상권,광흥창역 6번,예술학원,73016148,264,67742899,5273249,25701354,47314794,0,0,8682518,50233421,0,14100209
20254,발달상권,대치역,양식음식점,47820460,2648,47820460,0,19020667,19205940,226606,3714177,10202453,12672135,6914723,4496512
20254,골목상권,마포FM,조명용품,6194121260,80503,5950481028,243640232,3398167636,2007797675,0,15374106,374985937,785190079,1474170941,2756244247
20254,전통시장,성동용답상가시장,치과의원,949187140,4930,870941356,78245784,480062080,462334167,309054,29900458,70591371,103684150,208929529,528981685
20254,골목상권,전곡마을마당공원,치킨전문점,62430256,2123,37684784,24745472,29964176,27719451,0,14676578,5126360,11819107,20572754,5488829
20254,발달상권,구산역,치킨전문점,53965258,2009,43014056,10951202,23092676,28402207,590998,2884074,8615577,12997240,9639186,16767809
20254,골목상권,전곡마을마당공원,패스트푸드점,64490697,3486,43900644,20590053,35045697,27422747,2460532,17220773,13303311,9465167,13856524,6162136
20254,전통시장,신림중앙시장(조원동 펭귄시장),수산물판매,139773155,4718,121664120,18109035,25395486,114377669,0,867555,3857105,1929926,29366852,103751717
20254,골목상권,전곡마을마당공원,분식전문점,12837737,845,10697118,2140619,3408177,9429560,476605,5057246,3239679,1604232,2064336,395639
20254,발달상권,방배역,미용실,2113345656,27967,1322618241,790727415,914954307,1166236340,15162251,193546920,436870726,496924258,488288078,450398415
20254,골목상권,전곡마을마당공원,슈퍼마켓,676800078,74409,468402213,208397865,417273751,259526327,1686503,82863193,149380794,171997245,147619362,123252981
20254,골목상권,문정역 2번,의약품,234541994,16149,175146439,59395555,131286255,103255739,195913,8554046,28407856,45480923,66859407,85043849
20254,골목상권,전곡마을마당공원,자동차수리,873670257,5501,700108461,173561796,609735706,172139376,0,34939161,144098509,133631114,253166330,216039966
20254,골목상권,전곡마을마당공원,여관,6802243,252,4923664,1878579,5264918,1537325,0,1109916,0,2647242,1507760,1537325
20254,골목상권,가산동우체국,커피-음료,7351852,1562,6672120,679732,4694957,2479424,0,231408,2233816,2467046,1790487,451624
20254,발달상권,이화사거리,문구,98357647,2354,97872474,485173,7798023,7952346,0,3534614,5917613,2599186,3240227,458729
20254,발달상권,뚝섬역,반찬가게,102654336,223,102654336,0,0,102654336,0,0,102654336,0,0,0
20254,발달상권,"강남구청(청담역_8번, 강남세무서)",스포츠클럽,171000000,209,132103113,38896887,110268834,57833124,72451,16213003,3682695,24483854,110221193,13428762
20254,골목상권,답십리초등학교,여관,8826785,244,7685390,1141395,8826785,0,0,0,684837,0,608744,7533204
20254,발달상권,구역삼세무서,치킨전문점,575347426,13318,437873983,137473443,284599451,116247718,6456371,61779079,122680220,78078144,92341861,39511489
20254,골목상권,송파나루역 3번,한식음식점,71106524,3207,70958490,148034,38574404,27009091,0,5867847,11025250,13102896,15451336,20136168
20254,골목상권,문성초등학교,노래방,97202874,615,38176592,59026282,83922541,12539008,0,274954,6978705,13678058,48842581,26687251
20254,골목상권,답십리초등학교,커피-음료,379662047,60774,239013331,140648716,178673048,198905307,6985403,62673611,93993043,85318014,77111381,51496904
20254,전통시장,강남개포시장,분식전문점,2248906560,254357,1459377240,789529320,1074794312,1018151095,23638074,105055900,270742702,573582456,629695099,490231174
20254,골목상권,답십리초등학교,피부관리실,5867516,29,5867516,0,0,5867516,0,0,0,0,5867516,0
20254,골목상권,등촌1동주민센터,육류판매,266595838,3153,174151641,92444197,124282497,67449408,0,12039643,50728025,38087579,43141261,47735398
20254,골목상권,한영중고,분식전문점,92673209,5664,77239697,15433512,33060369,34652643,1948260,9795104,6829417,29482447,13298127,6359660
20254,골목상권,답십리초등학교,반찬가게,6538673,87,6538673,0,0,6538673,0,0,0,0,0,6538673
20254,발달상권,영동대교남단교차로,화초,341329011,76,0,341329011,341329011,0,0,0,265478120,0,0,75850891
20254,발달상권,"신촌역(신촌역, 신촌로터리)",패스트푸드점,1300556405,115885,885256140,415300265,659871625,547600431,36745072,437327564,275880460,178148593,201113001,78257367
20254,골목상권,구로초등학교,한식음식점,1743098018,23267,1457187212,285910806,491980415,254138204,0,13424095,41792538,115750471,231425004,343726512
20254,골목상권,청량초등학교,일반교습학원,55566989,105,29565831,26001158,0,55566989,0,0,0,35856434,19710555,0
20254,골목상권,청량초등학교,커피-음료,32198450,3923,13240480,18957970,14704572,17098309,312159,7196201,8947080,5657717,6720591,2969133
20254,골목상권,영락고등학교,미용실,81342278,2607,55620269,25722009,29831331,51510947,0,3658787,12770799,10214922,32569247,22128523
20254,발달상권,63빌딩,화장품,6893337,23,0,6893337,0,6893337,0,0,0,0,6893337,0
20254,발달상권,충무로역,여관,6056386,38,6056386,0,6056386,0,0,0,0,0,3785241,2271145
20254,골목상권,경희대후문,양식음식점,67928500,3409,67928500,0,17249609,35942881,810297,23235895,7900113,8440438,9673233,3132514
20254,발달상권,신도림역,양식음식점,475962316,20701,300314825,175647491,213500743,239071121,2609291,59523540,134815187,112874619,83525080,59224146
20254,발달상권,선정릉역,치킨전문점,278691508,7439,225386443,53305065,135605393,72488037,2400384,31526824,48288080,51832839,47246484,26798822
20254,전통시장,영등포시장기계공구상가,화장품,21707125,893,17522849,4184276,4200245,17506880,0,0,239558,814496,0,20653071
20254,발달상권,장한평역(장한평),가방,127535381,2292,70259013,57276368,117989320,9546061,0,0,0,53457944,44866489,29210948
20254,발달상권,포스코사거리,일반의원,5672699181,65189,5216716345,455982836,2356875824,3119446000,4366005,446381793,1360530948,1293831528,943842397,1427369154
20254,전통시장,비단길현대시장(현대시장),일반의류,683301789,14067,523929154,159372635,111952931,571348858,719207,30206346,47672075,43536971,143742163,417425027
20254,발달상권,합정역,편의점,3479681749,474680,2514754200,964927549,1640019828,1716321514,38458106,849387116,1072591170,606900756,512004813,276999384
20254,발달상권,남영동 먹자골목,의약품,381305352,34237,342705005,38600347,174271696,187793447,526527,33875512,54463766,61308607,80725898,131164833
20254,발달상권,선릉역,스포츠클럽,462192252,1120,408410997,53781255,265400723,175240189,0,34072876,178486504,94915436,67438983,65727110
20254,골목상권,서울서부지방법원,일반의류,13050517,162,8368976,4681541,3698995,7964399,0,0,0,2889840,1387123,7386431
20254,골목상권,전농중학교,커피-음료,17096226,2049,12934206,4162020,8521461,8574765,38071,885152,3633878,2269809,4199176,6070140
20254,골목상권,GS강동자이아파트,가전제품수리,1897140,8,0,1897140,1897140,0,0,0,0,1897140,0,0
20254,골목상권,대림갑을명가아파트,한식음식점,57939213,1267,42206393,15732820,40109232,8191264,0,1315866,4868703,6702691,13775469,21637766
20254,발달상권,신논현역,중식음식점,861447646,22669,659358324,202089322,463442708,151086751,1513536,72720290,183660145,173902452,127572111,55160926
20254,발달상권,고덕역,예술학원,557161862,1576,507549671,49612191,309099921,248061941,0,0,51003695,455960021,50198146,0
20254,골목상권,강동구립성내도서관,제과점,235662438,18390,175545032,60117406,92413355,134570319,294455,16422790,53672978,62470421,53997140,40125889
20254,전통시장,돌곶이시장(석관황금시장),청과상,76310331,3753,50236937,26073394,31709663,39306691,69123,2107555,6305330,9830980,19590611,33112756
20254,골목상권,강서구다솔마을,자동차수리,317070795,1067,233401578,83669217,153737051,79101568,0,342164,65730717,27110628,67275573,72379537
20254,전통시장,조원동 펭귄시장(신림중앙시장),스포츠 강습,171707544,991,162707544,9000000,58242159,105805811,0,0,21000000,116047970,18000000,9000000
20254,발달상권,학동사거리,당구장,84208591,205,81140555,3068036,33201549,31411783,0,10933220,15223944,16258760,3532105,18665304
20254,전통시장,전농로터리시장,육류판매,1267258491,35346,858500444,408758047,413633050,762015667,0,42619085,96403469,210258258,301575855,524792049
20254,골목상권,선유도역 1번,일반의류,296271324,2406,244385672,51885652,28127832,268143492,0,82721,13591622,36103852,124668349,121824780
20254,발달상권,가산디지털단지,청과상,611872980,42185,333376577,278496403,277848288,317642551,0,25400593,180559329,227598691,95852074,66080152
20254,발달상권,대치사거리,문구,12832580,231,12832580,0,3135677,1482420,0,0,0,837650,2204343,1576105
20254,골목상권,영락고등학교,슈퍼마켓,800177722,80284,555932714,244245008,539918722,256045266,5715379,100936486,215440112,161496415,149643411,162732185
20254,발달상권,보라매공원,시계및귀금속,1368439119,1140,1061650658,306788461,346210133,1022228986,0,0,4976331,690790325,365884002,306788461
20254,발달상권,상봉역,미용실,369816518,7074,248495414,121321104,142858797,226058082,6691375,71266549,105563165,91380922,58535488,35479380
20254,발달상권,둔촌역,한식음식점,7047786237,174840,4667207251,2380578986,3963119434,2118049081,26411771,449743303,1173055805,1388058771,1540026222,1503872633
20254,골목상권,우장산역 1번,예술학원,66854721,446,52121786,14732935,35271148,31583573,0,2774194,8093083,37030456,18956988,0
20254,골목상권,답십리사거리,호프-간이주점,15368053,344,9579061,5788992,12745811,2142214,0,623319,200609,3080775,8074498,2908824
20254,발달상권,개나리아파트,화장품,58140933,1105,53120127,5020806,0,58140933,0,0,1004161,30124836,0,27011936
20254,골목상권,답십리사거리,의약품,176375160,12262,145067899,31307261,84042130,92333030,207458,2519399,15923097,17023788,40908762,99792656
20254,골목상권,보라매역 6번,커피-음료,6557433,1318,5812349,745084,2219529,4337904,0,542140,2414648,1370836,2229809,0
20254,골목상권,답십리사거리,커피-음료,52957053,4132,35356871,17600182,22383351,30573702,0,6871806,11157488,16181372,14495133,4251254
20254,골목상권,마포구청역 1번,일식음식점,352826729,10791,261951159,90875570,171224707,136303929,2142796,45049430,75376607,56714051,83434492,44811258
20254,골목상권,답십리사거리,슈퍼마켓,63735393,8105,45656938,18078455,34413983,29321410,74384,9181236,5630970,18605056,10434090,19809657
20254,전통시장,"이화여대 3,5,7길 상점가",문구,452523240,5663,436067327,16455913,5869578,46505578,2074969,23217221,7231919,9015982,5002512,5832553
20254,발달상권,문정역,컴퓨터및주변장치판매,1513061456,7871,1512966383,95073,601277333,185331494,100355,21874267,12765005,605662552,57522164,88684485
20254,골목상권,답십리사거리,화장품,103661659,1914,86251849,17409810,19342141,84319518,0,125558,1243020,10954822,38630455,52707804
20254,전통시장,청담삼익시장,예술학원,15279688,93,15279688,0,0,15279688,0,0,5500688,9779000,0,0
20254,발달상권,르네상스호텔사거리,양식음식점,69143520,3877,68175174,968346,27217013,20279114,17664,8688397,20541356,10594335,5383428,2270950
20254,골목상권,삼육보건대학교,일반교습학원,3894840,16,3894840,0,1051607,2843233,0,0,0,3894840,0,0
20254,전통시장,무학봉상점가,세탁소,19090031,1123,14980113,4109918,8380734,10709297,132021,1056570,4475157,4090229,5352290,3983764
20254,골목상권,신원동주민센터,커피-음료,75055912,19192,52965936,22089976,39404393,35651519,220835,11401699,23510533,16608966,13815225,9498654
20254,골목상권,방배초등학교,커피-음료,10610369,1201,6364003,4246366,5481760,3913245,26094,778906,1741261,1869470,2237270,2742000
20254,발달상권,대치역,일반의류,75979479,161,74814423,1165056,31823860,44155619,0,20481683,0,0,20429612,35068184
20254,전통시장,"솔샘시장(미아6,7동골목시장)",한식음식점,1065721853,31752,729438704,336283149,579972863,409481436,93870,34231249,102380489,204262755,289700487,358785445
20254,골목상권,개포고등학교,커피-음료,159973714,35039,107025662,52948052,80209805,79191147,4437590,16256285,32232018,59548405,27331745,19594911
20254,전통시장,증산종합시장,예술학원,42000000,253,40780105,1219895,26149485,15850515,0,0,9190342,25942910,6378790,487958
20254,발달상권,천호역,당구장,201185990,9607,138679999,62505991,178349873,20314442,1908301,16671858,34388729,34351051,54033244,57311131
20254,전통시장,서서울 골목형상점가,일반의원,373078719,18528,315403562,57675157,174705334,198373385,0,11755114,41426158,65609685,90126694,164161068
20254,골목상권,신길2동우편취급국,일반의류,3911232,246,1755435,2155797,3264493,646739,0,0,1108696,0,523551,2278985
20254,골목상권,삼육보건대학교,분식전문점,161112475,7197,118802221,42310254,95316393,63555222,2298655,26748294,24961225,26156139,49776855,28930446
20254,골목상권,난향초등학교,일반교습학원,77762097,306,77762097,0,61673387,16088710,0,0,10215054,67547043,0,0
20254,발달상권,금호역,패스트푸드점,162974342,12987,106398277,56576065,88363084,63391031,3273076,24031847,36189985,33632226,32829560,21797420
20254,골목상권,삼육보건대학교,화장품,8009855,219,5754727,2255128,1236927,6772928,0,11313,0,15084,2292839,5690619
20254,골목상권,삼육보건대학교,일반의원,39819886,3215,34157069,5662817,17939182,21880704,260551,4404413,5080736,3356668,17110409,9607109
20254,골목상권,송정역 3번,일반의원,2317524171,75798,1894034914,423489257,1074212208,1224381071,3989649,211460346,457660385,486815554,450472277,688195067
20254,골목상권,삼육보건대학교,패스트푸드점,23175829,2454,15849884,7325945,13534642,9134914,468080,6247019,6007602,3403827,5456111,1086917
20254,전통시장,유진상가,신발,41814118,1399,32884102,8930016,6481201,33933594,0,466441,137600,1585900,2728681,35496173
20254,골목상권,시흥초등학교(시흥1동우체국),인테리어,775554,40,680486,95068,775554,0,0,0,0,35025,0,740529
20254,발달상권,이화사거리,스포츠 강습,23686800,123,18971432,4715368,1617067,22069733,0,5161679,14986977,2897785,640359,0
20254,골목상권,양천향교역 5번,골프연습장,93579635,2173,56009078,37570557,68954875,10402875,0,9598386,10458357,26187502,23820271,9293235
20254,골목상권,외대앞역 1번,한식음식점,3838380017,153758,2714220964,1124159053,2001693336,1502950886,71557371,1121859489,607676771,527692937,815827135,360030518
20254,골목상권,외대앞역 1번,의약품,1161261981,130022,952061882,209200099,531315115,629946866,6926035,176563096,220001484,274114293,244126293,239530780
20254,발달상권,동대문역,신발,402722200,9471,285182292,117539908,188005966,160643140,0,2894424,0,27891717,99068224,218794739
20254,골목상권,독산2동주민센터,슈퍼마켓,463103929,34521,328469238,134634691,193822055,269281874,197041,9858099,48638506,69267876,150793559,184348848
20254,전통시장,쌍문역동측상점가,일식음식점,746122768,11750,495090894,251031874,465899537,280223231,2592684,94243655,135962556,122015156,173148355,218160362
20254,발달상권,송파나루역,자동차미용,17079717,120,9621051,7458666,9182307,3321926,0,1754980,3321926,4700839,1316236,1410252
20254,골목상권,동교초등학교,패스트푸드점,4437747,421,4437747,0,2361808,1595450,0,804141,887549,1653195,451260,161113
20254,골목상권,외대앞역 1번,노래방,79161876,28278,54229640,24932236,41966412,37195464,5478635,42664136,12792552,9517709,6805818,1903026
20254,골목상권,외대앞역 1번,미용실,385518465,8465,241556861,143961604,201688297,182918927,4349552,66005589,77243998,72968937,113923948,50115201
20254,전통시장,홍대 걷고싶은 거리,슈퍼마켓,2562495958,126616,1700687498,861808460,967491285,1335479256,88685260,776062528,623776051,437161942,193596678,183688082
20254,발달상권,길동역,분식전문점,1262423770,91064,917459312,344964458,759220386,407783727,3946313,99646257,252462757,311539690,297787255,201621836
20254,발달상권,서초3동사거리,자동차수리,278138399,1212,235717260,42421139,149864570,78660115,0,1235316,83362462,34420767,55504927,54001212
20254,전통시장,영등포역지하도상점가,신발,203331183,4895,189983403,13347780,89875052,113456131,0,0,31144820,74302642,0,97883721
20254,골목상권,외대앞역 1번,패스트푸드점,79438239,5149,55934388,23503851,46050008,33388231,3986370,24389424,14190948,8458272,22640829,5772396
20254,발달상권,개나리아파트,치킨전문점,107989531,2148,106390101,1599430,15418444,60148602,0,9552897,6000227,28712201,28621201,2680519
20254,발달상권,구의역,제과점,340457107,29736,261494264,78962843,120319223,171104201,1354749,38620980,71726493,58832646,70503074,50385479
20254,골목상권,마포FM,커피-음료,8720617,477,6007138,2713479,2615032,3288428,136145,582282,2090351,1754701,1146237,193745
20254,골목상권,외대앞역 1번,스포츠 강습,16206995,97,16206995,0,0,16206995,0,0,0,6482797,9724198,0
20254,발달상권,마곡역(마곡),편의점,1433196005,119682,1028593074,404602931,596770137,784152319,8012895,295522047,474872673,332261320,197373024,72880497
20254,골목상권,장훈고등학교,편의점,209046877,33339,145151302,63895575,125236007,83810870,759358,35619728,51982641,41976532,45586226,33122392
20254,발달상권,마들역,청과상,260614468,22789,234101401,26513067,98911443,161703025,0,1940360,13303930,35738005,40567690,169064483
20254,발달상권,개봉동 현대아파트,스포츠클럽,31780520,398,19757514,12023006,17091147,14059853,28486,2475790,12180386,10629222,3267527,2569588
20254,전통시장,창동골목시장,제과점,190657646,12964,134408375,56249271,73329753,93586148,2433175,15833514,30811791,32747282,45140932,39949202
20254,골목상권,외대앞역 1번,호프-간이주점,404586495,10811,255130256,149456239,270188021,124809417,3962269,197725817,92870523,44688636,31604639,24145552
20254,골목상권,영등포푸르지오아파트,일반교습학원,332274451,1163,280254789,52019662,134991053,197283398,0,0,23200373,229317629,79756449,0
20254,전통시장,쌍문시장(쌍문역골목시장),노래방,143313580,1933,101949377,41364203,114426193,23825268,0,5554612,12744092,29681163,65735607,24535987
20254,골목상권,의릉,호프-간이주점,103772825,2458,85623637,18149188,57156982,46615843,3924029,25591616,21065702,22660586,23149326,7381566
20254,발달상권,도산공원교차로,한식음식점,14917805800,160483,11533586467,3384219333,5594095934,3065558042,11965338,732994743,1890494155,1975201976,1820616826,2228380936
20254,골목상권,공군호텔,제과점,320909964,33035,235905297,85004667,153685979,153214285,1045350,32295382,66952834,66310187,77307273,62989239
20254,골목상권,목동보건지소,슈퍼마켓,909000000,55637,596650282,312349718,419320390,489679610,2287237,35130396,123416177,150734331,291580749,305851110
20254,골목상권,가산동우체국,치킨전문점,231002563,5334,173094459,57908104,137372650,67573624,0,46483878,76314881,44683783,29547555,7916176
20254,골목상권,외대앞역 2번,슈퍼마켓,566240591,76826,403758229,162482362,374598575,191642016,4200756,55419314,198244998,144493623,109341106,54540794
20254,발달상권,신논현역,치과의원,4773077369,14519,3891434683,881642686,1603393666,3063310517,50666553,1193690165,1221990251,1054085773,681872102,464399339
20254,전통시장,아현가구거리상점가,화장품,4855554,24,4855554,0,0,4855554,0,0,0,0,0,4855554
20254,전통시장,"황학시장(서울중앙시장, 신중앙시장)",가구,36308735,236,36308735,0,0,36308735,0,0,0,0,36308735,0
20254,골목상권,포이초등학교(개포목련어린이공원),외국어학원,10624177,32,8776494,1847683,3880134,6744043,0,0,0,10624177,0,0
20254,발달상권,문정역,일식음식점,1113772436,34344,1004631188,109141248,425805676,282809608,1477056,117893476,268282467,154140419,111745543,55076324
20254,발달상권,연희동,패스트푸드점,285624091,23256,212144266,73479825,143872535,103522619,4201421,57559055,56362042,44553690,50283314,34435630
20254,발달상권,내방역,미용실,201991063,3879,133017249,68973814,94876218,106337648,428917,18070928,38518012,52067646,56526730,35601633
20254,발달상권,홍제역,커피-음료,180298967,47008,120021385,60277582,88905976,84731006,2748473,24381508,36742542,36575698,51452147,21736615
20254,골목상권,촬영소사거리,화장품,1466276,67,1291399,174877,0,1466276,0,174877,847481,443918,0,0
20254,골목상권,영신초등학교,시계및귀금속,2767818,23,2767818,0,0,2767818,0,0,0,0,2346128,421690
20254,골목상권,구로보건소,호프-간이주점,318362885,10127,232019475,86343410,207586414,97191564,763958,25730033,66929969,62551303,95241338,53561374
20254,골목상권,오류2동버들시장,한의원,280691275,12327,211362707,69328568,129780969,150910306,0,3657350,35803315,47239516,79438279,114552815
20254,골목상권,영락고등학교,반찬가게,43613828,11359,27534416,16079412,23238167,20375661,371261,12996370,14414980,7921412,5856629,2053176
20254,골목상권,촬영소사거리,일반교습학원,406692353,1208,406692353,0,149837498,250513695,0,0,28437740,254688484,90380782,26844188
20254,발달상권,도성초등학교,일식음식점,277376684,17542,198670698,78705986,130430772,137300660,22491637,39379505,31416452,80733340,84163833,9546663
20254,골목상권,촬영소사거리,예술학원,8923497,57,8923497,0,6983606,1939891,0,0,0,8923497,0,0
20254,전통시장,방이시장,네일숍,9096289,118,7867061,1229228,3186888,5909401,0,0,91054,1957660,855907,6191668
20254,발달상권,수서역,스포츠클럽,586233778,1742,564874434,21359344,376468710,171744140,4050878,52637025,116397215,60729370,94296465,220101898
20254,발달상권,구산역,피부관리실,4168681,22,3887389,281292,0,4168681,0,0,0,0,281292,3887389
20254,골목상권,장안1동주민센터,화장품,1057737176,72,1057737176,0,508316566,549420610,0,0,0,391550377,549420610,116766189
20254,전통시장,세종마을음식문화거리(금천교시장),편의점,1521786450,139911,1022627671,499158779,562393392,938200163,36054438,391119923,419598926,242017928,264042393,147759947
20254,전통시장,풍납시장,일반의원,614044530,27449,492370053,121674477,277716275,336328255,863331,7977288,49221776,75762223,155899275,324320637
20254,골목상권,연희어린이공원,커피-음료,69205280,5697,44030848,25174432,24702949,34412405,794590,11751680,19519038,10275067,8634610,8140368
20254,전통시장,인현시장,커피-음료,29646500,4001,19406059,10240441,10902578,17423410,307327,3564023,6668602,5428856,8039717,4317464
20254,발달상권,동대문역사문화공원역,편의점,6218690390,829337,4536608005,1682082385,3204297728,2890991712,105794259,1575115451,1720516476,1223195088,1028211757,442456408
20254,골목상권,양천향교역 5번,미용실,1942166,49,1942166,0,625065,1317101,0,0,334856,0,312532,1294778
20254,발달상권,굽은다리역,패스트푸드점,9601020,337,5415867,4185153,4926646,3723580,0,1094522,1213134,1768140,2347096,2227332
20254,골목상권,장안1동주민센터,호프-간이주점,438796261,9106,294126102,144670159,314499732,110109347,0,26577522,52260705,117729957,122276043,105764851
20254,발달상권,명동역(명동재미로),의약품,252898491,19632,226323704,26574787,115498918,137399573,3289747,42634499,56513940,46311130,59521016,44628159
20254,전통시장,목사랑시장(목4동시장),화초,11550249,403,9202854,2347395,2999448,6357527,0,88917,732078,2326647,1979873,4229460
20254,골목상권,장안1동주민센터,한식음식점,3000309780,82506,2105069142,895240638,1777685235,883876426,5768277,206810619,534977034,567386767,697319345,649299619
20254,발달상권,노량진역(노량진),일반의원,2471367171,94326,2106532119,364835052,1168587605,1302779566,6675281,477906600,705463966,354273662,509556103,417491559
20254,전통시장,모래내시장(서중시장),육류판매,1686000000,42952,1286691004,399308996,590368599,1095631401,475808,14326943,129400759,221633880,306736692,1013425918
20254,골목상권,목동문화체육센터,미용실,41359761,1321,25622962,15736799,21215988,17036203,0,2720978,6665147,8811860,14447920,5606288
20254,골목상권,장안1동주민센터,당구장,56367691,3516,33700196,22667495,50195202,6172489,479735,2768160,3703076,8821921,22543462,18051337
20254,발달상권,선정릉역,화초,39631130,1536,32600527,7030603,12400612,21805865,0,6455737,18409121,2604411,3165442,3571766
20254,발달상권,서울역,스포츠클럽,797074420,2692,747599330,49475090,399538774,265283275,766422,53886804,232557711,153997860,201123585,22489667
20254,전통시장,신촌 상인회(신촌상점가),한식음식점,243361640,18537,175328701,68032939,132657801,110703839,8493289,102352539,46335791,27204605,43838583,15136833
20254,골목상권,샤로수길,미용실,202797180,4093,129817985,72979195,97857854,98615215,1163915,21568121,44700426,34656158,58995487,35388963
20254,발달상권,보라매역,일반의원,1031332167,34906,933966285,97365882,454872199,574139561,4010204,165893725,232805042,185805881,232104423,208392486
20254,발달상권,가산디지털단지,패스트푸드점,1917111437,174392,1598950403,318161034,902674743,694473589,5473249,335046896,610958380,329649610,219722882,96297316
20254,골목상권,장안1동주민센터,치킨전문점,145438652,5767,91305052,54133600,92541205,45892357,2152051,16561417,20199917,28273518,48451648,22795011
20254,발달상권,경찰병원역,철물점,14475558,898,10812304,3663254,5191263,3314760,0,62543,1390639,1250868,725570,5076399
20254,발달상권,은행사거리,양식음식점,795173173,21048,491560600,303612573,313371714,412344366,12375025,38214433,77558331,329416525,207504017,60647748
20254,발달상권,영등포구청역,일반의류,9015823,104,7031647,1984176,208861,8806962,0,0,0,0,4594937,4420886
20254,골목상권,장안1동주민센터,제과점,273572480,24719,199992944,73579536,126527136,118680567,1531612,21220375,37818703,51753973,65275994,67607047
20254,골목상권,장안1동주민센터,일식음식점,285447510,2040,186169123,99278387,175096803,50555673,0,17417784,62665921,58219129,55263263,32086381
20254,골목상권,장안1동주민센터,슈퍼마켓,2933895572,196574,2085467875,848427697,1416924104,1342673202,3609807,157759710,314910794,633499682,787620330,862196985
20254,골목상권,장안1동주민센터,노래방,160966690,1527,87339246,73627444,127078181,22731311,0,1636992,4670186,40012224,67784261,35705830
20254,발달상권,신사역,스포츠 강습,248062321,342,217021664,31040657,51186378,175767580,0,6557914,87028882,54896771,47551580,30918812
20254,발달상권,연희동,한식음식점,7666527525,223189,5117726340,2548801185,3401033911,2933629791,22605634,759543695,1418085216,1179410425,1496641618,1458377112
20254,전통시장,창동신창시장,시계및귀금속,47468110,90,46793409,674701,43594931,3873179,0,0,0,736037,46425391,306682
20254,전통시장,신사상가,수산물판매,66242974,980,54824857,11418117,28553148,33918353,0,0,345410,4483911,11646648,45995532
20254,골목상권,답십리공원,커피-음료,79940747,19192,52013477,27927270,43013201,36927546,733192,10373148,18598762,19521139,20743117,9971389
20254,발달상권,발산역(마곡),컴퓨터및주변장치판매,203152845,5932,69694772,133458073,157678242,37565976,0,0,25703037,1977157,34105952,133458073
20254,골목상권,세곡초등학교,슈퍼마켓,1106085025,73870,803460161,302624864,473897463,473003827,891792,29269402,98415101,119705577,334059589,364559830
20254,발달상권,뚝섬역,운동/경기용품,1703424,31,1316282,387142,851712,665884,0,0,402627,15486,0,1099482
20254,발달상권,명동(명동거리),치과의원,2971282362,15422,2516456795,454825567,1496029674,1475252688,0,446693638,485270285,436253158,867828214,735237067
20254,발달상권,도산공원교차로,화초,150220896,958,119274134,30946762,90521624,7361958,0,568720,11038237,5786533,12750906,67739186
20254,골목상권,푸른들청소년도서관,육류판매,113948132,2852,86136489,27811643,40982753,51277535,0,1432882,3737785,29266075,25562107,32261439
20254,발달상권,여의도역(여의도),부동산중개업,150000000,359,150000000,0,0,56896552,0,0,0,0,56896552,0
20254,발달상권,문래동주민센터,자동차미용,27719555,320,27719555,0,6006859,3776513,0,1532237,2054180,4767960,915245,513750
20254,전통시장,고척근린시장,반찬가게,680268957,42173,469857859,210411098,285228143,345485936,529724,11692651,44318189,91076089,212572562,270524863
20254,골목상권,둔촌동역 1번(한산중학교),한의원,16809813,1255,12363066,4446747,11041615,5768198,0,0,982833,9498183,323442,6005355
20254,전통시장,방이시장,조명용품,27515293,1051,23599248,3916045,7498658,16569308,0,246545,10906944,1251429,4423172,7239875
20254,골목상권,신월3동주민센터,커피-음료,115112636,27072,73618808,41493828,68769664,46342972,1507926,9090207,25719333,28214929,28194919,22385322
20254,발달상권,등나무근린공원,안경,116960401,1074,60936246,56024155,53991928,59415852,762737,7418527,12485851,10713302,34895360,47132003
20254,발달상권,충무로역,분식전문점,1054508682,76980,903733324,150775358,444594065,373906165,14536372,169274807,193068392,179175343,161396035,101049284
20254,골목상권,석촌고분역 3번,한식음식점,531551788,18659,422660099,108891689,257404968,152700860,677723,25379122,97585254,106978244,97042175,82443313
20254,발달상권,공릉역,미용실,114367005,2677,66335055,48031950,77804943,35939890,925923,32811458,26221969,21199458,18491815,14094209
20254,발달상권,선릉역,호프-간이주점,5288261411,62949,4262097192,1026164219,2775086062,1136310327,17207609,544402603,1353123763,1158329898,578985702,259346810
20254,발달상권,신사역,서적,460881026,8241,433708226,27172800,283375300,138923935,0,113194514,16061037,245539354,42171434,5332896
20254,골목상권,고척초등학교,당구장,31085459,707,24926862,6158597,22948088,8137371,0,2130841,11480508,5572759,6303486,5597865
20254,발달상권,경찰병원역,피부관리실,33920000,52,33920000,0,6400000,27520000,0,8960000,0,0,14720000,10240000
20254,발달상권,포스코사거리,예술학원,30933514,71,20821767,10111747,11088322,17427113,0,0,9320991,7695377,8091772,3407293
20254,골목상권,장안근린공원,육류판매,265157786,5610,157139840,108017946,59112081,206045705,0,0,16986644,58802532,76308828,113059782
20254,골목상권,장안근린공원,미용실,80127560,2730,51969066,28158494,27036653,53090907,2103636,3290479,3962356,14652317,25245347,30873425
20254,발달상권,구의사거리,일반의류,3917886,33,863748,3054138,2863254,1054632,0,0,0,190884,2863254,863748
20254,골목상권,성산중학교,호프-간이주점,482629407,14595,277988125,204641282,223309589,225011527,7588595,170356152,190040636,44731132,28933881,6670717
20254,골목상권,남강고등학교(남강중학교),노래방,188304166,26610,121876667,66427499,132625694,54947878,11477617,44531747,41179820,33611562,47811765,8961062
20254,골목상권,장평중학교,반찬가게,19925943308,44335,19925943308,0,7259895010,12666048298,0,5138819,3913653,2212433770,7310428834,10394028232
20254,발달상권,가락시장역,호프-간이주점,2032542231,30257,1451989658,580552573,1336283294,359997634,3456361,172921929,585443545,396073139,377938358,160447594
20254,발달상권,학동역,인테리어,284338921,150,284338921,0,87385130,0,0,0,0,87385130,0,0
20254,전통시장,"황학시장(서울중앙시장, 신중앙시장)",인테리어,4164825,196,3566826,597999,1921006,1905130,0,68796,174637,539787,375734,2667181
20254,발달상권,보라매공원,운동/경기용품,12838951,511,2010584,10828367,9355468,3204880,0,0,0,2944601,5149303,4466443
20254,발달상권,신도림역,가구,1736278906,1749,770296657,965982249,840584900,895694006,0,68948079,401111570,349098270,422057467,495063520
20254,전통시장,성대전통시장(성대시장),중식음식점,224476204,14641,156174722,68301482,122418277,91387736,1580736,15634993,37156982,39020670,51604791,68807840
20254,골목상권,대동초등학교,슈퍼마켓,6527068,138,5759177,767891,6527068,0,0,0,0,0,383945,6143123
20254,발달상권,선릉역,제과점,3228803772,312703,2931157735,297646037,1100316937,1400813250,11944210,204159630,654444184,627775114,629261495,373545553
20254,골목상권,오류동역 3번,미용실,106622159,3517,79203214,27418945,47157962,59464197,699246,7831646,25563959,21456319,19052912,32018077
20254,발달상권,성수역,스포츠 강습,28158595,495,27157045,1001550,12855150,10189415,0,6956111,6040738,2666509,5545566,1835640
20254,골목상권,성산중학교,예술학원,59043972,58,47616106,11427866,0,59043972,0,0,13332510,9523221,36188241,0
20254,발달상권,상수역(홍대),일식음식점,964521265,35248,608739368,355781897,536319191,409500691,34028254,431947299,275233395,96422862,83848482,24339592
20254,발달상권,한티역,커피-음료,1321932650,159668,841330384,480602266,550737813,714827212,77672613,135512651,114360358,436211312,375725328,126082760
20254,발달상권,경희대학교(경희대),화장품,24821782,519,22462195,2359587,3258578,21563204,0,250666,0,4426081,9342706,10802329
20254,발달상권,서초3동사거리,치과의원,663924345,6531,589527853,74396492,398519352,265404993,0,17787300,113543348,95986037,207270549,229337111
20254,발달상권,방배역,육류판매,655216058,14397,452039583,203176475,299964879,355251179,0,9435619,38337561,103917910,149838545,353686423
20254,골목상권,장평중학교,분식전문점,110790328,10809,87042883,23747445,66903642,32740687,505627,5287939,18294358,27354196,24519829,23682377
20254,발달상권,명일역,안경,237473398,2609,144654445,92818953,120242085,115590654,1407985,20347763,37900760,71462676,64218660,40494895
20254,골목상권,목동역 5번,양식음식점,120051292,2486,67605925,52445367,56955929,57822164,2117807,11364135,24248940,42220367,27786361,7040483
20254,골목상권,목동보건지소,가전제품수리,16560439,132,14745928,1814511,10088682,544353,0,0,145161,0,907255,9580619
20254,전통시장,고척근린시장,청과상,778866397,41391,523000005,255866392,232078090,498829832,200339,10475130,44678227,85898255,191100415,398555554
20254,골목상권,장안현대홈타운1차아파트,여관,217934459,4708,140783528,77150931,167172190,24894860,1209394,17795080,47175991,84817593,21966777,19102214
20254,골목상권,장안현대홈타운1차아파트,한식음식점,1192113122,17813,775588911,416524211,673295404,419997083,1456843,82115160,265635194,324785766,261416858,157882670
20254,전통시장,영일시장,청과상,27561843464,652630,21885530216,5676313248,13852854719,12127958293,0,171206107,3103563336,6990693961,4064699297,11650650309
20254,골목상권,장안현대홈타운1차아파트,편의점,1546723314,199944,1097575126,449148188,946682408,600040906,24465137,335159841,442959700,404584149,207370684,132183803
20254,발달상권,도곡1동,여관,32950930,213,24227546,8723384,9969581,20782177,0,219917,2932229,15614122,8796689,3188800
20254,골목상권,천호역 6번,세탁소,11486083,571,10564498,921585,3611688,7874395,0,569206,5985065,2726843,845507,1359462
20254,발달상권,건대입구역(건대),패스트푸드점,1277031468,100554,929080095,347951373,600013403,517365956,37704624,442175682,243404636,160312871,165225379,68556163
20254,전통시장,백학시장,미용실,92484092,2219,57331690,35152402,40702756,51781336,240949,2962067,9738905,15513652,22624716,41403803
20254,골목상권,동대부고,편의점,95842361,12993,71207045,24635316,66059300,27887268,808337,8882800,18299303,28093121,25828865,12034141
20254,골목상권,동대부고,의약품,2787000000,22018,2745504588,41495412,2623331462,163668538,643221,7443655,25484807,1921220577,741250159,90957581
20254,전통시장,중부시장(신중부시장),가구,1618865660,1898,1108743841,510121819,332172347,1286693313,0,498258521,0,0,60028288,1060578851
20254,골목상권,동대부고,스포츠 강습,24518182,119,24518182,0,20290909,4227273,0,0,15218181,9300001,0,0
20254,골목상권,동대부고,커피-음료,103462022,14752,76351938,27110084,38817106,61476315,300362,11133509,17485483,33383045,23975890,14015133
20254,골목상권,구로4동주민센터,노래방,133688194,3015,85131308,48556886,108600753,17348715,456349,4800035,7806674,33133986,54526077,25226347
20254,발달상권,수유역,노래방,1173264246,73991,689047493,484216753,880222471,264827250,25124508,182600658,178223188,150497379,348023960,260580027
20254,발달상권,신도림역,한식음식점,3831766079,136794,2924698166,907067913,1904122617,1402400229,6117532,430352305,841855059,657310000,604833239,766054708
20254,골목상권,동대부고,한식음식점,588871761,17354,518520210,70351551,360721063,82923020,103064,12446433,30901651,58789680,115844952,225558304
20254,발달상권,중림동,신발,426510584,4725,343113225,83397359,256912093,169598491,0,6626584,37675971,83753485,62576013,235878531
20254,골목상권,남구로역 5번,미용실,95457254,3730,63713829,31743425,15402258,80054996,0,2015560,3257388,9226515,25808367,55149424
20254,발달상권,발산역(마곡),중식음식점,161203628,8411,87745910,73457718,79371486,81832142,2608669,13131678,30600451,61918536,30457807,22486487
20254,골목상권,보인중학교,일반교습학원,126534364,333,109864215,16670149,42548569,64934198,0,0,0,30403175,77079591,0
20254,발달상권,역삼역,의약품,5379105672,352647,5014025499,365080173,2707094967,2427348865,9562414,698417804,1391481586,979018181,982844317,1073119528
20254,골목상권,석촌고분역 1번,호프-간이주점,322782324,5669,230591078,92191246,204276757,87070611,43956,36250252,100189768,52816780,55270425,46776192
20254,전통시장,대명여울빛거리시장(대명시장),일반의류,1717304250,14347,1301856509,415447741,246954245,1470350005,0,2906494,30841078,50208763,322132503,1311215412
20254,골목상권,화곡초등학교,노래방,69287627,1068,43576627,25711000,58975586,9977390,0,5508861,22953174,16644482,17656776,6189682
20254,발달상권,오목교역,문구,18005272,3261,15403382,2601890,6981051,10492499,788025,951371,2408210,10142468,1409190,1774285
20254,골목상권,신방화역 2번,제과점,105839874,12730,69686170,36153704,52139350,47645353,384764,4193187,12988665,21045924,26463879,34708285
20254,골목상권,강동구립 천호도서관,슈퍼마켓,466115817,40028,316359709,149756108,241383269,224732548,694087,36001376,57389614,51573287,146778334,173679119
20254,골목상권,중랑역 1번,섬유제품,7984606,196,5848431,2136175,1471876,6512730,0,2377147,247483,104204,1198342,4057430
20254,골목상권,중랑역 1번,육류판매,139301700,4982,88435490,50866210,61069750,78231950,147558,2686570,16164590,21422998,29826642,69053342
20254,전통시장,목2동시장,한식음식점,3824368384,74662,2599885448,1224482936,2234582934,1173157129,14371333,369685495,864688830,694434438,792002977,672556985
20254,골목상권,중랑역 1번,슈퍼마켓,1826120371,196635,1259831087,566289284,996967985,829152386,7763997,141549529,336876543,343197181,404487023,592246098
20254,발달상권,마포역,스포츠 강습,130621683,251,107154817,23466866,16824055,100401780,0,8139656,22429321,76136399,1828772,8691688
20254,발달상권,본서부병원,반찬가게,1752000000,883,1752000000,0,12156820,4295097,0,0,0,1311260,0,15140657
20254,발달상권,녹두거리(대학동),한식음식점,2797521990,128048,1962401832,835120158,1710111728,790991267,25394632,528024455,576896855,391753533,667890308,311143210
20254,골목상권,신대방역 4번,의약품,1018933526,57595,868483358,150450168,462950569,555982957,729655,31143230,56474788,133164344,236023137,561398372
20254,골목상권,잠원역,예술학원,40028550,248,29390826,10637724,26393254,13635296,0,0,5117806,24602021,10308723,0
20254,골목상권,중랑역 1번,일반의류,17313585,1091,12575912,4737673,2604479,14709106,0,0,124023,1165814,5556222,10467526
20254,발달상권,포스코사거리,치킨전문점,750284914,11434,616079347,134205567,339526889,151316324,2290974,64882722,129793054,134459697,108465815,50950954
20254,골목상권,중랑역 4번,일식음식점,131840179,2378,82263897,49576282,73476813,55017066,552802,21733341,31457346,34142640,23894075,16713674
20254,골목상권,신정롯데캐슬아파트,스포츠 강습,92004624,240,92004624,0,44609458,47395166,0,13484393,0,8475282,70044949,0
20254,전통시장,남대문시장(자유상가),여관,21498872,225,16988286,4510586,10728752,5477140,0,2029764,2255293,966554,4510586,6443695
20254,전통시장,영림시장,일반교습학원,290622782,886,246016816,44605966,139427096,151195686,0,0,10505943,210155125,67323272,2638442
20254,골목상권,양재역 8번(양재동우체국),화장품,123000000,71,122886922,113078,21925589,98756217,0,0,265075,52368620,5695340,62352771
20254,골목상권,신묵초등학교,호프-간이주점,144545279,2067,96353906,48191373,101796382,35950347,0,10745111,26051534,37681865,28258315,35009904
20254,발달상권,연남동(홍대),전자상거래업,1413080774,79562,812296750,600784024,511071210,902009564,55203570,625099760,576467508,87439463,52226212,16644261
20254,발달상권,본서부병원,일반의류,132287756,1725,101898762,30388994,19973577,112314179,2768610,2847713,9591254,29869295,71338917,15871967
20254,골목상권,신묵초등학교,분식전문점,12585970,874,9999983,2585987,7175715,5067549,0,640499,2117255,2426283,1758756,5300471
20254,골목상권,오류동역 1번,슈퍼마켓,399283939,49561,259567785,139716154,275476970,123806969,297940,48500535,96324813,101708105,86192062,66260484
20254,발달상권,신림역(신림),분식전문점,1937384842,234366,1351861479,585523363,1062498127,868231445,32175313,436234936,593997044,362403414,293857418,212061448
20254,발달상권,경기고교사거리(경기고교앞사거리),일반의원,300860061,1973,247709006,53151055,107480631,193379430,0,40828343,94875820,65532955,68204944,31417999
20254,골목상권,신묵초등학교,슈퍼마켓,96979928,10130,73058798,23921130,73278275,23701653,0,3491898,4132085,10599695,34802923,43953327
20254,골목상권,신묵초등학교,스포츠 강습,25275669,112,25275669,0,21358407,3917262,0,0,5596089,11751788,7927792,0
20254,전통시장,마천중앙시장,치킨전문점,31077949,2044,19412284,11665665,14428641,13801695,121149,2068299,5298246,4942619,8464307,7335716
20254,골목상권,신묵초등학교,자동차수리,297154134,1480,245527599,51626535,227049143,32533630,0,3529314,35005832,30185107,73724753,117137765
20254,골목상권,신묵초등학교,편의점,150139595,19200,104879075,45260520,98480813,51658782,723652,22138328,44473860,32744658,34109922,15949175
20254,골목상권,신한은행 신월동지점,치과의원,218922342,1503,189606072,29316270,106434751,112487591,536790,10836289,54338316,35316098,24113773,93781076
20254,골목상권,신묵초등학교,일반교습학원,82406036,336,79206495,3199541,39661453,42744583,0,0,6766496,64216811,7918538,3504191
20254,골목상권,신묵초등학교,미용실,107213079,3122,70057772,37155307,41771235,65441844,1076540,3883434,7384638,25689186,31490620,37688661
20254,발달상권,신정네거리역,자동차수리,546295079,2043,364234796,182060283,368139377,139485343,0,31190324,66360563,135265496,150555713,124252623
20254,전통시장,방학동도깨비시장,일반의류,126821925,4040,88780309,38041616,41402633,85419292,306486,1528806,5849106,3569053,34000528,81567946
20254,발달상권,대림3동사거리,한식음식점,2977498874,77184,2167338792,810160082,1761912087,791621200,3400043,103123530,361327746,432269898,825874230,827537833
20254,전통시장,서울약령시장,철물점,274000000,144,274000000,0,274000000,0,0,0,0,274000000,0,0
20254,전통시장,대림중앙시장,일반의류,240930625,5188,124287327,116643298,87584573,153346052,0,243017,12221291,44354468,85559817,98552032
20254,골목상권,공항시장역 1번,슈퍼마켓,191690904,27227,134549784,57141120,137941570,49361040,373547,11171976,45573007,32722688,37347470,60113925
20254,발달상권,서울고교교차로,의약품,464220574,29907,416873204,47347370,257592040,199243410,879739,19450609,57080481,77287292,138417378,163719952
20254,골목상권,메가박스 상봉,편의점,163265721,20511,114042410,49223311,125180832,38084889,474427,21813896,58713930,23819285,25114804,33329379
20254,골목상권,메가박스 상봉,화장품,5257623,15,4206098,1051525,0,5257623,0,0,0,0,3154574,2103049
20254,골목상권,메가박스 상봉,일반의원,4162209272,98626,3531071830,631137442,2730755370,1431453902,1761666,217639740,821897970,945624623,878477606,1296807667
20254,전통시장,도화동 상점가,분식전문점,568121036,44609,487953114,80167922,218233410,248695402,2378333,50226432,127759389,125939325,97084130,63541195
20254,골목상권,관악구 중앙길,치과의원,533115265,3514,475796370,57318895,198710651,334404614,0,24511316,88458361,71663812,70452439,278029337
20254,발달상권,가락시장역,치과의원,1151841736,6524,974303721,177538015,644340603,467068663,0,19401192,53099264,169956969,326866734,542085106
20254,골목상권,상수역 4번,일식음식점,197295520,5760,161223788,36071732,94813294,81619647,5967150,69373471,62627137,19924733,13174733,5365717
20254,골목상권,남구로역 3번,가전제품수리,470188,36,470188,0,109558,360630,0,378890,0,0,91298,0
20254,전통시장,"한양대앞상점가(한양시장, 왕십리맛골목)",치킨전문점,494367402,10218,378331548,116035854,256396656,157033503,11839397,177809283,85825310,51065087,63948926,22942157
20254,골목상권,영동초등학교,스포츠 강습,90131941,493,78541644,11590297,36121160,54010781,0,0,32626684,57505257,0,0
20254,골목상권,메가박스 상봉,커피-음료,161800456,22531,95433268,66367188,78125086,82297828,1718879,18241039,32361145,27132863,32647766,48321220
20254,발달상권,청담사거리(청담동명품거리),중식음식점,1928551008,11213,1392715860,535835148,727438763,536254865,1456740,85225438,334916965,354537215,253585784,233971489
20254,발달상권,양재역,청과상,110366643,5589,96446679,13919964,38177955,60801847,298085,387510,3755869,13163425,30643117,50731797
20254,골목상권,중랑역 2번,한식음식점,634864774,18557,404322859,230541915,369333309,264127370,8180277,131765934,175907493,106671122,112199063,98736789
20254,골목상권,서초중학교,육류판매,319464632,4498,248843432,70621200,111884727,122864249,0,6999890,36560341,55001268,66409630,69777849
20254,골목상권,태릉시장 특화거리,미용실,43318160,644,32822829,10495331,18242838,25075322,0,0,6386683,4843849,13534599,18553029
20254,전통시장,청량리청과물시장,수산물판매,1185728014,44808,767859529,417868485,602589552,548325603,425034,10922423,29048834,73474378,205600560,831443925
20254,발달상권,한남오거리,커피-음료,605379786,75714,462578446,142801340,205994668,311958533,4160866,124268663,174229012,90794633,79476932,45023097
20254,골목상권,태릉시장 특화거리,인테리어,114000000,6120,67464385,46535615,33952074,76835499,0,2976030,5952923,9505137,22440088,69913395
20254,골목상권,언남고등학교,화초,4320858,46,0,4320858,2160429,0,0,0,2160429,0,0,0
20254,골목상권,태릉시장 특화거리,호프-간이주점,107808836,2946,78826582,28982254,68093388,39715448,0,1473917,11759123,7886750,22286228,64402818
20254,골목상권,태릉시장 특화거리,반찬가게,35711933,2464,21211833,14500100,14222043,18625907,0,1415309,4109677,7227806,11850776,8244381
20254,발달상권,역삼역,철물점,44018721,2149,39200183,4818538,22849076,4363078,0,1491598,6279444,3414103,3031075,12995933
20254,발달상권,신용산역(용산역),일식음식점,1639612439,18635,1292762388,346850051,575054707,381989400,3494933,257670785,346357838,151056356,134259759,64204438
20254,골목상권,곰달래도서관,전자상거래업,45126397,1437,27490226,17636171,12495525,32630872,2241906,16409496,9754441,4831653,6385817,5503084
20254,전통시장,밤나무골시장,한식음식점,13731959,182,7834418,5897541,8633627,5098332,0,1013964,2110698,3642828,3868579,3095890
20254,전통시장,불광먹자골목 골목형상점가,일반교습학원,49416632,129,49416632,0,5789834,43626798,0,0,0,49416632,0,0
20254,골목상권,태릉시장 특화거리,일반의류,26324400,796,18804777,7519623,5977503,20346897,0,1036823,688311,1330657,3016733,20251876
20254,발달상권,포스코사거리,제과점,35961149,6309,24579800,11381349,24672830,11288319,430510,4463993,6737409,7942703,8058817,8327717
20254,골목상권,먹골역 5번,일반의류,1264770672,13163,882869207,381901465,460831309,803939363,3232399,7469115,46649586,56494738,186556007,964368827
20254,전통시장,풍납시장,안경,48386637,560,34339460,14047177,21138487,24352374,0,1782916,2399906,6466327,11722347,23119365
20254,발달상권,아차산역,일식음식점,210846292,6817,138260631,72585661,118366341,86981341,4474511,33442411,81882286,52521427,21806125,11220923
20254,골목상권,경의선책거리,패스트푸드점,77935622,6266,56751984,21183638,27357102,31670974,2782265,18507723,10252939,8398845,14019822,5066484
20254,골목상권,대흥동주민센터,세탁소,10705882,314,10196078,509804,5823529,2137255,0,784314,1000000,2745099,2666665,764706
20254,전통시장,로데오거리상점가,중식음식점,309433902,9738,201527709,107906193,160661112,145774464,10829225,112079960,88314578,44117343,31993166,19101304
20254,골목상권,신우어린이공원,의약품,5199000000,6820,4797048056,401951944,2063703383,3135296617,0,47872928,1984586550,1537127238,518864259,1110549025
20254,골목상권,우면주공아파트,외국어학원,79788932,242,67318786,12470146,34709686,45079246,2667411,0,0,58449643,16337893,2333985
20254,골목상권,먹골역 5번,커피-음료,131492965,26390,90033867,41459098,71334664,56688346,820136,14048719,32007630,29246072,28895631,23004823
20254,전통시장,세종마을음식문화거리(금천교시장),노래방,132329065,7663,86902934,45426131,81175601,39080366,2756126,20332069,31766109,24278571,22840241,18282850
20254,골목상권,먹골역 5번,철물점,8589829,743,7945840,643989,2798877,2785667,0,165125,561427,1390357,1329260,2138376
20254,골목상권,금천금빛공원(은행나무사거리서측),인테리어,66000000,1100,52937475,13062525,48375831,3003045,0,928780,10542895,1489948,6614411,31802843
20254,골목상권,먹골역 5번,슈퍼마켓,5645318426,623574,4302960982,1342357444,2725300365,2807614419,15842161,691714740,1026961458,1067900830,1552142825,1178352769
20254,골목상권,석촌역 6번,반찬가게,80860301,812,80860301,0,52720862,17316578,0,0,0,0,0,70037440
20254,골목상권,먹골역 5번,세탁소,5420876,71,0,5420876,707071,4713805,0,0,117845,0,0,5303031
20254,발달상권,대림3동사거리,화초,19535625,450,17013222,2522403,4671360,12345214,0,2841331,529908,1885330,5871669,5888335
20254,골목상권,문성초등학교,시계및귀금속,6397625,42,1938674,4458951,466027,5931598,0,0,0,3679753,2214563,503309
20254,발달상권,안암역,커피-음료,980145119,143570,830012610,150132509,391237773,556890034,28090066,454014857,150236673,90141383,165857839,59786987
20254,골목상권,장승배기역 4번,피부관리실,6586583,35,6586583,0,0,6586583,0,246557,1056671,0,0,5283355
20254,골목상권,가산동주민센터,일반의류,1647000000,5023,894722215,752277785,1296071348,319921302,0,169223242,555931517,313049395,231482501,346305996
20254,골목상권,먹골역 5번,의료기기,275268691,506,275268691,0,28443378,246825313,0,0,0,0,47633177,227635514
20254,전통시장,선유도역 골목형상점가,노래방,170626155,1089,108225066,62401089,133820790,4340632,0,1384147,13268153,23254193,65273025,34981905
20254,골목상권,우장산역 4번,미용실,261741707,6160,152406190,109335517,100988547,160302578,91911,11650538,22195857,40419574,92808260,94124986
20254,전통시장,도화동 상점가,노래방,415943303,15729,292617808,123325495,282033386,72776808,3256015,29338349,77932265,81846080,104031050,58406433
20254,발달상권,오목교역,안경,617870025,5355,358560151,259309874,336090166,281779859,2815481,42930267,70016136,214281688,175565680,112260773
20254,골목상권,면목5동주민센터,노래방,26824007,268,17716590,9107417,15894377,10929630,0,1727411,8590755,3095455,9705154,3705232
20254,발달상권,등나무근린공원,양식음식점,128289505,4642,85104024,43185481,55067511,67543474,857856,8538970,25533198,44429054,29411267,13840641
20254,골목상권,개봉1동주민센터,피부관리실,35831094,472,22567917,13263177,1806805,34024289,1071044,6068420,22172226,977911,5541493,0
20254,전통시장,"대림골목시장(대림시장, 양지시장)",섬유제품,169419159,3074,126387581,43031578,69417315,95269848,1916263,1173222,9642593,20091571,38220077,93643437
20254,발달상권,당산역,안경,199148055,1967,136933311,62214744,100722270,95404710,1707929,22543389,34676858,42005390,51796152,43397263
20254,발달상권,상봉역,한식음식점,10104862572,262428,6607054338,3497808234,5848084172,3941176230,85355652,1785912407,2864964432,1647415788,1691799960,1713812161
20254,발달상권,성수대교남단,한의원,308519965,5561,304837311,3682654,130655495,165296072,0,2968886,17270837,31774341,88234926,155702578
20254,발달상권,서울대입구역,자동차수리,119253044,388,101479356,17773688,77388141,6160830,0,0,2238500,47568122,6679692,27062658
20254,골목상권,묘곡초등학교(고덕아이파크아파트),한의원,119654496,5152,95369856,24284640,37451888,82202608,0,4895013,15777174,37619909,26324415,35037985
20254,전통시장,신림중앙시장(조원동 펭귄시장),반찬가게,51551366,2544,26137489,25413877,17088368,16173913,0,1097345,4643837,4500706,11378992,11641401
20254,골목상권,중랑노인종합복지관,호프-간이주점,82855476,2720,60605787,22249689,57106098,23810621,0,8785193,8610068,10834445,31394273,21292740
20254,전통시장,낙원시장(낙원지하시장(대일상가)),슈퍼마켓,101158636,9594,91649328,9509308,84186752,14804671,126151,6502563,15927865,45944940,17438922,13050981
20254,전통시장,새마을시장,커피-음료,197635731,42716,128159419,69476312,99392730,87081600,5429863,39973905,51496081,38061238,32586790,18926455
20254,발달상권,DMC(디지털미디어시티),반찬가게,136131278,19696,136131278,0,29151512,82156870,0,34595916,57132701,14732003,4776007,71755
20254,발달상권,창동역,외국어학원,4635421,20,3608784,1026637,1555510,3079911,0,0,0,3079911,1555510,0
20254,골목상권,강동역 4번(강풀만화거리),피부관리실,37487379,221,34487380,2999999,0,37487379,0,2981981,11153649,5577072,1972973,15801704
20254,발달상권,종각역,화장품,400530412,3254,320178463,80351949,85667851,312940774,2519654,40413344,117514215,71145294,57717485,109298633
20254,골목상권,영등포시장역 3번,반찬가게,19443082212,741629,14767874566,4675207646,8079049927,6710627974,1042811,677467310,2111950665,2943739890,2636903319,6418573906
20254,발달상권,안암역,제과점,180636549,18244,140141450,40495099,61825203,87308437,4687802,45455269,22649112,24908001,35420675,16012781
20254,골목상권,중랑노인종합복지관,피부관리실,1336032,24,1336032,0,1336032,0,0,0,0,1336032,0,0
20254,골목상권,신정롯데캐슬아파트,네일숍,8897523,168,6278667,2618856,1288455,7099680,0,3577707,689173,1352577,2229325,539352
20254,골목상권,중랑노인종합복지관,육류판매,1395166613,26729,1060305915,334860698,429743212,874856807,484172,7670820,86597672,152103608,200677113,857066633
20254,전통시장,영등포유통상가,치과의원,111765292,1011,94283752,17481540,68374061,43391231,0,211025,3501799,46126170,28186516,33739782
20254,발달상권,잠실역,완구,17790000000,1291738,11231600914,6558399086,9027788255,8762211745,524207876,5498801317,5914547889,4079836687,911963923,860642308
20254,골목상권,상도초등학교,커피-음료,9666423,832,5833717,3832706,3196123,3505302,0,2554257,1871581,1551836,478097,245652
20254,골목상권,중랑노인종합복지관,일반교습학원,314756168,978,234632961,80123207,216166709,98589459,2302772,0,10170132,238432885,57158836,6691543
20254,골목상권,중랑노인종합복지관,편의점,846753428,101871,606708332,240045096,589298548,257454880,6491546,66576283,229929492,239959219,159695436,144101452
20254,골목상권,굽은다리역 3번,부동산중개업,395018,33,49377,345641,395018,0,0,0,0,0,345641,49377
20254,전통시장,강북북부골목시장,일반의류,4577926,179,3324135,1253791,1875759,2702167,0,0,0,447692,1097366,3032868
20254,골목상권,구로초등학교,중식음식점,200608931,4117,97615669,102993262,152753322,47855609,0,3760228,32803583,30136015,59459573,74449532
20254,골목상권,중화역 4번,분식전문점,136509081,11684,88356211,48152870,60925095,75583986,2716398,21931464,40486442,34048818,23461742,13864217
20254,골목상권,중화역 4번,노래방,42503363,3850,33327113,9176250,33833829,8669534,1010229,4926364,4952256,7797528,6354718,17462268
20254,전통시장,숭인시장,의약품,1021009180,75952,809327714,211681466,484602218,536406962,1970940,47866193,106422013,169861481,231085165,463803388
20254,골목상권,중화역 4번,반찬가게,6816144449,19555,3211916321,3604228128,2606877358,4209267091,0,116319311,462830782,752426385,417087763,5067480208
20254,전통시장,"수유전통시장(수유시장, 수유골목시장)",노래방,199671414,1478,80097416,119573998,190827324,8844090,0,2383851,1883243,32420383,62742975,100240962
20254,발달상권,교대입구교차로,패스트푸드점,147701619,8286,118746280,28955339,46314643,47255057,63855,10920223,21061163,21051232,29745457,10727768
20254,발달상권,강변역(테크노마트),제과점,620862313,71665,432501780,188360533,233943730,369179037,6498729,93444686,137628871,152213850,130079102,83257530
20254,골목상권,까치산역 4번,슈퍼마켓,523225864,57335,364729422,158496442,313751857,209474007,1695758,35778079,125721570,126198083,124240285,109592089
20254,발달상권,인사동,슈퍼마켓,691731860,88646,543292428,148439432,307353075,281362818,2853146,60705098,97015699,145570382,104088172,178483395
20254,골목상권,중화역 4번,커피-음료,28090037,5284,17476466,10613571,11746757,16154007,982653,7971352,5014552,5832932,3993809,4105466
20254,발달상권,둔촌역,안경,797442147,7772,540252516,257189631,402129506,395312641,2405203,76662608,182553488,196232903,192875328,146712617
20254,전통시장,길동복조리시장,인테리어,13897710,912,11812590,2085120,8861769,5035941,0,0,148937,316492,2932202,10500079
20254,발달상권,잠실역,화장품,728646721,31813,601698225,126948496,204723419,449284101,3024130,36582089,91705058,151931998,154540276,216223970
20254,골목상권,중화역 4번,슈퍼마켓,375088796,38587,249461664,125627132,210997514,164091282,300062,15205849,35675261,53974889,131591883,138340852
20254,전통시장,쌍문역동측상점가,패스트푸드점,37336957,3016,22956520,14380437,23692255,12829484,91712,5606659,6819293,5857337,8478261,9668477
20254,골목상권,까치산역 4번,분식전문점,86328171,7030,63557360,22770811,34728904,32769306,439323,10506996,14926686,18283176,13565849,9776183
20254,골목상권,KB국민은행 중화동지점,미용실,108980737,2468,88132640,20848097,34405498,74575239,0,2172122,18657943,18831326,32436034,36883312
20254,발달상권,영등포청과시장교차로,반찬가게,18560238,1515,3030243,15529995,10416460,8143778,0,0,0,7386217,8143778,3030243
20254,발달상권,이화사거리,화초,114217864,1945,95494084,18723780,25205860,39674293,109267,11567329,7006832,7853614,32001433,6341679
20254,골목상권,관악구신사동주민센터,치킨전문점,709342,43,130714,578628,572528,136814,0,206528,136814,0,130714,235286
20254,골목상권,월드순복음교회,일반의원,19854936,2003,18058219,1796717,6111151,13743785,0,333850,2842742,373305,2570029,13735010
20254,골목상권,월드순복음교회,편의점,175578219,21360,126175236,49402983,116440757,59137462,233819,26146837,43769374,44918768,31773273,28736148
20254,골목상권,신월문화체육센터,중식음식점,19985937,445,15097429,4888508,16203490,2965684,0,2351657,2965708,9885892,2689619,1276298
20254,골목상권,월드순복음교회,한식음식점,443961489,11399,308462454,135499035,284333641,136661502,2249187,16406393,77656321,125951737,102290771,96440731
20254,발달상권,서초역,중식음식점,1457334901,35525,1263018408,194316493,526433195,232098104,5421174,52852256,171108258,209267455,181279876,138602282
20254,골목상권,개봉역,치과의원,595788914,3960,469576524,126212390,283289856,312143079,0,6576504,23790451,53274394,250863714,260927872
20254,골목상권,문래예술촌(문래창작촌),화초,38108103,1513,19095643,19012460,13384519,23984316,79843,12197016,12970381,8523777,2791044,806774
20254,골목상권,월드순복음교회,커피-음료,124463884,15050,86457064,38006820,48456711,71227682,1041385,15593569,31753240,25421474,25268402,20606322
20254,골목상권,월드순복음교회,미용실,3947022,251,2305250,1641772,2901727,1045295,0,152726,724638,740615,1181273,1147770
20254,발달상권,태릉입구역,의약품,1929276061,132502,1698718185,230557876,838354742,1090921319,2021514,92678408,166417774,312937447,386967648,968253270
20254,골목상권,먹골역 1번,일반의류,103496578,4469,89863186,13633392,15282954,88213624,0,1953545,4103561,9027609,24394101,64017762
20254,골목상권,먹골역 1번,가구,8400505,14,8400505,0,0,8400505,0,0,0,8400505,0,0
20254,발달상권,르네상스호텔사거리,일반의류,70000000,41,70000000,0,0,70000000,0,0,70000000,0,0,0
20254,골목상권,먹골역 1번,가전제품수리,235360877,2656,142059624,93301253,64085217,120275525,0,0,7773073,95713586,24610673,56263409
20254,골목상권,먹골역 1번,일반교습학원,421697233,766,352417846,69279387,162908015,258789218,887941,5555870,4377028,294825127,113230748,2820519
20254,골목상권,먹골역 1번,일반의원,252945536,6931,212495430,40450106,125866814,97742895,152791,25974570,27734302,31959246,42416663,95372136
20254,골목상권,남구로역 2번,미용실,98505503,3358,65798133,32707370,54121484,42781836,0,8481444,22593625,24923868,18852242,22052142
20254,골목상권,신월문화체육센터,당구장,300724617,4090,276231665,24492952,172956635,127767982,0,0,54747684,152316202,56725851,36934880
20254,골목상권,성미산체육관,커피-음료,65747840,6954,59603742,6144098,24020046,26531702,0,7578638,14877485,13575564,10771177,3748887
20254,골목상권,금천해태공원,호프-간이주점,8463213,244,5555072,2908141,5938180,2525033,0,0,696561,0,2525033,5241619
20254,발달상권,상계백병원,피부관리실,62675156,974,48089650,14585506,11638736,51036420,186521,28614139,10530954,10412777,8634200,4296565
20254,골목상권,당곡중학교,철물점,27314292,1834,25544180,1770112,11749825,7540930,0,0,4708956,2983373,4130039,7468388
20254,발달상권,봉은사역,치킨전문점,178320903,2462,177444397,876506,76304409,35510726,0,15311642,28468437,37426879,24584274,6023904
20254,발달상권,신도림역,네일숍,93594658,1843,69067405,24527253,9961999,83632659,483351,9939405,26828302,18749806,18299068,19294726
20254,골목상권,먹골역 1번,육류판매,78086434,2658,50343341,27743093,37336805,40749629,89926,8007435,13532298,13142999,20294736,23019040
20254,발달상권,독산동,네일숍,218496908,2063,151625920,66870988,59135026,159361882,0,23931703,74364682,47987048,28467047,43746428
20254,골목상권,먹골역 1번,화초,12921102,373,10353832,2567270,6497021,5376988,0,820012,6358252,1791411,1942799,961536
20254,발달상권,양재천카페거리,화초,103247368,1307,88147446,15099922,27361904,14347067,0,10826547,14946603,11083988,2974804,1877027
20254,골목상권,마천역(마천초등학교),신발,7542857,63,7542857,0,0,7542857,0,0,0,0,7542857,0
20254,골목상권,용강동주민센터,분식전문점,360000000,34726,287002261,72997739,140596387,194598092,1552424,14235663,47108183,161379890,70043750,40874571
20254,골목상권,화곡역 5번,예술학원,90619905,507,88454439,2165466,23906775,66713130,0,0,17340380,70031325,3248200,0
20254,골목상권,보인중학교,슈퍼마켓,527168635,36643,364029339,163139296,208870644,283390237,1068906,17877993,61690017,70476267,120460682,220687014
20254,발달상권,강남구청역,예술학원,201286921,303,135667733,65619188,89292092,108094075,0,6826320,7079138,87603167,87344641,8532901
20254,발달상권,신대방삼거리역,일반의류,63810073,944,41572650,22237423,20558122,42534139,0,334458,672237,1399171,23632601,37053793
20254,골목상권,상도역 5번,스포츠클럽,32000000,25,32000000,0,28387096,3612904,0,0,25806451,6193549,0,0
20254,골목상권,강일동주민센터,미용실,320120684,11443,198381633,121739051,179347953,140772731,1476924,20717489,47826331,93445101,86574553,70080286
20254,골목상권,경의선책거리,인테리어,1021607942,18006,829836539,191771403,663410673,186442372,0,8938473,129951218,65690687,316989488,328283178
20254,골목상권,구로창업지원센터,슈퍼마켓,428268243,40234,343546484,84721759,260389810,131025459,2956757,23185046,30678869,51936909,67005783,215651904
20254,골목상권,고덕동성당,편의점,555346913,76675,385290949,170055964,409545239,145801674,7333463,60791862,154658692,139863766,122817946,69881184
20254,발달상권,어린이대공원역,예술학원,482970371,1201,340563824,142406547,185855500,297114871,0,25357281,0,212442236,242449536,2721318
20254,골목상권,논현로18길,편의점,133591455,18003,104863395,28728060,88696856,34617010,801555,12770926,35268786,24603571,29108659,20760368
20254,골목상권,중화역 1번,한식음식점,316165279,7289,222162395,94002884,178295535,122757597,177273,28354501,60455617,66519835,67433860,78112047
20254,발달상권,신대방삼거리역,치킨전문점,158119986,4976,111515223,46604763,99112619,51931633,684265,15176536,31364274,36723859,47428122,19667197
20254,발달상권,은마아파트,자동차수리,13019417,17,13019417,0,0,4368932,0,0,4368932,0,0,0
20254,발달상권,잠실새내역(신천),운동/경기용품,283345598,1312,211875092,71470506,206349499,76996099,0,11570828,38957403,101893531,54828245,76095591
20254,골목상권,중화역 1번,의약품,291923024,19933,253313135,38609889,148934246,142988778,1422486,18195294,32192370,30265226,60448124,149399524
20254,골목상권,개웅초등학교(개웅중학교),미용실,52292832,1544,36777453,15515379,13401812,38891020,247626,1348347,8820726,12839569,14097892,14938672
20254,골목상권,중화역 1번,스포츠 강습,18299401,77,18299401,0,2491018,15808383,0,0,10826347,7473054,0,0
20254,골목상권,신월1동주민센터,노래방,91332354,770,52804206,38528148,81059576,3424099,0,1712050,6690350,9532586,41309778,25238911
20254,골목상권,증산역 1번,자동차수리,76774763,752,68887166,7887597,75029148,1745615,0,565709,0,3216458,11790988,61201608
20254,골목상권,중화역 1번,한의원,97028048,8243,66391994,30636054,53883090,43144958,0,1587633,12129517,16093942,9901898,57315058
20254,골목상권,대흥동주민센터,한식음식점,272091676,17156,241876267,30215409,151919075,100392136,0,45428223,57411471,64099527,47563915,37808072
20254,골목상권,돈의문센트레빌아파트입구,치킨전문점,1989283,115,1301875,687408,1604689,384594,6631,698458,358071,35365,612258,278500
20254,골목상권,신풍역 1번,중식음식점,306000000,14176,204687679,101312321,166775937,133372779,5098004,34822913,76660306,84504973,63266331,35796188
20254,골목상권,중화역 1번,편의점,96520126,14225,70606425,25913701,59381074,37139052,2959300,20488437,23074365,15211648,22471784,12314592
20254,골목상권,수궁동주민센터,PC방,120380285,16408,63819361,56560924,114671126,5709159,1951850,45349989,59275214,7337732,5947040,518460
20254,전통시장,제일시장,가방,99199012,1047,80326023,18872989,22256834,37665411,0,1510645,3283135,261845,12427571,42439049
20254,골목상권,명지대학교교회,당구장,50949436,4382,41077610,9871826,43495532,7453904,2087959,13425681,1568674,10520931,20468486,2877705
20254,골목상권,중화역 1번,일반의원,387564273,11744,336106678,51457595,144922894,242641379,5879115,56567645,71335158,55279202,78450486,120052667
20254,전통시장,불광먹자골목 골목형상점가,의료기기,38225174,202,38225174,0,2013618,36211556,0,0,671206,0,0,37553968
20254,골목상권,중화역 1번,일반의류,333942697,2400,228506293,105436404,119212090,214730607,0,0,23480939,14945178,89458429,206058151
20254,발달상권,강남을지병원,세탁소,363357053,7711,339656583,23700470,53740611,71307171,0,5051752,23284702,56631911,24179232,15900184
20254,골목상권,삼전역 4번,세탁소,23753892,1456,18847001,4906891,11318556,12435336,52393,1471462,7300165,4954553,6524408,3450911
20254,전통시장,동문시장,한식음식점,216563037,9426,152571535,63991502,152301775,51135601,737995,9040371,30191767,23380937,47292759,92793547
20254,골목상권,덕의초등학교,분식전문점,39977006,4446,35173924,4803082,21545264,18124161,193424,2398632,4391021,9902315,9935241,12848793
20254,발달상권,신도림역,피부관리실,107052174,471,97782609,9269565,7483696,99568478,0,81025000,16794565,6782609,2450000,0
20254,골목상권,화랑대역 7번,미용실,26576066,922,16816499,9759567,10633598,15942468,333537,511848,1066457,7361410,11628425,5674389
20254,골목상권,신방화역 2번,자동차미용,8357255,102,8357255,0,6395649,1348604,0,1174919,2778941,2360056,1430337,0
20254,발달상권,강남구청역,커피-음료,2993699968,374623,2523948088,469751880,942536508,1440967241,22623879,504501060,883659415,473833684,329208099,169677612
20254,골목상권,인헌고등학교(인헌중학교),호프-간이주점,43104509,4732,27355071,15749438,27627036,15477473,43723,4203147,14054547,4587133,15130424,5085535
20254,골목상권,장안중학교,미용실,114494985,3925,69050661,45444324,33767708,80727277,495678,1848625,9086760,17816071,31189582,54058269
20254,골목상권,도곡초등학교,패스트푸드점,18914829,954,16088697,2826132,4380987,3983110,266215,539666,2287431,2572938,2532909,164939
20254,골목상권,뜸부기어린이공원,문구,1284286858,4533,1278848694,5438164,792443765,326251784,0,465326,127791388,176025502,730845885,83567450
20254,전통시장,수유프라자,네일숍,17442686,54,17022380,420306,240175,17202511,0,0,0,16572052,630459,240175
20254,골목상권,가양역 10번,화장품,265388531,797,237742047,27646484,9924379,255464152,0,0,0,198398972,62559033,4430526
20254,골목상권,장안중학교,세탁소,13111841,508,9314341,3797500,4231072,8806015,0,134557,732589,687736,7266083,4216123
20254,발달상권,올림픽대교북단,양식음식점,59578574,1989,42522026,17056548,22507612,27096904,928871,2485356,4851063,15777606,16046927,9514695
20254,전통시장,정릉골 골목형상점가,한식음식점,347856303,7014,238276752,109579551,182652730,123731585,0,16822999,34195240,51312103,89925857,114128115
20254,골목상권,장안중학교,분식전문점,9692298,1240,8119831,1572467,4763778,4713310,257312,357007,1038674,4107404,1645131,2071560
20254,골목상권,신길3동주민센터,육류판매,619784921,16874,420395924,199388997,239183041,335349975,0,14495051,38886181,103992465,169283596,247875723
20254,골목상권,장안중학교,피부관리실,144059921,1631,86318017,57741904,9630167,134429754,8405307,8624231,38992638,49452474,24824859,13760412
20254,골목상권,장안제일시장,분식전문점,119771027,10344,77297329,42473698,53472410,59169018,201565,17187090,30474877,27986618,20634176,16157102
20254,전통시장,송화벽화시장(송화골목시장),분식전문점,802181410,92604,608673042,193508368,359423986,442757424,11590682,49706004,114642054,234121988,232111711,160008971
20254,골목상권,장안제일시장,자동차수리,1835985816,8364,1676678458,159307358,1276013990,442505699,0,33274400,388953673,423266770,372446377,500578469
20254,골목상권,당곡중학교,스포츠 강습,10618331,76,10618331,0,3943952,6674379,0,0,6977759,1820286,1820286,0
20254,골목상권,장안제일시장,문구,120105067,9096,82660588,37444479,75987897,42158117,1329644,8984494,9620715,22039525,33092054,43079581
20254,골목상권,장안제일시장,호프-간이주점,100799941,2070,72049883,28750058,57688744,39638199,0,9115756,23678391,27745091,25709780,11077924
20254,발달상권,사가정역,스포츠클럽,43693792,88,19445872,24247920,30509839,13183953,0,589808,24247920,10564051,6314420,1977593
20254,발달상권,신림역(신림),의료기기,363290335,810,363290335,0,76908261,286382074,0,0,0,0,318764500,44525835
20254,발달상권,동대문역사문화공원역,전자상거래업,14750412,207,10159513,4590899,5317543,7932869,0,9850889,2827945,571578,0,0
20254,전통시장,길동복조리시장,미용실,134130763,2974,90235774,43894989,34457860,99672903,358483,4019764,5926179,33141758,22653957,68030622
20254,골목상권,장안제일시장,슈퍼마켓,542987412,67449,379058899,163928513,336607323,206380089,5038579,71070536,130840176,105086032,114260124,116691965
20254,발달상권,"총신대입구역(이수, 총신대)",중식음식점,2112241626,55864,1465280138,646961488,1260494845,634436337,21265598,310086753,450330002,339659864,395803563,377785401
20254,골목상권,방이동고분군(방산고등학교),화장품,10317070,128,5218289,5098781,2148196,8168874,173943,0,0,6185925,1522001,2435201
20254,발달상권,삼성중앙역,일반의원,400094445,1699,364593509,35500936,198774751,201319694,32514,51956740,193036023,64103740,62653120,28312308
20254,골목상권,중곡초등학교,노래방,64391877,415,45296745,19095132,61326665,1193731,0,0,17706045,7513578,32897430,4403343
20254,전통시장,동묘시장(동묘벼룩시장),철물점,6223866,530,3956256,2267610,4921196,1302670,289482,482470,0,1302670,2894822,1254422
20254,발달상권,"양재시민의숲역(양재동꽃시장, aT센터)",문구,787734431,12624,787480339,254092,271576679,25817944,521522,8281549,18980860,15385726,8843624,245381344
20254,발달상권,회기역,일반의원,842371209,18824,754106745,88264464,400036812,442334397,2539166,175361975,200413173,119140057,248205460,96711378
20254,전통시장,사가정시장,애완동물,8494489,412,6298111,2196378,2086558,6407931,0,0,336321,157864,2014490,5985814
20254,골목상권,중곡초등학교,화장품,3217933,18,703923,2514010,0,3217933,0,0,0,0,3217933,0
20254,골목상권,중곡초등학교,편의점,627067301,77920,446758762,180308539,418660723,208406578,4744221,52539483,124086744,178026660,181432173,86238020
20254,골목상권,선유도역 1번,미용실,104449728,2755,82903082,21546646,50855408,53093478,271117,12979222,28445424,16019057,26546319,19687746
20254,골목상권,중곡초등학교,예술학원,30897600,294,22726170,8171430,26440458,4457142,0,0,0,30897600,0,0
20254,발달상권,영중로,자동차미용,81232598,1340,60563316,20669282,40985105,16186557,0,753425,17750100,16306836,15315582,7045719
20254,전통시장,문정동 로데오거리 상점가(문정동 로데오거리),미용실,113889975,1722,73773025,40116950,47050235,66839740,1293947,6857994,23499125,32433009,27954048,21851852
20254,골목상권,중곡초등학교,조명용품,8987424,736,7526605,1460819,6123832,2863592,0,1189938,212835,561109,1325379,5698163
20254,발달상권,망원역,분식전문점,387000000,30614,285139567,101860433,159636230,203453908,2228398,67929261,102725651,83668030,73635827,32902972
20254,골목상권,개미어린이공원,미용실,16994072,659,11957711,5036361,9768295,7225777,0,346194,1315365,1339936,7285965,6706612
20254,전통시장,영등포역지하도상점가,편의점,758630169,132635,520657449,237972720,490258902,268371267,4461941,127124902,227056273,155717513,142820750,101448790
20254,골목상권,경성고등학교,스포츠클럽,44472964,182,37641693,6831271,28788925,15684039,0,6203908,12338112,12268404,9898371,3764169
20254,발달상권,논현역,분식전문점,1646053699,142988,1374255159,271798540,712216595,548529880,14184191,179958052,416567186,306125308,209055491,134856242
20254,골목상권,관악구신사동주민센터,피부관리실,16094810,100,6682741,9412069,3953841,12140969,0,1150085,4155986,431020,1993470,8364249
20254,발달상권,매봉역,스포츠 강습,77859513,80,70255774,7603739,26559441,51300072,0,24224299,4531468,11775701,37328045,0
20254,발달상권,"총신대입구역(이수, 총신대)",패스트푸드점,241437306,22379,169668749,71768557,95740348,113136065,3530549,35988212,58885090,47986212,42345514,20140835
20254,골목상권,성내천어린이공원(하니사랑길),양식음식점,28537231,868,8712280,19824951,15643697,8460810,0,2937622,8584258,7061724,3522861,1998040
20254,골목상권,오거리공원,슈퍼마켓,499977436,43581,348232028,151745408,348340267,151637169,5157747,28235552,32770953,70241123,219098966,144473095
20254,전통시장,인현시장,한식음식점,3233498195,72977,2760846046,472652149,1889738863,644009160,4340344,249516823,518052910,423776492,664463735,673597722
20254,골목상권,서울여자간호대학교,치킨전문점,40210819,2372,23613179,16597640,24597311,15613508,0,2758606,7448042,7996892,12595528,9411751
20254,발달상권,대학로(혜화역),PC방,402842793,174062,248628424,154214369,218787502,184055291,23718169,196650843,109304940,41633784,27070158,4464899
20254,골목상권,국악고교사거리,화초,218000000,68,3092012,214907988,190641399,25103845,0,0,40680838,478168,92176887,82409350
20254,발달상권,명동역(명동재미로),가방,241977183,4961,214600873,27376310,41064465,115844050,0,9554148,33439520,15525491,43728602,54660753
20254,전통시장,영림시장,시계및귀금속,10347799,172,6193348,4154451,1894514,8453285,0,160094,140083,0,332195,9715427
20254,발달상권,한남오거리,패스트푸드점,98835386,5952,72947841,25887545,39653635,39141979,1455620,10698018,18310605,13513934,14392011,20425428
20254,전통시장,낙원시장(낙원지하시장(대일상가)),한식음식점,723531978,10979,527314125,196217853,387815455,221460845,0,156189471,216792343,111305492,72208643,52780352
20254,골목상권,오거리공원,의약품,2192241486,46903,2074858315,117383171,1806572062,385669424,409034,24326270,119719327,269924990,221214428,1556647437
20254,발달상권,도산공원교차로,일반교습학원,222006043,166,161953346,60052697,136983210,85022833,0,0,0,183980457,38025586,0
20254,골목상권,독산동정훈단지,일반교습학원,12942544,65,12942544,0,9706908,3235636,0,0,0,3235636,9706908,0
20254,발달상권,서촌(경복궁역),일반의류,2754324287,34413,1625651686,1128672601,660835109,2010738283,15605589,632998880,775277701,404580065,532581970,310529188
20254,골목상권,상봉역 4번,스포츠클럽,13882026,22,13882026,0,10959494,2922532,0,0,13882026,0,0,0
20254,발달상권,마들역,일반의류,655908831,6164,548273177,107635654,66566526,589342305,0,1325897,6957060,32741859,174457025,440426990
20254,발달상권,서울대입구역,컴퓨터및주변장치판매,24231589,473,23573484,658105,6129994,13709297,0,547189,473245,1212689,13221264,4384904
20254,골목상권,KT구로지사,커피-음료,55186797,7391,42479926,12706871,26953399,24671213,0,9103264,23723262,9419893,5402676,3975516
20254,골목상권,상봉역 4번,자동차수리,435013901,1283,368324402,66689499,357228421,34648647,0,421344,90133605,148813979,78859451,73648689
20254,골목상권,강서구다솔마을,청과상,463032822,1030,431985296,31047526,0,463032822,0,350470079,0,0,0,112562743
20254,골목상권,상봉역 4번,미용실,285717693,8053,184671965,101045728,167562664,117287473,295211,56976648,94049354,46531948,50777665,36219310
20254,골목상권,상봉역 4번,피부관리실,5184640,41,5184640,0,2639339,2545301,0,1598651,0,0,2037494,1548495
20254,골목상권,문정역 1번,중식음식점,159553049,6697,114002013,45551036,89435304,40367920,531436,14324340,28793436,29978332,32044133,24131544
20254,골목상권,개봉3동주민센터,일반교습학원,49238783,237,49238783,0,26237395,23001388,0,0,5696058,32573928,9623895,1344902
20254,골목상권,상봉역 4번,여관,17630579,309,9609064,8021515,6428325,10957052,224185,1099908,2276881,12325539,758285,700579
20254,골목상권,대림한신아파트,슈퍼마켓,663920655,55101,465507887,198412768,373562831,287143957,1480032,27007893,85376063,123299730,249756286,173786785
20254,골목상권,상봉역 4번,세탁소,141809498,11133,96677501,45131997,81371755,60437743,0,34232248,42426861,22548478,20277802,22324109
20254,발달상권,중림동,미용실,46942240,1159,38912223,8030017,19459732,27482508,90652,1022213,9286672,10442139,15346674,10753890
20254,발달상권,목동역 8번출구,패스트푸드점,482474690,43586,341191726,141282964,241843621,227404191,16637568,72557546,108019394,117813786,111746622,42472893
20254,골목상권,상봉역 4번,일반의류,1395017158,8573,965772050,429245108,215470414,1179546744,0,4124844,55679897,63624593,240331053,1031256771
20254,골목상권,송파나루역 1번(송리단길),커피-음료,1107174624,91573,657790297,449384327,370636382,667415816,20304602,421008737,346574312,107202927,91691054,51270564
20254,골목상권,강동역 4번(강풀만화거리),편의점,161055297,23879,120338053,40717244,122367412,38687885,574124,22686089,54665112,27026398,36643162,19460412
20254,발달상권,언주역(차병원),일반의류,174539654,260,27437749,147101905,67070589,81139990,0,33914297,67283137,11752383,1363195,33897567
20254,전통시장,남성사계시장(남성시장),호프-간이주점,314289287,5519,194289351,119999936,201300673,92035296,2174466,49331831,82277434,53134747,57821331,48596162
20254,발달상권,"강남구청(청담역_8번, 강남세무서)",의약품,9753884553,552117,8092532226,1661352327,4197765891,5502257093,15311069,647306463,2087989268,3069272706,1792579387,2087564094
20254,골목상권,봉은사역 4번,편의점,251151095,33088,196763545,54387550,149722072,62936248,1294192,24589234,65227895,59696817,45364468,16485716
20254,발달상권,서초역,화초,20362061,605,19172941,1189120,8265466,5621295,0,0,3751134,6741230,3394397,0
20254,골목상권,오동나무공원(송파레미니스1단지),화장품,65633527,112,65633527,0,0,65633527,0,0,39951271,2219515,21381329,2081412
20254,발달상권,홍대입구역(홍대),스포츠 강습,359952782,776,349810816,10141966,67419846,292532936,2913669,79633169,148067989,52288909,17659410,59389636
20254,골목상권,면목2동체육관,호프-간이주점,8240013,1301,6672273,1567740,6762139,1477874,0,1260949,256366,1160026,2901117,2661555
20254,골목상권,면목2동체육관,커피-음료,11863580,182,9051670,2811910,11595779,267801,0,0,0,0,749842,11113738
20254,골목상권,면목2동체육관,철물점,688414,19,667553,20861,688414,0,0,0,0,20861,0,667553
20254,전통시장,강북종합전통시장(강북종합골목시장),일반의류,538841377,7745,418518668,120322709,141655083,397186294,0,2096448,11042400,33249021,127758880,364694628
20254,골목상권,수궁동주민센터,한식음식점,613044744,26102,486228538,126816206,273517388,254243299,2105830,19560550,41619855,158529743,151380902,154563805
20254,발달상권,구역삼세무서,일식음식점,408424661,8448,391003274,17421387,155224414,44789467,76838,14479056,18943865,52463335,66732543,47318243
20254,발달상권,선정릉역,한식음식점,5734552859,129317,4722264201,1012288658,2300375364,1229216284,5318340,358854638,875703662,770373453,718207959,801133595
20254,전통시장,경동광성상가(경동시장),미곡판매,8008419837,188030,6630659278,1377760559,2671798418,4595995615,0,54721705,536446267,505476794,565265836,5605883430
20254,골목상권,대청초등학교,양식음식점,233742742,8962,192185132,41557610,69966034,114935788,2127271,30052121,55234013,50489537,34691342,12307539
20254,골목상권,면목2동체육관,의약품,1726580808,152494,1382420749,344160059,958212113,768368695,2795243,57343224,137717998,194365647,467231316,867127380
20254,골목상권,면목2동체육관,섬유제품,4482833,278,4482833,0,1512956,2857806,0,0,1512956,0,1344850,1512956
20254,발달상권,종각역,반찬가게,372137900,65354,352638751,19499149,154610157,176118773,1862879,61077611,127438849,93296633,19075421,27977538
20254,골목상권,천호공원(해공체육문화센터),일반의원,1348036683,42757,1277032442,71004241,639897506,708139177,1078195,26441384,119780659,169582974,277150077,754003394
20254,골목상권,구로초등학교,미용실,79843341,2843,53674381,26168960,38497864,41345476,328730,3351278,5758467,19980709,21152478,29271679
20254,전통시장,방학동도깨비시장,한식음식점,865109865,43742,617008565,248101300,447027225,398197228,2041184,24255907,74905447,116630887,213027259,414363770
20254,골목상권,상봉역 7번,당구장,51248479,1317,26249504,24998975,45220385,6028094,0,271013,0,542025,35038055,15397386
20254,골목상권,송정역 3번,분식전문점,319656171,25419,235810537,83845634,138666561,148116468,6349380,49343514,78694202,55502947,51319760,45573225
20254,골목상권,상봉역 7번,미용실,36404533,952,25244256,11160277,12871523,23533010,426381,607353,5440743,6235838,8344960,15349258
20254,골목상권,관악우성아파트,커피-음료,71061696,17060,45181728,25879968,34411091,36650605,475311,10333828,17192013,18197282,14734036,10129226
20254,골목상권,방이역 1번,일반교습학원,7056017148,23157,5982718222,1073298926,2565183864,4490833284,10723936,4560436,174386008,5247849259,1529685143,88812366
20254,발달상권,암사역,한식음식점,7511062230,153618,5107060905,2404001325,4148572870,2509017978,17620129,362042283,1151225291,1377128846,1695746417,2053827883
20254,전통시장,동성타워프라자,네일숍,18118525,244,15348108,2770417,3989400,14129125,0,886533,1773067,5430016,4543484,5485425
20254,발달상권,강서구청,PC방,86817694,15304,55259944,31557750,58814448,24346510,679585,38773776,30399731,9144002,2562835,1601028
20254,발달상권,길동역,안경,91999351,854,67698966,24300385,51707496,40291855,0,4263581,12842525,21188745,25542641,28161859
20254,전통시장,행당시장상점가,스포츠클럽,230330702,835,184839063,45491639,133839033,96491669,1716419,50719324,69946608,36394533,30143476,41410342
20254,발달상권,신도림역,일식음식점,879116273,43786,613333451,265782822,475545751,309741779,3363391,116766377,251591072,181728218,107888781,123949688
20254,발달상권,선정릉역,호프-간이주점,914869290,18581,731497450,183371840,399137013,238013341,3701417,93254927,229793027,128402342,123278788,58719851
20254,골목상권,면동초등학교,호프-간이주점,415801929,10167,287204513,128597416,265527559,128027603,1697133,61364792,109393086,72018536,79681482,69400129
20254,골목상권,관악구신사동주민센터,제과점,562028634,47365,394231072,167797562,222693475,311505326,2134686,54370901,106901271,97312363,130244605,143234973
20254,전통시장,면목골목시장(면목시장),일반의류,382936506,14044,275712958,107223548,124188055,258748451,392860,8708092,11358460,45104823,83834993,233537278
20254,골목상권,금산초등학교(금천고등학교),청과상,48000000,1814,38245868,9754132,18523649,26078480,0,375483,2442257,4401114,7734662,29648612
20254,발달상권,잠실역,일식음식점,2242462140,51463,1626318031,616144109,1040836227,1053877659,29533807,564611943,737826814,385050427,256527715,121163180
20254,발달상권,공릉역,일반의원,562076854,16469,467939359,94137495,240822878,320921685,1136509,26252802,68275408,144513697,153038953,168527194
20254,골목상권,사가정역 1번,피부관리실,2069307,41,1701084,368223,0,2069307,0,964639,1104668,0,0,0
20254,발달상권,서울시청,일식음식점,1866732717,22917,1672298364,194434353,557276287,309174750,2192716,60647582,152662327,176896588,184848705,289203121
20254,발달상권,"신촌역(신촌역, 신촌로터리)",네일숍,26561283,612,18097867,8463416,2496504,24064779,0,4792480,3445817,7261701,8013150,3048135
20254,골목상권,사가정역 1번,일반의류,64441200,537,47826728,16614472,14919439,49521761,0,5247508,8142677,1609919,24596304,24844792
20254,발달상권,"이화여대(이대역, 이대)",일반교습학원,89679364,200,86091635,3587729,47069390,42609974,0,6442274,0,26226609,56983673,26808
20254,골목상권,두산초등학교,세탁소,92323729,16788,49279281,43044448,51163676,41160053,102037,41359674,29242877,11214680,6644701,3759760
20254,발달상권,잠실새내역(신천),섬유제품,11333333,21,11333333,0,0,11333333,0,0,0,11333333,0,0
20254,골목상권,망리단길,일반교습학원,93512766,2068,63598550,29914216,55527382,33180426,0,8924432,14178592,9966980,54215869,1421935
20254,골목상권,사가정역 1번,일식음식점,79658859,1325,58961728,20697131,44922149,31172563,168097,11975819,23072051,21358386,11069696,8450661
20254,골목상권,사가정역 1번,시계및귀금속,73198237,890,72160343,1037894,62907172,10291065,1176733,0,152047,58314548,12458269,1096640
20254,발달상권,가로수길,스포츠클럽,76146560,114,68228568,7917992,58883819,8483562,0,2262283,8200777,7756441,46885596,2262283
20254,골목상권,언남고등학교,일반교습학원,56072011,165,48165265,7906746,10432512,45639499,0,0,7906746,31473245,8346010,8346010
20254,골목상권,사가정역 1번,미용실,154570089,3830,101931310,52638779,48423406,105769817,0,8755462,14330796,26026394,47076878,58003693
20254,전통시장,우리시장,반찬가게,805843644,48835,677883798,127959846,187033438,618810206,6574940,51679029,33339616,17962927,153148208,543138924
20254,발달상권,르네상스호텔사거리,분식전문점,42601200,2972,40830398,1770802,22490182,7708783,0,2829974,7344030,7493638,10442768,2088553
20254,전통시장,화곡중앙시장,분식전문점,121689422,10494,89899244,31790178,50503630,50191715,190861,8825933,24804970,23554416,21929975,21389189
20254,발달상권,충무로역,편의점,2614154212,428926,2122418686,491735526,1665848883,788465386,33776425,443320815,572039293,514987772,537502403,352687558
20254,골목상권,화곡역 5번,자동차수리,246377089,1809,206710302,39666787,169773089,45140212,0,5394126,38220915,29223356,63134188,78940719
20254,전통시장,사가정시장,안경,250882414,5108,168196893,82685521,59656166,191226248,9682811,87108387,64005455,32879633,38894895,18311233
20254,골목상권,면목역 3번,호프-간이주점,101019060,1700,50187351,50831709,89934743,11084317,0,2189210,1760557,1711764,11672164,83685365
20254,발달상권,경찰병원역,커피-음료,497399001,101798,408846020,88552981,255722613,187752322,876877,55210477,142099004,111858524,79644651,53785407
20254,발달상권,도성초등학교,미용실,406018467,6662,265421426,140597041,177967871,224274518,2144705,26193738,48390890,91491829,131275596,102745630
20254,골목상권,면목역 3번,일반의원,1401082872,82135,1148755126,252327746,369590635,1031492237,4010710,47648049,128475864,231637947,442172192,547138110
20254,발달상권,학동역,핸드폰,738971,148,738971,0,0,738971,0,0,0,0,738971,0
20254,골목상권,신월7동주민센터,의약품,1673390613,148059,1358553503,314837110,649551877,1023838736,3718790,67008535,217771009,356642693,352126233,676123353
20254,전통시장,제일시장,중식음식점,206607281,10551,135124494,71482787,129592608,77014673,777735,24512160,45415716,42867893,47015146,46018631
20254,골목상권,석촌고분역 3번,화장품,52589243,1050,47507016,5082227,10325767,42263476,0,0,0,2179194,7711862,42698187
20254,발달상권,보라매공원,가방,21054036,1314,16869152,4184884,11862685,9191351,0,460179,4835499,2551138,6686472,6520748
20254,골목상권,사가정역 4번,한식음식점,290619046,6033,184226128,106392918,178727759,84270272,106071,18587166,38691920,63360558,57426527,84825788
20254,전통시장,묵1동도깨비시장,분식전문점,223535920,15803,146223419,77312501,72940893,90669618,199717,6540162,34646516,47201390,45115297,29907429
20254,발달상권,논현역,미용실,736732924,11533,483490668,253242256,431135578,296917986,5669425,148870261,218287390,180057387,111850537,63318565
20254,골목상권,사가정역 4번,슈퍼마켓,235699149,22105,174600972,61098177,131173750,90936145,700976,7383848,29705742,41778434,55598130,86942765
20254,전통시장,개봉중앙시장,노래방,98669430,6904,60832183,37837247,59330672,39338758,1104323,5564939,8881661,12741955,30174413,40202139
20254,발달상권,개롱역,네일숍,29738316,342,23151123,6587193,9615054,20123262,0,5026740,2938839,7851754,5404878,8516105
20254,발달상권,청량리역(청량리),미용실,370508739,9502,246416618,124092121,124932708,245576031,806033,22693468,71262088,80014768,90310669,105421713
20254,골목상권,금산초등학교(금천고등학교),노래방,116698841,825,82704186,33994655,93737876,10511589,0,1054044,3407716,10096409,35465019,54226278
20254,발달상권,개나리아파트,슈퍼마켓,144025986,17803,106634745,37391241,98082477,36112654,2743791,18095372,37340082,28066711,24673787,23275388
20254,골목상권,둔촌2동주민센터,일반의류,8037407,15,8037407,0,0,8037407,0,0,0,0,6824214,1213193
20254,전통시장,"이화여대 3,5,7길 상점가",화초,260025285,4763,232892044,27133241,26864125,133054462,4389594,53369083,18846410,47563312,31554390,4195798
20254,발달상권,합정역,일반의원,5058549476,92145,4070590210,987959266,2158585131,2818095197,8177582,752180624,1343292319,1134052454,1054795900,684181448
20254,발달상권,마포역,예술학원,161735216,205,133497033,28238183,55248618,106486598,0,0,2864743,134438306,24432167,0
20254,골목상권,강남구청역 2번,미용실,21620943,411,16586441,5034502,9769926,11851017,0,0,473542,3389566,6592206,11165629
20254,골목상권,은천초등학교(은천교앞),일반교습학원,58631076,177,53403353,5227723,41541000,17090076,0,0,0,18671418,38862472,1097186
20254,전통시장,경창시장,반찬가게,14762069,1237,12385332,2376737,3667383,11094686,0,545481,1310128,5600916,5951583,1353961
20254,골목상권,영신초등학교,치과의원,147814902,1062,114422562,33392340,110480661,37334241,0,4822937,31909903,2016330,42246227,66819505
20254,골목상권,상봉역 3번,치킨전문점,55762476,1637,37455798,18306678,33281399,22481077,0,4994300,17053317,9888145,11655919,12170795
20254,발달상권,학동사거리,분식전문점,261254643,17420,216331114,44923529,82986855,94817282,197238,31924344,62257057,39036024,28672571,15716906
20254,발달상권,삼성역,한의원,125078671,4535,88430752,36647919,46889185,78189486,0,6162278,25339297,50538675,24074185,18964236
20254,발달상권,청량리역(청량리),일반의류,5080566666,38472,3297765441,1782801225,1584396310,3496170356,2536419,192036386,585756684,545788242,1303160391,2451288544
20254,전통시장,아현시장,호프-간이주점,15582718,317,10848876,4733842,10745573,3448242,0,154323,2214176,1354180,4123139,6347997
20254,골목상권,상봉역 3번,편의점,1350239922,175532,917073002,433166920,886886709,463353213,11842690,287423644,505780821,244547008,180267990,120377769
20254,골목상권,신대방삼거리역 3번,커피-음료,76598801,11753,49753628,26845173,27037291,47898341,676260,17309712,23659808,14270267,10347274,8672312
20254,골목상권,상봉역 3번,당구장,12036812,847,6602717,5434095,11872165,164647,100089,341642,1986582,1635050,2678359,5295090
20254,골목상권,이대역 5번,슈퍼마켓,354001733,35380,266624409,87377324,154837540,178929604,2129637,61823885,39340766,40297130,77071738,113103987
20254,발달상권,신도림역,가전제품,150476464,1453,114993469,35482995,66336704,77614434,0,492477,11326980,2093029,30902956,99135697
20254,골목상권,상봉역 3번,커피-음료,70333107,4319,45113499,25219608,58003281,11356188,80720,4477633,7986023,3789208,16647639,36378247
20254,골목상권,신구중학교,미용실,61687759,277,51155817,10531942,26306219,35381540,0,1801104,7307854,2967570,25367424,24243807
20254,골목상권,숭실대입구역 1번,제과점,516113567,50917,369451958,146661609,217058205,299055362,8521403,66429653,80875202,118932499,128961525,112393285
20254,전통시장,불광먹자골목 골목형상점가,일반의류,236175627,1558,160574082,75601545,18724607,217451020,0,1586523,0,1477187,60749832,172362085
20254,골목상권,사당역 10번,분식전문점,28107301,1993,25931643,2175658,15505393,11607733,39305,1443582,3874454,7810978,3938998,10005807
20254,골목상권,대림성모병원,노래방,37991168,253,19798071,18193097,12590851,13800445,0,0,887463,646253,14537432,10320148
20254,발달상권,신용산역(용산역),안경,100061644,819,92589100,7472544,32012703,65161559,163765,15620258,18664201,31491507,22588083,8646447
20254,골목상권,가양역 10번,분식전문점,212250854,18564,153905320,58345534,91559991,110436120,1630065,19133476,48237913,44214585,44894874,43885197
20254,전통시장,방이시장,미용실,170677023,5019,106071850,64605173,80486921,90190102,2465983,17315045,43861847,41853303,44113328,21067517
20254,전통시장,"황학시장(서울중앙시장, 신중앙시장)",미용실,22942189,724,16280754,6661435,7999888,13689570,0,1006713,5371135,4031375,3394653,7885583
20254,골목상권,남강고등학교(남강중학교),피부관리실,4400000,20,4000000,400000,4000000,400000,0,0,0,4000000,0,400000
20254,발달상권,학동사거리,골프연습장,302786258,202,249074040,53712218,155922511,146863747,0,43490347,0,140885802,111251947,7158162
20254,골목상권,천호공원(해공체육문화센터),당구장,9000000,840,6695136,2304864,7591450,1124048,0,123711,0,190916,3656314,4744557
20254,골목상권,개봉1동주민센터,육류판매,1070581569,44274,683958733,386622836,466439054,587396537,66211,19342820,57013175,103995540,274971115,598446733
20254,골목상권,면목역 2번,노래방,58032682,464,45367504,12665178,50007358,4034535,0,1052780,9408024,16227012,11268452,16085626
20254,전통시장,창동신창시장,청과상,1411723875,72501,962647395,449076480,504157473,886429591,197035,22822291,72588011,189183309,364620675,741175743
20254,골목상권,푸른들청소년도서관,일반의류,118494574,1218,86514188,31980386,66402855,50375055,0,314517,25421052,1737606,42022909,47281826
20254,골목상권,면목역 2번,분식전문점,52627825,6512,43678418,8949407,33432300,18350351,575381,4215874,7606549,7015346,12987204,19382298
20254,골목상권,면목역 2번,스포츠 강습,16170629,68,13590209,2580420,13475524,2695105,0,0,9174826,3784615,1204195,2006993
20254,골목상권,세곡초등학교,자동차수리,66452600,509,54286358,12166242,46493882,9740326,0,1509873,801035,17339505,12268103,24315695
20254,골목상권,신중초등학교,일반의류,124285407,406,75568400,48717007,42704363,81581044,0,0,0,6561705,64329338,53394364
20254,발달상권,강변역(테크노마트),가구,692871728,645,310545797,382325931,363198889,329672839,0,4298212,39543548,160108386,297221340,191700242
20254,전통시장,용산용문시장,피부관리실,3000000,83,2841760,158240,411456,2588544,0,0,34372,74849,803797,2086982
20254,골목상권,마천1치안센터,커피-음료,2679580,330,1509231,1170349,1566638,1083313,0,101851,174071,131479,522212,1720338
20254,발달상권,을지로입구역,당구장,90796238,4920,82537575,8258663,87653701,2611707,293258,1087864,7778473,19011280,30252783,31841750
20254,발달상권,연남동(홍대),화초,391861208,15218,286824943,105036265,194193583,183818507,8075955,159476649,81168251,46427518,56782526,26081191
20254,골목상권,경찰병원역 3번,세탁소,53119045,2514,39327193,13791852,30691595,22263594,0,7612499,10432934,13546823,13039680,8323253
20254,전통시장,가리봉시장,핸드폰,30529554,2713,10176518,20353036,10176518,20353036,0,0,13568690,10176519,6784345,0
20254,발달상권,서대문역,핸드폰,254333207,1872,253240576,1092631,4994883,7648416,0,780450,2029171,1092631,5463153,3277893
20254,골목상권,면목역 2번,슈퍼마켓,1415153620,143688,1001169256,413984364,834848956,580304664,6604680,139636184,205379580,282052798,394998399,386481979
20254,발달상권,신논현역 1번,화초,10954834,152,10236650,718184,3843801,2458009,0,1689249,1112680,2589508,910374,0
20254,골목상권,면목역 2번,의약품,426214778,24360,374644143,51570635,229653454,196561324,856680,9295030,33439829,37526076,101753661,243343502
20254,골목상권,대흥역 2번,화초,161826395,7242,126275623,35550772,68065962,69090829,3425651,31728547,32410707,28140136,22096453,19355298
20254,골목상권,구립대학경로당(관악산샘말공원),치킨전문점,207607594,12580,137495415,70112179,130521548,63130812,2857380,29223982,47966846,34161233,50501488,28941428
20254,발달상권,서울시청,커피-음료,1847504429,195460,1635591415,211913014,664351957,732647038,2702653,162753571,421734224,376622680,274241555,158944307
20254,골목상권,신성초등학교,호프-간이주점,145781359,4208,87691496,58089863,108589427,23250037,210526,6790718,13164200,23826497,57886335,29961186
20254,발달상권,독산동,치과의원,1610738668,11019,1329935827,280802841,942824359,667914309,2239168,101752738,205964106,287544135,534526582,478711939
20254,발달상권,신사역,중식음식점,1610271162,27923,1286218906,324052256,719473291,326536976,3200054,133041970,331715951,232673251,179407801,165971237
20254,발달상권,대학로(혜화역),치과의원,612802229,6305,574402253,38399976,220016667,387613864,448858,34496977,101585565,107775637,230614707,132708787
20254,골목상권,낙성대역 1번(관악구민 종합체육센터),편의점,504083523,80636,366316534,137766989,312814215,189916540,3174064,105094684,171861867,98031560,83679795,40888784
20254,발달상권,"신촌역(신촌역, 신촌로터리)",미용실,1017390287,16034,693251813,324138474,396776008,617322723,11805086,275442862,239725669,149568282,234054364,103502466
20254,골목상권,문성초등학교,중식음식점,511543883,13947,298648455,212895428,316986267,194323494,4656731,17906031,94365991,144297993,187033442,63049574
20254,전통시장,영등포시장기계공구상가,철물점,581553468,7745,491937420,89616048,136459430,34398425,0,5844024,35970077,14609779,59744598,54689383
20254,발달상권,서울시흥동우체국(홈플러스시흥점),일식음식점,63899616,1099,45549424,18350192,28998464,18528792,0,6501919,18088676,12002400,3994722,6939539
20254,골목상권,망리단길,커피-음료,1427640998,177170,817013710,610627288,487679365,919541601,20960411,520534697,458107924,179705431,159642082,68270423
20254,골목상권,오금역 4번,자동차미용,90662150,272,73615292,17046858,69132382,14864388,0,0,58927861,23299339,1179713,589857
20254,전통시장,영진시장A동,한식음식점,22464340,608,11297378,11166962,13772673,8090506,0,132629,238245,10001198,2334330,9156778
20254,골목상권,면목동우체국,치킨전문점,55303874,1765,36666004,18637870,36230725,19073149,428608,4307627,7711192,14734725,14353982,13767740
20254,골목상권,면목동우체국,슈퍼마켓,681154648,76930,476333094,204821554,394432420,286722228,4416644,64279546,124295097,111350136,159637498,217175727
20254,골목상권,면목동우체국,가전제품수리,5119744,40,3865290,1254454,3026372,2093372,0,0,0,0,2508910,2610834
20254,전통시장,화곡중앙시장,슈퍼마켓,126321844,16902,88655342,37666502,75676458,50645386,7706,9930906,29055185,12841713,42729878,31756456
20254,발달상권,상봉역,화장품,199806653,731,194542698,5263955,23037072,176769581,0,1986399,3972797,139320964,46507891,8018602
20254,골목상권,한울중학교,화장품,21094264,174,21094264,0,3747871,17346393,0,4372516,0,43725,6683702,9994321
20254,골목상권,경의선책거리,일식음식점,194262141,10004,123663593,70598548,71892350,103202239,10509786,69176751,39536136,22405909,27776980,5689025
20254,발달상권,강남구청역,노래방,34766322,829,28535620,6230702,19298695,9922365,940249,3156726,12235105,7737178,3572302,1579497
20254,골목상권,면목동우체국,미용실,28319256,595,22165660,6153596,5167139,23152117,0,1910454,2090999,4031379,11774682,8511742
20254,발달상권,삼성역,커피-음료,9616432745,967836,7743750952,1872681793,3340340863,3870530479,42310238,1167337081,2705360143,1791757512,961287532,542818846
20254,골목상권,경의선책거리,화장품,139167490,9984,109187445,29980045,37687337,91519254,598908,29165571,21704672,15359525,38307465,24070447
20254,전통시장,길동복조리시장,커피-음료,17817384,4749,11012418,6804966,6411669,11405715,73119,2687940,3746809,4218571,4514740,2576205
20254,골목상권,면목동우체국,일반교습학원,95969103,994,76520030,19449073,23081674,72887429,0,0,11012648,73631275,11325180,0
20254,골목상권,면목동우체국,분식전문점,31845813,4012,21293346,10552467,14308341,17537472,397081,2556294,4332683,5058688,10063616,9437451
20254,골목상권,한영중고,커피-음료,317150239,68546,225870931,91279308,130210843,184921598,7702202,34126220,60171530,94508470,80819050,37804970
20254,골목상권,성미산체육관,편의점,244874451,46502,167850323,77024128,155414280,89460171,5645716,40639398,51102970,76766984,51356856,19362527
20254,골목상권,남가좌파출소,중식음식점,275907546,3888,154049771,121857775,144874364,95739102,0,12921515,43159591,61281173,59660020,63591167
20254,발달상권,합정역,치과의원,792885144,4346,645690270,147194874,380689317,408033234,14228967,50698012,107364040,79627916,231773859,305029756
20254,전통시장,새마을시장,호프-간이주점,1786948658,26792,1230987641,555961017,1023652943,532352309,5718232,283229352,539816611,287093610,259030820,181116621
20254,전통시장,남서울상가,일반의류,6716739,239,5553530,1163209,1963695,4753044,0,0,0,225137,187614,6303988
20254,골목상권,망우역 2번,일반의류,9909458,179,5738771,4170687,677251,9232207,0,0,730064,0,0,9179394
20254,발달상권,논현역,스포츠클럽,564224679,1975,503258825,60965854,320524945,221583951,5082545,85880380,229746101,117663646,99973106,3763117
20254,골목상권,양재역 8번(양재동우체국),패스트푸드점,49405575,2605,32153573,17252002,23676538,19064004,1685265,9129144,13523200,4757992,7885771,5759171
20254,전통시장,장미제일시장(중화동제일시장),일반의류,20055027,821,16089528,3965499,1546512,18508515,0,0,755813,174419,6271446,12853349
20254,전통시장,인헌시장(원당종합시장),철물점,32648405,2022,27116902,5531503,17647172,9475867,0,411441,2312642,5443443,5028318,13927198
20254,골목상권,망우역 2번,분식전문점,56909465,3974,50928864,5980601,38535139,13391227,0,6684577,7098227,12510607,13834950,11798006
20254,발달상권,성신여대,일반교습학원,1523861061,4930,1131179502,392681559,624327534,898479135,0,4984359,18322453,897638987,560980739,40880131
20254,골목상권,망우역 2번,화장품,25023263,166,19202177,5821086,21394383,3628880,0,1058379,453591,831584,1663319,21016390
20254,골목상권,개봉역,중식음식점,40496478,1593,24088507,16407971,26524647,8782010,114117,1096511,5750480,4013925,14383643,9947983
20254,전통시장,신정2동 골목시장(오목교중앙시장),반찬가게,16189232,1197,14999378,1189854,6288201,9901031,0,43267,432674,2884497,6994901,5833893
20254,골목상권,망우역 2번,육류판매,537514608,12269,331129820,206384788,109889687,427624921,90275,14878073,25383285,28631383,78330397,390201195
20254,발달상권,등촌역,의약품,1271953857,82332,1102065842,169888015,634556667,637397190,2290191,89745765,211154110,233711919,282960536,452091336
20254,골목상권,신정2동주민센터,예술학원,446121402,2088,375072929,71048473,242823875,203297527,0,2509066,68616370,300861550,71182467,2951949
20254,전통시장,뚝도시장,의약품,1169783577,70400,1027503293,142280284,636962140,532821437,1207419,63286830,145252396,169923329,256543204,533570399
20254,골목상권,신정롯데캐슬아파트,육류판매,995340241,18845,673478493,321861748,371392649,501536872,0,8008444,76099365,191098861,246148693,351574160
20254,골목상권,영천시장입구,수산물판매,116454526,277,101299940,15154586,37790881,3196167,0,0,8186386,8622737,16616184,7561741
20254,발달상권,건대입구역(건대),문구,285034572,6997,278116721,6917851,39630357,18170820,0,6281270,18019154,9071389,14008584,10420782
20254,골목상권,도신초등학교,화초,83424736,154,83424736,0,60415194,20682734,0,0,0,60415194,0,20682734
20254,골목상권,용마문화복지센터,슈퍼마켓,334116627,21683,230520900,103595727,139959342,157596467,3112136,18599647,41063427,48709557,74375184,111695858
20254,전통시장,마장축산물시장,미용실,26685876,814,22280138,4405738,9176247,17509629,0,1031929,1774918,4199951,4953258,14725820
20254,전통시장,창동신창시장,섬유제품,25444691,704,19181760,6262931,7540993,17903698,106429,614013,654947,4484245,6925902,12659155
20254,골목상권,장지동주민센터(한림연예예술고교),제과점,254216074,22169,181291600,72924474,95380442,128258301,1235454,7203930,45026119,54512989,49671008,65989241
20254,발달상권,삼각지역,자동차수리,34909883,321,31148727,3761156,31025122,1765801,0,1500931,2030671,88290,17816931,11354100
20254,발달상권,영등포역(영등포),운동/경기용품,3456421608,17838,1824508390,1631913218,1631234531,1825187077,11679683,677509059,1061792744,796780024,622019500,286640598
20254,발달상권,압구정역,당구장,23951232,983,18563187,5388045,23030075,921157,758945,1403820,950804,3779522,4493921,12564220
20254,전통시장,뚝도시장,분식전문점,459182205,14146,363585370,95596835,196034536,234308245,5195132,161945667,124434085,47254083,62761939,28751875
20254,발달상권,개롱역,슈퍼마켓,293870910,32973,231313775,62557135,136357590,157513320,4530891,17106468,49370898,56405607,84956665,81500381
20254,발달상권,영등포역(영등포),PC방,92177850,17052,59205511,32972339,69425103,22752747,1626547,36520092,27502002,4594977,6214605,15719627
20254,발달상권,종로구청,미용실,74238365,1906,68328418,5909947,45948121,28290244,989737,6776132,31678784,19423852,9968109,5401751
20254,골목상권,강남구청역 4번,네일숍,29189728,390,23126186,6063542,6563761,17945840,885359,5099550,7289065,3149323,6784493,1301812
20254,전통시장,목동깨비시장(목3동시장),핸드폰,62807257,4200,35212856,27594401,10617846,52189411,0,4619063,1799635,0,0,56388559
20254,발달상권,구로역,핸드폰,782005136,6144,782005136,0,655696353,2545223,0,0,0,6090102,235273650,416877825
20254,발달상권,가산디지털단지,중식음식점,5259932373,215331,4936735147,323197226,2047094903,1316610713,8077101,655454106,1191595462,806374832,500102558,202101553
20254,골목상권,신내1동주민센터,슈퍼마켓,444037841,45378,317774827,126263014,270744739,170770691,3215709,29400532,60247508,99389484,137811942,111450256
20254,발달상권,서울대입구역,시계및귀금속,435661533,634,237258692,198402841,207535953,186582902,49848,6879006,88517442,78955789,126234088,93482681
20254,발달상권,도곡1동,스포츠클럽,191942827,338,142434204,49508623,77503345,31433051,0,9235212,43383557,17527471,4504151,34286005
20254,발달상권,수서역,서적,7531576,96,389047,7142529,7394352,137224,0,891959,1852529,2104352,1046336,1636401
20254,골목상권,신내1동주민센터,서적,373055284,2000,369709350,3345934,208427930,164627354,0,0,54997977,144217153,31338613,142501541
20254,골목상권,선유도역 1번,슈퍼마켓,639048213,67629,500015002,139033211,300852824,316390592,1416951,71908595,173590863,97479177,166925368,105922461
20254,발달상권,도곡1동,자동차수리,492620445,2912,443633726,48986719,292341536,96665350,0,2794064,27036817,107672698,121751107,129752198
20254,골목상권,신내1동주민센터,패스트푸드점,31389699,3347,19987618,11402081,12926889,15478950,193615,3563972,5616289,9360724,6740716,2930523
20254,전통시장,경동광성상가(경동시장),청과상,88188355693,2042621,62459416843,25728938850,29709834286,47374577154,0,379609133,2851310571,5846309949,13073221603,54933960183
20254,골목상권,신내1동주민센터,당구장,54461316,2952,31364771,23096545,48739072,4896499,720892,3717856,3178277,7345200,16706533,21966813
20254,발달상권,상봉역,의약품,698414749,58881,603013107,95401642,351033598,337944879,318034,43405623,132763234,145955481,109440399,257095707
20254,골목상권,신성초등학교,한식음식점,2329970245,56970,1514117260,815852985,1304011507,741075951,5796159,163771813,329313832,335278466,552652012,658275173
20254,골목상권,상일여고(상일초등학교),한식음식점,5025265038,98679,3528200704,1497064334,2934334772,1522452116,5651797,177626938,705190319,1380293393,1140184565,1047839878
20254,발달상권,신용산역(용산역),패스트푸드점,380215065,21692,270484355,109730710,226375449,101821140,4331776,82396529,126287809,61913833,35298186,17968455
20254,발달상권,장승배기역,화장품,10665407,249,8001470,2663937,2420883,8244524,0,0,241444,0,3615631,6808332
20254,골목상권,신내1동주민센터,노래방,98029561,1521,61996384,36033177,69010437,24417622,0,5916897,14382668,18922523,23096210,31109760
20254,전통시장,도화동 상점가,한의원,452597136,9506,394035850,58561286,158349776,290361992,139376,12796224,110705620,78956155,97592901,148521493
20254,골목상권,영등포역 2번,제과점,238556982,28940,164902339,73654643,115208647,108636933,325199,15873203,53768773,52615465,57954194,43308746
20254,골목상권,금천구청역 1번 출입구,노래방,39431692,550,29177982,10253710,30210579,8737374,0,290244,13406317,3410210,13591905,8249275
20254,발달상권,석촌고분역,패스트푸드점,43918271,1433,27274832,16643439,23005339,14824264,51379,1984695,4475588,8091227,13704577,9522137
20254,발달상권,강서구청,의료기기,124212811,212,120197155,4015656,123758551,454260,0,0,0,5796354,0,118416457
20254,골목상권,남부초등학교,커피-음료,13761413,1280,8084832,5676581,4168054,9294638,84150,6504083,3581203,892078,1838463,562715
20254,전통시장,자양골목전통시장(자양골목시장),반찬가게,479336676,40909,323806530,155530146,213738690,260024940,582391,9278067,42497927,68677353,165298074,187429816
20254,전통시장,둔촌역전통시장,일반의류,310813331,12085,221327741,89485590,128052891,182760440,121390,2997273,25160036,17384489,71095290,194054853
20254,골목상권,중앙대학교,패스트푸드점,247755608,20973,191772246,55983362,110566812,105263389,6349640,83107652,26152959,30301962,59092793,10825198
20254,골목상권,벌말어린이공원,일반교습학원,26987607,81,20648236,6339371,15033365,11954242,0,0,1448999,10142993,15395615,0
20254,골목상권,신내1동주민센터,분식전문점,170981448,15675,118488611,52492837,66568343,89969396,1074731,8320174,25820405,37434593,44315006,39572831
20254,골목상권,삼전역 4번,의약품,487108433,29286,428354222,58754211,272735402,211462274,847735,20865783,34557262,76962171,114805477,236159249
20254,골목상권,우리은행응암동지점,제과점,605681989,40621,482267313,123414676,166562065,229461985,1659480,24478942,74550003,102854921,100227921,92252783
20254,골목상권,대림성모병원,패스트푸드점,10142221,324,7661338,2480883,6151665,2718731,0,1017460,221330,2897116,1439639,3294851
20254,발달상권,독산동,PC방,180199893,99454,122613035,57586858,81547216,98652677,3041798,50006728,93171778,27134800,5215708,1629081
20254,골목상권,마천역(마천초등학교),양식음식점,6199898,370,6199898,0,2853868,3346030,0,1211817,1504627,996239,1204256,1282959
20254,골목상권,장스여성병원,미용실,127121402,3126,90433112,36688290,32727685,94393717,0,12915565,36399157,18403991,29501169,29901520
20254,발달상권,남부터미널역,골프연습장,76409301,161,67286494,9122807,54918073,21491228,0,0,10933534,35620130,22838093,7017544
20254,골목상권,장스여성병원,피부관리실,2854738,35,2076174,778564,2854738,0,0,0,778564,2076174,0,0
20254,골목상권,지향초등학교,일반교습학원,1048050450,3860,826463270,221587180,439723426,608327024,0,0,68562621,743755434,228308755,7423640
20254,골목상권,강동구립성내도서관,슈퍼마켓,41145885,2846,30812803,10333082,28633674,12512211,0,365308,4346159,8446395,15314247,12673776
20254,발달상권,독산동,골프연습장,295512821,11064,197627020,97885801,204076519,70078811,0,3565252,36474711,67298721,106421505,60395140
20254,전통시장,돈암시장(돈암제일시장),스포츠클럽,12422223,130,11555556,866667,10400001,2022222,0,2888889,4911111,2600001,0,2022222
20254,발달상권,홍제역,육류판매,473071104,13494,326281386,146789718,205246337,251305287,1372727,21905253,53669501,63597933,125330475,190675734
20254,골목상권,화곡2동주민센터,핸드폰,18020462,1103,18020462,0,3672916,14347546,0,0,12809557,0,1302726,3908179
20254,골목상권,서일대학교,세탁소,136293166,5531,86361130,49932036,32382893,103910273,0,9646460,11132866,26841839,25286244,63385757
20254,발달상권,동대문역사문화공원역,커피-음료,2349284761,320789,1711579588,637705173,923733581,1170758978,27995463,472374587,654081906,404423873,326717203,208899528
20254,골목상권,서일대학교,핸드폰,63696695,6737,63696695,0,48384990,15311705,0,7349618,0,0,14699237,41647840
20254,발달상권,불광역,슈퍼마켓,652028492,78225,470011034,182017458,430781691,221246801,7408536,166922495,135347878,89147244,156944926,96257413
20254,발달상권,"이화여대(이대역, 이대)",청과상,99000000,10074,87174145,11825855,26673724,70490160,1596577,17897643,12682290,9249119,19038737,36699518
20254,골목상권,서일대학교,컴퓨터및주변장치판매,37438016,397,37438016,0,33966942,1487603,0,1735537,247934,1487603,31239669,743802
20254,골목상권,굽은다리역 1번(십자성마을),철물점,121527038,4271,112514559,9012479,39604992,50070560,0,1331073,8180558,4159606,8224927,67779386
20254,골목상권,남천초등학교,예술학원,27803279,170,27803279,0,17573770,10229509,0,0,0,27803279,0,0
20254,전통시장,화곡본동시장,수산물판매,538973885,28116,371642862,167331023,201718559,337255326,568235,8829984,51011518,85549600,103468653,289545895
20254,골목상권,서일대학교,시계및귀금속,26744830,67,21652123,5092707,5796484,20948346,0,0,5796484,0,5152377,15795969
20254,골목상권,서일대학교,치과의원,122108308,2449,102992657,19115651,58340809,63767499,143794,1260703,3053531,29217725,11834941,76597614
20254,골목상권,내방역 1번,커피-음료,78854429,7620,55638213,23216216,23386544,46679595,548059,9610378,24648155,12258794,12747211,10253542
20254,전통시장,중랑동부시장(중랑교종합상가),호프-간이주점,15387748,355,8660895,6726853,13538286,1849462,0,668174,6340611,2748820,3713019,1917124
20254,골목상권,가양역 10번,반찬가게,122236112,122,122236112,0,122236112,0,0,0,0,0,0,122236112
20254,전통시장,창동역상점가,의료기기,157856016,979,151201206,6654810,18985782,138870234,0,0,0,0,128888018,28967998
20254,발달상권,선릉역,스포츠 강습,2537189496,62050,1871638475,665551021,1106748185,1128277871,21666120,318753307,591582750,476680248,500223565,326120061
20254,발달상권,을지로입구역,화초,6759785,99,6759785,0,1994691,1551426,0,221632,554081,2770403,0,0
20254,골목상권,둔촌동역 1번(한산중학교),편의점,860335727,130891,607112759,253222968,599261368,261074359,8580308,95321735,200884657,262674264,162423519,130451244
20254,발달상권,"이화여대(이대역, 이대)",제과점,303586948,43227,234494520,69092428,64532775,222912506,8959478,104157935,50104561,42398814,50454869,31369623
20254,전통시장,월정로시장,슈퍼마켓,1055122344,79026,719229821,335892523,585923110,469199234,784453,14325822,96476959,195654443,238493281,509387386
20254,전통시장,도화동 상점가,슈퍼마켓,521154281,60760,370144331,151009950,358961697,141627393,1479252,48081245,116539819,85845591,148221200,100421981
20254,골목상권,문정역 2번,중식음식점,96284108,4716,84498270,11785838,58478702,21078015,439343,3787680,15842182,18581847,20880813,20024855
20254,발달상권,회기역,커피-음료,438265876,95267,282629826,155636050,197776268,240489608,12027690,141928663,111247683,56572578,77920676,38568586
20254,전통시장,석촌시장,양식음식점,26575589,339,19654907,6920682,15959077,9549186,0,2675941,4564092,5684786,1471386,11112057
20254,골목상권,방화역 2번,한식음식점,2112447513,76531,1422532204,689915309,1350723053,570369879,3738025,71951446,211841233,268605142,547837715,817119370
20254,골목상권,하나은행 망우동지점,노래방,85439565,975,51689189,33750376,78054527,7385038,0,303965,3220273,18310792,25443892,38160643
20254,골목상권,신월3동주민센터,한식음식점,603108371,19076,421867880,181240491,391330088,178743827,127577,40000242,62089467,95215772,157902248,214738610
20254,골목상권,하나은행 망우동지점,호프-간이주점,217865093,3336,135095222,82769871,162984000,42338465,0,13310368,22669086,19574807,54739277,95028926
20254,골목상권,암사역 1번,일반의류,90774854,4019,62310861,28463993,23953421,63769135,0,9314339,3176814,9705669,27435470,38090265
20254,발달상권,"강남구청(청담역_8번, 강남세무서)",가구,4070139216,909,2811846371,1258292845,1313094009,2757045207,0,1011285572,363382430,465804982,1873242189,356424043
20254,골목상권,러스크서울병원,화장품,114405063,95,114405063,0,0,114405063,0,0,0,0,99025140,15379923
20254,골목상권,러스크서울병원,편의점,625411834,82889,461427262,163984572,427409642,198002192,1195320,94118774,143746795,161810470,123538356,101002119
20254,발달상권,금호역,당구장,7105398,393,4896403,2208995,6629855,475543,0,69150,312686,769337,1494378,4459847
20254,골목상권,"신림역 5번(신림동주민센터, 신림동별빛거리)",당구장,6206366,366,4132625,2073741,6158090,48276,0,404244,881167,1828648,2390981,701326
20254,발달상권,성수대교남단,커피-음료,223013731,35659,204018230,18995501,65141673,105783772,1074624,26639708,58491730,43603865,26227511,14888002
20254,골목상권,강서구청가양동별관,일반교습학원,92732674,214,89114480,3618194,53869978,38862696,6167376,0,0,43969284,42596014,0
20254,발달상권,연희동,제과점,290389616,19134,175822999,114566617,69188308,212605478,1741837,103232774,84803932,34381918,31157288,26476038
20254,전통시장,쌍문시장(쌍문역골목시장),한의원,815084210,42990,632884728,182199482,339164097,475920113,365486,18793678,96067952,145861355,288756396,265239343
20254,골목상권,러스크서울병원,커피-음료,75345281,7522,46560699,28784582,45074637,30270644,90280,6158434,12640245,15031222,13044949,28380151
20254,발달상권,등나무근린공원,한식음식점,2529871870,104813,1697189892,832681978,1411999228,974102204,10695106,175148755,332439514,546702684,689264208,631851165
20254,골목상권,러스크서울병원,슈퍼마켓,401788943,44517,279068803,122720140,221315173,180473770,502088,28125603,75325674,83479833,123356244,90999501
20254,발달상권,서초3동사거리,호프-간이주점,559878751,13375,412236667,147642084,277960972,173207445,2306437,85212376,109269001,89024441,93229012,72127149
20254,골목상권,개봉초등학교,미용실,13979003,410,9516569,4462434,3459006,10519997,0,840011,525946,6551174,2008936,4052936
20254,골목상권,천호공원(해공체육문화센터),미용실,32714996,975,21036376,11678620,15102888,17612108,0,966311,5423136,12188649,5895779,8241121
20254,골목상권,영등포역 2번,커피-음료,205659715,47094,125823092,79836623,112628301,90138771,3135485,25357803,57261014,39164441,38767574,39080755
20254,전통시장,강남개포시장,노래방,72373604,3501,55802880,16570724,56989177,11795889,2000951,4700655,12399120,15268631,26692854,7722855
20254,발달상권,디지털단지오거리,한식음식점,219661414,6497,146714134,72947280,148812022,65016271,862292,7097537,18383794,41078190,61863673,84542807
20254,골목상권,망우본동주민센터,분식전문점,231180264,19710,156159974,75020290,111181979,91830376,2811185,13412759,53715719,68825311,40324318,23923062
20254,골목상권,이대역 5번,일반의원,290637123,26678,255580114,35057009,91819428,198817695,5161724,87432251,25878199,26264425,62276839,83623685
20254,발달상권,교대입구교차로,한식음식점,7794446381,166217,6629870112,1164576269,3318390644,1280716465,12588129,400156960,1047695201,1034105533,1107445442,997115842
20254,발달상권,까치산역,제과점,376378253,35786,260198531,116179722,147522635,228855618,1794016,41673283,77826016,85484644,80268682,89331612
20254,발달상권,강남역,중식음식점,5150290928,130813,3938596232,1211694696,2226388793,1789519929,57279221,1132981374,1389544847,647030388,528823943,260248949
20254,발달상권,삼청동,패스트푸드점,129449588,3319,70145502,59304086,45352217,81548279,698513,39979636,38689211,29669667,12630748,5232721
20254,골목상권,방화역 3번,일반의원,1011540172,21528,869530556,142009616,603095849,408444323,2328230,13895825,99990000,179975051,185599200,529751866
20254,골목상권,사당역 4번,노래방,36882995,3630,19795400,17087595,24180526,12702469,156460,5302456,5300474,961107,10754457,14408041
20254,발달상권,서촌(경복궁역),반찬가게,104675559,1616,104675559,0,63063893,41611666,63063893,31511747,0,0,10099919,0
20254,골목상권,망우본동주민센터,일반의류,10676888,254,9890833,786055,3325491,7351397,0,0,3624192,86004,235816,6730876
20254,발달상권,고덕역,일반의원,18403623711,201776,15226421266,3177202445,6257159441,12146464270,37684507,1482316849,3490659916,7002109407,4178200320,2212652712
20254,골목상권,망우본동주민센터,미용실,72404459,2318,59158435,13246024,22481723,49922736,0,945631,2082873,11848933,22171315,35355707
20254,골목상권,망우본동주민센터,제과점,264820279,22275,175249677,89570602,106072609,136666017,472122,21278326,39851011,46901679,67375476,66860013
20254,전통시장,왕십리도선동상점가,피부관리실,108892528,755,89502599,19389929,50029944,56859371,0,15016963,37749260,37016016,16008264,1098810
20254,발달상권,뱅뱅사거리,스포츠클럽,2225516855,8531,2030811990,194704865,833095988,1258770584,9543005,485046257,529128881,412048525,206901857,449198046
20254,골목상권,북가좌초등학교,미용실,27443841,642,17930688,9513153,6359917,21083924,614613,0,2405010,5344468,5344468,13735282
20254,발달상권,경찰병원역,편의점,1418820935,210496,1068673452,350147483,973097122,441768977,6529274,167432167,413857243,387140234,288742781,151164398
20254,발달상권,둔촌역,일반교습학원,4953208194,17069,3905276788,1047931406,2075655142,2876805097,11244602,778757,116143661,3322499534,1466858322,34935364
20254,발달상권,성수역,스포츠클럽,112247021,189,111047130,1199891,37004430,45953884,0,25405484,20823107,0,36729723,0
20254,골목상권,길상사,일반의류,694504972,3884,615488310,79016662,262910623,431594349,0,118896192,466031724,62823222,32557792,14196042
20254,전통시장,면목골목시장(면목시장),치과의원,1448861371,7705,1282014789,166846582,619658455,829202916,0,3184357,107790331,99674543,480641873,757570267
20254,발달상권,오금역,세탁소,93225419,9545,65012839,28212580,43727248,49498171,225681,10773374,23037820,14861610,26784405,17542529
20254,전통시장,남문시장,수산물판매,292201127,15264,198861946,93339181,101767494,189420737,0,1769885,20270270,37376295,85560731,146211049
20254,발달상권,몽촌토성역,패스트푸드점,162198598,14065,113491657,48706941,72063953,59847626,2813367,30544405,42953362,27409369,18425340,9765734
20254,골목상권,강서구다솔마을,미곡판매,288854136,1369,288854136,0,123390455,41343103,0,0,0,20990979,117458222,26284357
20254,전통시장,방이시장,양식음식점,248393841,6262,143205788,105188053,126049949,92665704,1993794,28447708,70791689,65768011,33829813,17884638
20254,골목상권,국민대학교앞,당구장,85413788,14025,59776862,25636926,82784613,2629175,2336167,3936849,1201829,13078714,36174368,28685861
20254,발달상권,가락시장,육류판매,85924313197,738644,63992711449,21931601748,38055425361,33282731409,13560548,2169980794,9389682707,15648047540,15028159223,29088725959
20254,골목상권,성북초등학교앞,제과점,61064681,4431,36935876,24128805,18147152,39977545,87910,2469968,5193590,11261523,17265255,21846453
20254,발달상권,신림역(신림),일반의류,4642385115,52224,3067311682,1575073433,1562724221,3053805506,24874657,649079118,917581099,886592347,938027379,1200375127
20254,골목상권,성북초등학교앞,양식음식점,297032853,11692,201753537,95279316,182584006,90924936,1145215,11417964,29527743,52008995,95715182,83693844
20254,골목상권,금천구청역 1번 출입구,조명용품,7092001,858,5149605,1942396,3794446,2665148,0,0,361376,1264816,1626192,3207210
20254,골목상권,정릉북한산국립공원입구,일반교습학원,13383839,50,10353535,3030304,10353536,505051,0,0,0,1767677,6060607,3030304
20254,발달상권,구로디지털단지,의약품,2039402424,180283,1959484463,79917961,898947366,1080385715,527425,421290053,651901873,408529429,345333749,151750550
20254,골목상권,홍대부중,한식음식점,234421615,6290,171528569,62893046,101608181,113799534,284868,31987027,37906966,59088470,53991688,32148696
20254,발달상권,가락시장역,한의원,661240866,18633,515653697,145587169,245952619,415288247,0,25400948,17136570,73332533,165824467,379546348
20254,골목상권,숭실대입구역 4번,노래방,32306185,6169,22194480,10111705,20551610,11754575,2270995,12296002,6336483,3674571,5952295,1775839
20254,발달상권,청담사거리(청담동명품거리),편의점,2403952506,306157,1804871268,599081238,1302142076,782503500,10054091,321476848,539741056,482585206,467542278,263246096
20254,발달상권,도산공원교차로,슈퍼마켓,247221737,31575,211877011,35344726,125240828,75373085,588581,23966303,85690820,36669875,31285155,22413179
20254,골목상권,신월1파출소,스포츠 강습,43699659,195,37692833,6006826,19822526,23877133,0,0,4204778,39494881,0,0
20254,골목상권,한성대입구역 5번,편의점,267189255,43083,195515037,71674218,149437998,113521424,2609267,47913394,72205867,58360141,47636786,34233969
20254,발달상권,서울시흥동우체국(홈플러스시흥점),일반교습학원,835550903,2598,619282820,216268083,375232702,460318201,2188754,8373213,20657113,471262831,295777403,37291589
20254,골목상권,이수역 5번,조명용품,1092570911,20807,872127028,220443883,346632831,107534624,0,830610,2547204,74976391,220571410,155241840
20254,골목상권,한성대입구역 5번,분식전문점,173876296,12995,120710752,53165544,57603508,94705453,1183515,15781356,28821667,29597402,41171954,35753067
20254,골목상권,한성대입구역 5번,한식음식점,364615298,10738,251524075,113091223,175142905,128614662,1347054,44512767,67146341,70108116,59608496,61034793
20254,골목상권,G타워,분식전문점,88795703,7502,84201970,4593733,45702800,33408766,62057,20555943,29977099,14301447,9258433,4956585
20254,골목상권,한성대입구역 5번,예술학원,44644720,138,37495729,7148991,13349647,31295073,0,6638349,8826816,16559397,1313080,11307078
20254,골목상권,한성대입구역 5번,일반의원,589137650,5417,518430879,70706771,215939269,373198381,452264,7293455,39717776,81888575,157879325,301906255
20254,골목상권,한성대입구역 5번,호프-간이주점,54510840,1080,39197774,15313066,23778306,25406333,351730,5326318,15188930,14418719,11450473,2448470
20254,발달상권,등나무근린공원,커피-음료,1112509454,212243,710556892,401952562,465639284,619061082,15699037,117503084,222472746,277704767,261872571,189448159
20254,골목상권,거여초등학교,미용실,17280452,527,13117092,4163360,7433855,9846597,100322,551771,3044770,2060111,5929027,5594451
20254,발달상권,미아사거리역,일식음식점,143403754,1627,99389375,44014379,91699991,34732062,123901,13402825,28833848,27077692,29528231,27465555
20254,발달상권,목동신시가지,한식음식점,3958037056,146371,2796617116,1161419940,1796586634,1402804326,71175631,160898926,465715437,878038043,835393928,788168996
20254,골목상권,달마을공원,예술학원,21698182,117,21698182,0,7327273,14370909,0,0,6689091,7918181,7090910,0
20254,골목상권,동구여중,세탁소,1962061,49,1962061,0,1594564,367497,0,249151,747452,118347,342581,504530
20254,골목상권,명지대학교교회,노래방,40145881,5436,26876260,13269621,29583025,10562856,1801305,10122333,4143037,1120430,19040508,3918268
20254,발달상권,대림3동사거리,의료기기,7795754334,6849,7739704210,56050124,7421964497,373789837,0,0,205000000,2213879167,4204546269,1172328898
20254,전통시장,성대전통시장(성대시장),당구장,11358458,519,5632663,5725795,10729793,628665,277773,28594,344766,1748743,5874894,3083688
20254,발달상권,석촌고분역,편의점,1180455016,113986,825928469,354526547,530628045,641740560,12077960,217346652,405207739,249742959,176931694,111061602
20254,전통시장,신아타운,일반교습학원,2971523303,8188,2520527572,450995731,1193090389,1778432914,8619153,0,78962950,2265525475,618415725,0
20254,골목상권,북한산보국문역 2번,한식음식점,201880656,6482,144434305,57446351,100114660,65002595,150206,7025268,15004014,21136318,50746453,71054996
20254,전통시장,송화벽화시장(송화골목시장),안경,436582408,4299,286413143,150169265,238899157,197683251,757088,33844026,52819705,108473053,119604118,121084418
20254,전통시장,동진시장,커피-음료,4336971,358,1724050,2612921,1510932,2826039,0,1460405,2266569,280741,171374,157882
20254,골목상권,가리봉파출소,반찬가게,57000000,2753,57000000,0,15159653,41840347,0,775661,1386587,5730227,13458514,35649011
20254,전통시장,대명여울빛거리시장(대명시장),육류판매,204883257,6238,132864985,72018272,66266045,133380456,0,0,9028644,14208862,39485859,136923136
20254,발달상권,석촌역(석촌호수),미용실,464080223,9531,282452766,181627457,242645024,205953222,888279,70947063,192383653,85141945,63960737,35276568
20254,골목상권,신방화역 2번,커피-음료,120115351,23309,75830273,44285078,57210459,62467315,1030670,17820344,34400770,24433864,20983149,21008976
20254,발달상권,왕십리역(왕십리),화장품,24367476,150,23817420,550056,2408578,21008802,0,4740482,11767862,0,5408883,1500152
20254,발달상권,서촌(경복궁역),편의점,765964424,120152,565618546,200345878,423099322,254881601,9827718,93331225,202976672,149489520,140450650,81905139
20254,골목상권,한성대입구역 3번,제과점,6000000,608,4103704,1896296,2667946,3332054,70037,818044,1051525,1389077,1517449,1153868
20254,전통시장,개봉중앙시장,일반의류,285353341,2498,235102953,50250388,28838805,256514536,0,2609929,1254553,9938726,38661744,232888389
20254,발달상권,회현역,여관,1067102186,2647,817020105,250082081,319760149,47804657,0,17872913,18331112,59736066,260624479,11000237
20254,골목상권,한성대입구역 3번,당구장,10962565,951,6839098,4123467,10721387,241178,242159,1234848,395616,2098381,4654806,2336755
20254,발달상권,신림역(신림),중식음식점,397854314,23114,274373748,123480566,192652031,205202283,20769043,144462642,107928504,59543548,53013221,12137356
20254,전통시장,영등포전통시장,수산물판매,265160395,4288,195563901,69596494,39967769,222152712,0,6043005,863143,8103461,81913031,165197842
20254,골목상권,사당역 4번,육류판매,61814506,892,43729250,18085256,32753403,29061103,0,0,9758628,9135759,2784992,40135127
20254,골목상권,등촌역 7번,육류판매,118454784,1507,97702489,20752295,58543881,29966162,0,0,33328507,9849756,8645705,36686076
20254,발달상권,방이동먹자골목,일반교습학원,2658041,8,0,2658041,0,2658041,0,0,2658041,0,0,0
20254,골목상권,한성대입구역 3번,치킨전문점,39000000,1091,28614371,10385629,21310751,14975927,832476,8982580,8127146,7603759,7557881,3182837
20254,발달상권,성신여대,화초,163211930,5988,109112487,54099443,57509691,88083014,2247937,41781748,39552945,20483688,26305987,15220401
20254,발달상권,보라매공원,안경,139452429,1067,109410422,30042007,65239767,74212662,0,8234198,36627727,23546191,32226145,38818168
20254,골목상권,한성대입구역 3번,예술학원,1778154,12,1778154,0,0,1778154,0,0,1778154,0,0,0
20254,전통시장,월정로시장,일반의류,93620484,3351,59792791,33827693,32334577,58410306,0,2306623,6329500,6756645,18103240,57248876
20254,발달상권,을지로입구역,한식음식점,19689967385,392754,17798087539,1891879846,6340123516,3306884206,9940878,731195278,2256572083,2525450537,2400384067,1723464880
20254,골목상권,둔촌동역 3번(성내3동주민센터),한식음식점,1477183970,36233,975585204,501598766,795299506,492032568,3001722,81587397,268649971,264602965,305382901,364107122
20254,골목상권,정릉역 2번,한식음식점,895855510,10429,577201206,318654304,417719006,305491859,159229,33667861,90431490,154384502,206634020,237933765
20254,전통시장,고척프라자,육류판매,442780615,23550,300945487,141835128,177066921,265713694,0,9396127,18708080,84906015,96848562,232921831
20254,골목상권,양목초등학교,한식음식점,100204038,2121,94063088,6140950,51581300,18616109,0,1353620,7819754,16069867,30986689,13967478
20254,골목상권,삼선중학교,일반의류,121553799,3634,96546818,25006981,24412959,96820419,0,2130919,3524484,8286774,28856979,78434223
20254,골목상권,신한은행 신월동지점,일반의원,338148724,10994,282945491,55203233,183460808,154687916,2504616,12360431,9097238,73412638,78286282,162487519
20254,골목상권,명지대학교교회,세탁소,14862443,1137,10951274,3911169,9593032,5269411,234670,3512942,6435651,1493355,1592912,1592913
20254,전통시장,왕십리도선동상점가,시계및귀금속,131550709,85,131550709,0,70049603,61501106,0,0,282560,147606,1872488,129248055
20254,발달상권,북창동(시청역_6번),패스트푸드점,289881862,43022,276750831,13131031,108734719,92349112,251020,32475030,87319668,39118468,33301210,8618434
20254,골목상권,신월중학교,커피-음료,10325685,1520,9581549,744136,4464870,5585340,0,451929,1976113,5008987,1606486,1006696
20254,골목상권,경성고등학교,커피-음료,488655584,41347,404424519,84231065,131973561,255537217,1553890,76118034,139848567,91393837,53984521,24611928
20254,골목상권,구로4동주민센터,반찬가게,3000000,450,1980227,1019773,1449383,1550617,17016,226160,1024094,673810,757566,301354
20254,발달상권,경찰병원역,의약품,3462167188,154736,3059684538,402482650,2072408500,1354109985,2769800,105019187,500425358,460523737,687408914,1670371489
20254,전통시장,회기시장,일반교습학원,342195369,1344,325393632,16801737,237605037,104590332,0,22402316,0,228733216,91059837,0
20254,발달상권,월곡역,네일숍,5491483,143,5293899,197584,0,5491483,1294519,1212759,1362651,803964,272530,545060
20254,골목상권,홍익대,일반교습학원,30000000,81,22427943,7572057,8379400,21620600,94156,0,0,11078479,18827365,0
20254,전통시장,상도전통시장,일반의류,35602813,162,34829175,773638,773638,34829175,0,773638,4610881,10041819,9709155,10467320
20254,전통시장,"이화여대 3,5,7길 상점가",중식음식점,536525717,27316,418002914,118522803,128986188,326421579,30229079,198974590,71390588,59180735,59657553,35975224
20254,골목상권,신길3동주민센터,일반의원,1021192610,22532,625786755,395405855,589644465,431548145,735996,17525653,95634036,276912569,277611360,352772996
20254,골목상권,상도4동주민센터,일반교습학원,451844991,1596,405072088,46772903,194706495,250038646,0,0,52188275,324585862,53842898,14128106
20254,골목상권,대흥역 2번,패스트푸드점,23127065,868,14578821,8548244,8031431,8325637,69493,1117859,3118317,3248408,3949460,4853532
20254,골목상권,서경대학교,호프-간이주점,236634432,4216,148210081,88424351,191103033,40039932,0,27308251,31060423,29081655,55625572,88067065
20254,발달상권,신정네거리역,서적,33007998,801,24090744,8917254,10181381,15670036,0,60951,2265967,6101369,4401204,13021926
20254,골목상권,성내천어린이공원(하니사랑길),커피-음료,282984546,31114,167858047,115126499,103700459,150130856,1675065,35224950,82767749,64954370,40215210,28993969
20254,골목상권,서경대학교,미용실,165649201,4230,91001922,74647279,73521489,92127712,2625769,27576021,37857827,37505577,36934365,23149642
20254,골목상권,NH농협은행 상도동지점,호프-간이주점,123848497,2474,76429682,47418815,107734915,15577571,0,9693148,22792543,40261550,22144077,28421168
20254,골목상권,서경대학교,일반의류,7602812,259,7479789,123023,922671,6680141,0,0,0,430580,615114,6557118
20254,발달상권,길동역,일반교습학원,42877916,96,28273211,14604705,7489592,35388324,2246878,0,7489592,18349501,14791945,0
20254,발달상권,종로5가역,운동/경기용품,6565867473,41775,4175504250,2390363223,3870216074,2251056463,12195718,329494558,696977232,641033398,1590335912,2851235718
20254,골목상권,암사역 2번(서울강동초등학교),한의원,352675102,2740,339024653,13650449,54336914,298338188,0,9880772,194909135,11547409,56379916,79957870
20254,발달상권,교대역(법원.검찰청),스포츠클럽,779064163,1638,664543149,114521014,366688573,291544016,673967,52059599,258036686,137784588,136339744,73338001
20254,골목상권,정릉우체국,미용실,62586252,1637,35157082,27429170,22326328,40259924,162289,5069183,4335437,14981845,19768975,18268523
20254,전통시장,영림시장,청과상,894701585,55810,648641854,246059731,314508177,566495819,47615,28506363,66686209,99271265,176739815,509752729
20254,발달상권,목동신시가지,미용실,452646927,9109,297557816,155089111,195261669,257385258,5101155,35526351,46587186,154469944,136604760,74357531
20254,발달상권,구산역,의약품,3196770125,220912,2693914223,502855902,1495329876,1701440249,10626391,162273306,341147894,561950624,756489494,1364282416
20254,골목상권,명지대학교교회,PC방,323807487,67518,236341710,87465777,225360973,98446514,24662572,177332963,42871770,32617915,38223772,8098495
20254,발달상권,독산동,화초,37496344,1179,27463062,10033282,14726091,21622128,124315,4859824,7757395,7363756,10696418,5546509
20254,골목상권,방이역 1번,일반의류,18980478,91,18980478,0,16391647,2588831,0,2517488,13874159,0,2450020,138811
20254,발달상권,학동역,일식음식점,621686613,22777,562204873,59481740,211593768,180193708,1724264,76441940,141672366,76612297,47877160,47459451
20254,발달상권,노량진역(노량진),편의점,5889184228,1154660,4369438942,1519745286,3338073963,2551110265,106930929,1797993006,1758352779,774953962,1001149620,449803932
20254,골목상권,남강고등학교(남강중학교),예술학원,30067994,236,30067994,0,26523540,3544454,0,0,0,9698917,0,20369077
20254,골목상권,화원중학교,일반의류,92076729,1945,81072474,11004255,27435279,64641450,0,0,0,6799207,16633739,68643783
20254,골목상권,방이역 4번,세탁소,32055,8,32055,0,0,32055,0,32055,0,0,0,0
20254,골목상권,시흥동 은행나무사거리,의약품,2367501483,146420,1906994242,460507241,1136692988,1230808495,4763222,52181203,190576341,309486016,650385629,1160109072
20254,발달상권,역삼역,피부관리실,824288556,2746,665872226,158416330,164262675,658352941,4215508,53452662,296858244,122202043,233885780,112001378
20254,전통시장,왕십리도선동상점가,미곡판매,1298480928,21522,1027157515,271323413,185293673,980044711,0,7086336,19390394,52262653,544472979,542126022
20254,골목상권,정릉우체국,한식음식점,823100946,29126,552496108,270604838,445793768,302057750,2725276,55906138,83552255,131066123,216125805,258475923
20254,골목상권,성신여대입구역 4번,스포츠 강습,43525892,166,43525892,0,22418297,21107595,0,1988456,5787239,31569341,4180856,0
20254,발달상권,방배역,제과점,1271254935,93702,961477257,309777678,408607306,611646932,13157185,76693875,144586088,247998144,217009702,320809247
20254,골목상권,성신여대입구역 4번,패스트푸드점,55380622,1988,37210705,18169917,14471049,29734468,319133,1864452,4467517,11587761,16140010,9826643
20254,골목상권,성신여대입구역 4번,반찬가게,8416097,615,7632706,783391,2392980,6023117,0,68493,1249999,2902398,1536815,2658392
20254,골목상권,성신여대입구역 4번,예술학원,87774834,488,79722122,8052712,60005171,27769663,0,0,32159024,39419467,9227524,6968819
20254,골목상권,성신여대입구역 4번,일반의류,187473634,1506,183612657,3860977,34600303,152873331,0,0,26615666,52442778,39866566,68548624
20254,골목상권,성신여대입구역 4번,피부관리실,40565571,162,39170383,1395188,2062057,38503514,247743,1545139,1062689,33000000,0,4710000
20254,골목상권,천동초등학교,예술학원,29152655,173,29152655,0,15285445,13867210,0,0,2363729,26788926,0,0
20254,골목상권,당곡중학교,화초,3664970,136,3664970,0,3223816,441154,0,0,0,169675,0,3495295
20254,골목상권,상도초등학교,일반교습학원,205965444,509,174300604,31664840,126028091,79937353,0,0,0,187795138,16538763,1631543
20254,골목상권,신월중학교,미용실,29884444,1231,22499454,7384990,8950435,20934009,108501,671050,1946886,3837874,8823653,14496480
20254,전통시장,서서울 골목형상점가,호프-간이주점,42541062,631,24606878,17934184,24775275,17765787,0,0,3746813,4820338,11114141,22859770
20254,전통시장,이촌종합시장,치킨전문점,327098246,7309,214960205,112138041,164347159,101938868,3758717,26915965,40276820,58706526,78509739,58118265
20254,골목상권,오동나무공원(송파레미니스1단지),예술학원,51109400,281,47154619,3954781,16871212,34238188,0,0,7291627,31276423,6815157,5726193
20254,발달상권,거여역,스포츠 강습,40554467,97,38856936,1697531,32098765,8455702,0,0,0,27777777,12776690,0
20254,발달상권,목동역 8번출구,한식음식점,7615368592,209369,5303836068,2311532524,4319488887,2561444839,62240830,862843960,1505074611,1604904046,1642422234,1203448041
20254,골목상권,경동고등학교,분식전문점,10197807,1623,10197807,0,3873775,4856430,109055,23203,892163,4359881,2240269,1105633
20254,전통시장,불광먹자골목 골목형상점가,편의점,236633659,33906,167214528,69419131,152223933,84409726,1719571,28533330,62755353,41520176,59075806,43029423
20254,발달상권,명일역,분식전문점,287566282,25524,199348529,88217753,143503923,132020822,3338990,42717686,57940179,70604760,63435207,37487926
20254,발달상권,서울대입구역,당구장,120458117,5123,85545196,34912921,102138411,17321128,1905331,10801226,6433138,21187967,45636950,33494927
20254,발달상권,장안동사거리,문구,339837458,3059,336565846,3271612,294884736,11494829,556683,904627,3571716,7558647,4371464,289416429
20254,골목상권,경동고등학교,일반의류,4047752,48,4047752,0,0,4047752,0,0,0,0,0,4047752
20254,골목상권,경동고등학교,문구,438572964,589,438572964,0,116344787,313602835,0,0,0,0,0,429947622
20254,골목상권,바우뫼공원,서적,2979999187,16304,2343424783,636574404,2192699844,342633912,0,217165889,156859020,556071642,724309910,880927297
20254,발달상권,압구정역,편의점,1664350486,304696,1256477188,407873298,973910294,634170884,44749281,229673291,411245814,412337269,337363021,172712501
20254,발달상권,응암역,문구,3678000000,184885,3171601271,506398729,544994814,928152620,49538180,193540074,293964286,376825497,339624623,219654772
20254,골목상권,경동고등학교,세탁소,3891374,142,3891374,0,3183851,707523,0,0,0,3183851,0,707523
20254,골목상권,경동고등학교,네일숍,428174,8,428174,0,0,428174,0,0,428174,0,0,0
20254,골목상권,삼전역 3번,일반의원,3119794624,28637,2668246419,451548205,1172034039,1947760585,2782776,403613728,642278892,876249450,752671663,442198115
20254,골목상권,난우초등학교,조명용품,11253643,553,5719065,5534578,11253643,0,0,0,5534578,0,0,5719065
20254,골목상권,정릉역 1번,한식음식점,1590708964,35421,1073228036,517480928,720072518,694582289,430985,62015363,181353148,234973483,397381648,538500173
20254,발달상권,구역삼세무서,안경,1091923793,3938,735225136,356698657,696969279,373510745,0,74577786,421585363,335677075,162454261,76185540
20254,발달상권,화곡역,제과점,2132645083,302199,1591600266,541044817,857849813,1219535583,21914645,290072347,447190270,469246306,430560856,418400971
20254,전통시장,광장시장(광장전통시장),반찬가게,103801576,5524,66645250,37156326,43249104,60552472,120598,7045723,13386660,18199334,24532722,40516539
20254,발달상권,"양재시민의숲역(양재동꽃시장, aT센터)",화장품,744000000,290,496000000,248000000,717546667,26453333,0,0,0,26453333,0,717546667
20254,골목상권,영등포푸르지오아파트,치킨전문점,51645261,1548,36770846,14874415,35646791,13403370,656988,5756306,4881349,11822899,17220968,8711651
20254,골목상권,신대방역 2번,치킨전문점,147455630,4386,100922281,46533349,90655595,53850602,1196317,24389980,41603491,28000623,26653620,22662168
20254,골목상권,정릉역 1번,의약품,973079554,78581,842478895,130600659,498143266,474936288,1043864,27443830,77811259,122721247,222497268,521562086
20254,전통시장,이촌종합시장,세탁소,42879330,532,38061244,4818086,12488645,18540497,0,164815,1909096,9499275,6299501,13156456
20254,전통시장,"황학시장(서울중앙시장, 신중앙시장)",여관,29286432,934,22253490,7032942,27082077,2204355,0,0,839754,3778895,7662758,17005025
20254,발달상권,남부터미널역,일반의원,1607877356,35803,1366940973,240936383,745169004,851522597,8940955,152109368,423609214,370212501,393930894,247888670
20254,발달상권,장한평역(장한평),문구,478408100,11021,462893867,15514233,39551416,37654116,1035925,8804584,10773899,21241265,17383126,17966733
20254,골목상권,동교초등학교,제과점,85241681,7656,47680231,37561450,33738557,48015984,165417,6413803,20334390,27974932,17171799,9694199
20254,골목상권,신월1동주민센터,분식전문점,165451348,16134,107265505,58185843,136015304,29436044,0,6152515,19982901,29044090,45844488,64427354
20254,골목상권,청담근린공원,미용실,291292031,978,237461471,53830560,32462947,56150474,0,20615791,19931801,15069256,20136433,12860138
20254,전통시장,면목골목시장(면목시장),호프-간이주점,28624393,183,21705700,6918693,17771002,2000319,0,540,0,918817,4313035,14538929
20254,발달상권,교대입구교차로,예술학원,152734794,618,132730373,20004421,66268944,69884864,0,11136482,14504924,42896081,58954613,8661708
20254,발달상권,구의역,화장품,116678751,1876,104348311,12330440,28670472,88008279,41779,1065468,2877171,29002175,53366649,30325509
20254,전통시장,공릉동 도깨비시장,피부관리실,21612908,105,11935471,9677437,8739076,12873832,0,398361,545311,10509567,938361,9221308
20254,발달상권,서울대입구역,운동/경기용품,175419456,3738,109395228,66024228,104268770,71150686,1043203,26947235,41551563,25649028,46532976,33695451
20254,골목상권,정릉역 1번,여관,1625353,19,1625353,0,0,1625353,0,0,217567,575912,0,831874
20254,골목상권,정릉역 1번,철물점,1223039922,38248,1091099059,131940863,603987003,148479012,0,1393791,170668176,247980183,195352552,137071313
20254,골목상권,등촌3동주민센터,세탁소,89592890,5484,73212171,16380719,41257923,48334967,0,6607792,19851988,19212722,25477019,18443369
20254,발달상권,사당역(사당),커피-음료,2258240233,200733,1483370629,774869604,922332048,1196980616,14787030,519091542,580693970,280276249,273372362,451091517
20254,발달상권,군자역,안경,265988864,2894,182711268,83277596,139150871,126837993,304877,54367091,69086149,33675618,66370121,42185008
20254,발달상권,신당역,양식음식점,46353064,407,39508061,6845003,22433368,18095101,0,8099464,19884388,4310924,6587663,1646027
20254,골목상권,삼선동주민센터,일반의류,31082420,149,28857228,2225192,17360406,13722014,0,0,0,0,13722014,17360406
20254,발달상권,논현역,세탁소,319963597,15840,211394864,108568733,139023531,164390984,1564200,51179629,129367153,43544182,52560282,25199067
20254,발달상권,압구정역,양식음식점,2890886552,39804,1880058308,1010828244,1433979305,884215338,34400298,544508838,794411027,549931833,264143866,130798780
20254,발달상권,장한평역(장한평),시계및귀금속,28306404,149,13135950,15170454,3625328,24681076,0,47376,15753119,11580718,542187,383004
20254,골목상권,삼선동주민센터,슈퍼마켓,132598251,13669,100236271,32361980,88119814,36041359,300533,6150535,11423015,39710491,29924064,36652536
20254,골목상권,화곡2동주민센터,예술학원,302940719,1980,265132098,37808621,96558091,206382628,0,0,53160408,159336158,90444153,0
20254,골목상권,삼선동주민센터,한식음식점,1959641346,48998,1328133820,631507526,1076652376,772445780,17052723,503026089,456989531,321685716,354425314,195918780
20254,발달상권,김포공항역(김포공항),한식음식점,593681842,29851,440601431,153080411,253423360,224666293,2220912,65821573,124809831,125412139,96304707,63520489
20254,발달상권,강남역,커피-음료,13793186543,1521820,10465573846,3327612697,5292015792,7118737997,225822107,3534623324,4046326228,2195588723,1664103338,744290067
20254,골목상권,삼선동주민센터,커피-음료,872027057,210280,593074109,278952948,423232574,447299908,12269377,237171764,179738741,175908109,191873693,73570800
20254,발달상권,서울숲역,한식음식점,890466360,19493,752688706,137777654,305834053,223123930,618908,80536082,149191201,118917359,107225898,72468536
20254,골목상권,삼선동주민센터,컴퓨터및주변장치판매,54202535,167,54202535,0,10423564,36690947,0,0,0,0,36690947,10423564
20254,골목상권,구로보건소,의약품,617150849,44374,600336097,16814752,293167605,309921433,553590,32899645,94905764,103728595,123654991,247346452
20254,발달상권,발산역(마곡),일식음식점,2045190316,23676,1558679095,486511221,975257229,436081478,4961107,212273347,419717797,314580230,260511679,199294548
20254,골목상권,성신여대입구역 7번,한식음식점,854817460,33239,625484120,229333340,428367935,366447079,7991375,141746582,143227771,122241732,212212908,167394645
20254,발달상권,동대문역사문화공원역,골프연습장,201730516,5998,133011118,68719398,159147221,42583295,0,4036155,29692241,33864782,90319687,43817651
20254,발달상권,디지털단지오거리,화장품,17431820,655,10211286,7220534,9214369,8217451,0,0,1281752,1182059,6237857,8730152
20254,전통시장,성동용답상가시장,육류판매,905956566,36194,606320972,299635594,323082048,582874518,295017,48760259,137248147,102913016,271413508,345326619
20254,골목상권,성신여대입구역 7번,세탁소,2906417,194,2906417,0,629724,2276693,0,0,290642,944585,1380548,290642
20254,골목상권,거여역 1번(거여공원),슈퍼마켓,1735153876,137122,1252084540,483069336,924451158,791946887,2003910,116960484,307211486,299976232,502288352,487957580
20254,발달상권,영등포구청역,노래방,936538206,57896,664596579,271941627,693653375,123323913,12383663,78707488,175048536,130629629,222551698,197656274
20254,골목상권,홍제3동주민센터,예술학원,5876767,39,5876767,0,3180212,2696555,0,0,0,2696554,0,3180213
20254,골목상권,보문역 8번,예술학원,346397308,1151,346397308,0,236162499,110234809,0,84213825,108998180,153185303,0,0
20254,발달상권,은행사거리,편의점,1107005671,133773,755523875,351481796,510685726,567334746,61196691,131503575,157740960,360186012,295118256,72274977
20254,전통시장,사가정시장,미용실,109709544,2400,81904241,27805303,25261978,84447566,846965,6117068,16540870,11028318,33387406,41788917
20254,골목상권,보문역 8번,한식음식점,472277965,15535,332886728,139391237,256885491,177039662,2070803,38121223,94750072,87478731,127624266,83880055
20254,발달상권,독산동,자동차수리,4356169716,22640,3790466632,565703084,3041434535,851474815,0,116566792,727741635,718443569,882638708,1447518644
20254,골목상권,보문역 8번,중식음식점,66510231,3007,43348741,23161490,45375647,16153342,364000,5498164,12793084,13935589,15989665,12948488
20254,발달상권,충무로역,일반의원,81463531,1802,81463531,0,17049493,64414038,0,5580471,3314105,4820925,37375477,30372553
20254,골목상권,개포고등학교,한식음식점,3439769774,88919,2384119967,1055649807,1774602396,876733816,10361604,93227405,291079697,682959195,718210511,855497801
20254,골목상권,경찰병원역 3번,슈퍼마켓,58497125,13051,39203466,19293659,34123360,23371633,435225,7668820,17114562,15129252,10606439,6540695
20254,골목상권,보문역 8번,자동차수리,182265408,1107,161973273,20292135,85588564,35348823,0,313199,9382691,7405784,45942434,57893279
20254,골목상권,중앙대학교,노래방,15504654,3147,9517658,5986996,10567046,4937608,1600102,5431761,2679586,2604338,1914650,1274217
20254,골목상권,신풍역 1번,일반교습학원,20967583,65,20967583,0,6393702,14573881,0,0,0,14573881,6393702,0
20254,전통시장,강북북부시장,육류판매,6998988,146,6998988,0,725911,6273077,0,725911,0,0,0,6273077
20254,골목상권,보문역 8번,제과점,164915956,17404,124661988,40253968,59102643,105813313,826762,26295290,31373066,37368957,33568533,35483348
20254,골목상권,보문역 8번,일반교습학원,77538736,296,56143469,21395267,29199775,48338961,0,0,0,30031480,47507256,0
20254,발달상권,장안동사거리,예술학원,1323538843,4600,1114479133,209059710,618397159,689163084,0,17096465,152499378,854264047,255167138,28533215
20254,골목상권,성신여대입구역 1번,미용실,120767300,1658,80285051,40482249,56166098,64601202,398576,20273413,47689002,24718388,15629853,12058068
20254,골목상권,성신여대입구역 1번,피부관리실,42485395,122,41766964,718431,0,42485395,220428,2122636,21454961,12156179,0,6531191
20254,골목상권,금산초등학교(금천고등학교),슈퍼마켓,931634101,76208,664227721,267406380,467206374,425336270,2956011,48429728,91996934,163639451,231103417,354417102
20254,전통시장,서울중앙시장(신중앙시장),인테리어,283917628,2926,257210947,26706681,136167488,14348439,0,0,41852662,14633798,33738221,60291247
20254,골목상권,성신여대입구역 1번,세탁소,39300405,9108,23366026,15934379,10489585,28810820,0,19208914,11609857,1368678,6819892,293064
20254,발달상권,양재역,조명용품,2713987,84,2713987,0,0,2713987,0,0,0,2713987,0,0
20254,골목상권,신월1파출소,일반의류,27092780,225,24078693,3014087,20574946,6334349,0,555379,133591,18854001,2095086,5271238
20254,골목상권,성신여대입구역 1번,일식음식점,30000000,1577,21432885,8567115,12962653,15830169,1560283,12989203,5034115,2756406,5947703,505113
20254,골목상권,성신여대입구역 1번,편의점,338209684,48332,243714403,94495281,239146421,99063263,3647228,81616359,86890665,44391248,104131252,17532932
20254,골목상권,성신여대입구역 1번,스포츠 강습,57380503,130,52817123,4563380,4123054,53257449,0,14272572,14206523,8426242,15911786,4563380
20254,골목상권,강서구청가양동별관,스포츠 강습,14700000,42,14700000,0,3220000,5880000,0,0,5880000,3220000,0,0
20254,골목상권,보문역 4번,의약품,235312570,7258,209775635,25536935,123982642,111329928,93532,8181505,16593670,25666466,35648695,149128702
20254,골목상권,성남고등학교,세탁소,37347693,4917,20332335,17015358,16166137,21181556,273592,13632455,10409646,5672710,5011511,2347779
20254,전통시장,신대방1동골목상권,한식음식점,735936242,21020,541598768,194337474,351953248,262973602,1476958,86545235,118927402,109572773,175462743,122941736
20254,전통시장,장위전통시장,수산물판매,107336922,5515,75906080,31430842,26742361,80594561,53977,1457319,4706871,7050796,25073197,68994762
20254,골목상권,양천향교역 5번,편의점,106127101,16813,87911523,18215578,83313737,17869716,173218,10021182,29811817,37996992,18963229,4217014
20254,발달상권,언주역(차병원),치과의원,1135557900,4360,991214137,144343763,581331581,554226319,324192,62919799,106933733,271556843,215904280,477919053
20254,발달상권,고덕역,골프연습장,96315647,951,79634374,16681273,55333717,34110608,0,937989,7117174,19286259,47175436,14927467
20254,전통시장,신대방1동골목상권,일반의류,7822070,496,7058941,763129,6143187,1678883,0,267095,0,0,4616929,2938046
20254,발달상권,서울세관,커피-음료,363552624,60165,350916629,12635995,146494593,157303132,234614,47228676,112939548,76838143,45257957,21298787
20254,전통시장,"동원전통종합시장(동원시장, 동원전통시장 상점가)",한의원,448080475,32652,315195290,132885185,115466195,332614280,0,19871208,30867776,43054825,110341428,243945238
20254,골목상권,성내천어린이공원(하니사랑길),의약품,416223228,13501,383632674,32590554,300760354,115317596,175910,4688189,19699544,24736924,38016251,328761133
20254,골목상권,보문역 5번,스포츠클럽,155301133,456,135854814,19446319,69295212,86005921,0,53392752,59582413,8911457,20910838,12503673
20254,골목상권,보문역 5번,호프-간이주점,53013927,913,38500277,14513650,30461281,22552646,0,12384402,2216156,5953204,24942616,7517549
20254,전통시장,동성타워프라자,슈퍼마켓,113432177,12765,67877217,45554960,71565375,39221691,1300782,21328100,41153745,18417470,26451512,2135457
20254,골목상권,신곡초등학교,전자상거래업,5360791,41,5360791,0,1114671,4246120,0,0,0,0,2695949,2664842
20254,발달상권,동묘앞역(동묘),치과의원,3367471898,14603,3076269710,291202188,2269039790,1098432108,0,54041272,233522894,443742228,981639537,1654525967
20254,골목상권,보문역 5번,한식음식점,1274109100,18408,810608014,463501086,636503776,530416120,8643005,178515601,253256831,233780762,287138592,205585103
20254,발달상권,"총신대입구역(이수, 총신대)",PC방,85906911,13688,53291748,32615163,69396335,16510576,2967364,27755763,40608241,6349232,7652857,573454
20254,골목상권,서울축산농협 독산역지점(독산파출소),커피-음료,21000000,2015,13851301,7148699,7386653,12987452,42082,3662679,6583267,3118493,3803834,3163750
20254,전통시장,뚝도시장,시계및귀금속,47150202,61,151608,46998594,0,47150202,0,0,0,151608,0,46998594
20254,발달상권,시청역_1번,호프-간이주점,1247866335,109432,1037671300,210195035,516897908,442187025,1623227,91037397,195821577,258272260,273187579,139142892
20254,전통시장,신촌 상인회(신촌상점가),일반의원,2011443540,10924,1419591635,591851905,879407130,1132036410,11465048,487655868,760377291,337098499,334742410,80104424
20254,골목상권,미아초등학교,커피-음료,51440201,4544,32209594,19230607,19583048,27748742,329780,4043858,12541601,18377313,10912563,1126676
20254,골목상권,미아초등학교,호프-간이주점,11822660,79,9195402,2627258,9195402,0,0,0,0,6568144,0,2627258
20254,발달상권,영등포구청역,섬유제품,10000000,232,3930636,6069364,751445,9248555,0,0,0,1734104,751445,7514451
20254,발달상권,노원역,의약품,10971838215,642021,9168767733,1803070482,4654922129,6313717733,29576678,791440312,1795567593,2169172274,2581884767,3600998240
20254,발달상권,장지역(가든파이브),문구,3037569505,144693,1548990028,1488579477,1565091544,1384009444,10416282,41195850,1001187422,1192772824,202595060,500933549
20254,전통시장,신금호역 골목형상점가,미용실,100604340,2383,62491604,38112736,39696648,60907692,232829,6815920,19774811,25841462,25010732,22928586
20254,발달상권,서교동(홍대),치킨전문점,23959516,800,18121468,5838048,13814057,5565265,128744,1594329,4229711,4046999,6415990,2963550
20254,골목상권,공덕래미안3차아파트,미용실,35419771,751,20632758,14787013,12212906,23102115,246586,2852200,6643903,6000966,11742750,7828617
20254,발달상권,서울시흥동우체국(홈플러스시흥점),일반의류,114177862,825,91691793,22486069,26132459,88045403,0,0,3889482,2786392,9987437,97514551
20254,골목상권,시흥동 은행나무사거리,스포츠 강습,39245096,159,39245096,0,0,39245096,0,1632287,15737514,21875295,0,0
20254,전통시장,까치산시장,미곡판매,371667770,21725,266899136,104768634,161103129,210564641,2261593,77310617,89457900,64164630,55224280,83248750
20254,발달상권,북촌(안국역),한식음식점,11666266169,351141,7936227332,3730038837,4533626692,5120084808,88441924,1937188728,2284801055,1887203407,1970352501,1485723883
20254,발달상권,미아사거리역,노래방,722388163,33648,432783476,289604687,471626590,246026318,7011084,124791145,199441632,173614771,141133568,71660709
20254,발달상권,명동(명동거리),시계및귀금속,1842055702,1109,1833638750,8416952,99020296,1743035406,274556,0,102159371,34575700,1701531764,3514311
20254,골목상권,연희파출소,일반의류,184150373,689,147913829,36236544,60642925,123507448,294599,10209832,4357628,55947744,58865484,54475086
20254,골목상권,광흥창역 1번,미용실,25421684,713,15524811,9896873,11316745,14104939,206040,2011479,1230373,4845169,8171032,8957591
20254,전통시장,"남부골목시장(남부화곡시장, 남부시장)",안경,32726384,279,26230972,6495412,16902114,15824270,0,2228019,9803336,5825498,6091471,8778060
20254,발달상권,독산동,수산물판매,1145210499,1394,1145210499,0,362297979,347439933,0,0,0,0,310320174,399417738
20254,골목상권,길음역 8번,패스트푸드점,38477456,843,30419601,8057855,13828021,8022338,331091,1224335,2532797,5746890,5189202,6826046
20254,발달상권,강변역(테크노마트),컴퓨터및주변장치판매,26843235795,57217,20942446168,5900789627,10684119583,6136208305,131458690,985216605,2439859911,5449315368,5380314756,2434162557
20254,발달상권,한남오거리,노래방,150572223,19728,90576841,59995382,82947533,55821576,2442200,42067684,57504378,15570101,13076632,8108114
20254,발달상권,영등포역(영등포),세탁소,45160150,2488,39062041,6098109,28695231,10226660,0,7332107,13075018,11975636,4541090,1998040
20254,골목상권,대광초등학교,의약품,71704823,138,71704823,0,52120519,17034610,0,0,0,0,21696300,47458829
20254,골목상권,신풍역 3번,여관,7682103,224,6441148,1240955,7268451,413652,0,413652,413652,1654607,650024,4550168
20254,발달상권,광화문역,미용실,125137175,1818,90647283,34489892,39982448,84327155,459888,6254933,10387883,31578745,18434064,57194091
20254,전통시장,서서울 골목형상점가,일반의류,26301572,216,19737571,6564001,9431256,16870316,0,0,0,0,9106493,17195079
20254,골목상권,안암역 2번,치과의원,292196250,2855,241991756,50204494,162637176,128512882,0,18619126,57410423,38495655,77434073,99190780
20254,전통시장,전농로터리시장,호프-간이주점,63190797,1544,40879253,22311544,45330827,17859970,75434,5484008,15360913,20728833,13763717,7777892
20254,전통시장,신아타운,일반의류,188712299,2608,151209630,37502669,30118479,150904682,0,1229834,2752563,39218651,68536248,69285864
20254,전통시장,돌곶이시장(석관황금시장),한식음식점,332444317,12966,267454332,64989985,158536607,157654317,62008,5411644,32959507,40396998,159179099,78181670
20254,골목상권,안암역 2번,양식음식점,305653830,15696,254627422,51026408,163350270,131750164,15920005,139639948,31353739,24605459,72977107,10604173
20254,발달상권,신대방삼거리역,슈퍼마켓,1054896855,72681,802917029,251979826,451274880,563568882,1051525,88409484,178449464,208350249,266800718,271782326
20254,발달상권,가락시장역,화장품,431896635,1150,343971670,87924965,79578668,349620599,0,50175555,148198777,97667019,102403611,30754305
20254,발달상권,가산디지털단지,일반의류,529180460200,6183330,279036871818,250143588382,241974717221,287138518257,820590155,32421392359,102707763131,131573914557,147645672800,113943902478
20254,발달상권,합정역,화초,525270288,21173,353940873,171329415,236870434,262183695,8468271,168709423,170623147,56223372,68936473,26093443
20254,골목상권,천호역 1번(천호문구완구거리),호프-간이주점,23161555,628,15180411,7981144,15103559,4076853,0,0,2523152,5729567,5146889,5780806
20254,발달상권,공덕역(공덕오거리),네일숍,32897655,350,24351004,8546651,6671089,26226566,0,286433,12296002,8419242,8868302,3027676
20254,골목상권,삼전역 3번,스포츠클럽,9739002,19,9739002,0,0,9739002,0,9631980,107022,0,0,0
20254,발달상권,굽은다리역,커피-음료,154035399,35716,101568884,52466515,71014532,79415248,1801308,19718520,37570611,28427727,36065240,26846376
20254,골목상권,방이역 4번,스포츠클럽,34915471,187,22602078,12313393,25079116,9836355,0,8421931,7215720,4835609,9990721,4451490
20254,골목상권,길동주민센터(강동도서관),편의점,709744204,91777,490081184,219663020,513753256,195990948,6103393,66064921,154533428,176920999,145923686,160197777
20254,전통시장,쌍문역동측상점가,당구장,72718199,4467,44467014,28251185,67990826,4727373,117608,1042964,4308502,26350078,26863019,14036028
20254,전통시장,비단길현대시장(현대시장),노래방,149181253,5411,92852172,56329081,113379257,35801996,1352643,23287921,41382021,21393420,8012082,53753166
20254,골목상권,안암역 3번,PC방,256802366,58458,179274817,77527549,188664051,68138315,16250932,114686719,57348325,44227429,20443499,3845462
20254,발달상권,가산디지털단지,자동차수리,1456300706,7323,1404007721,52292985,1069986788,284986080,0,18130342,344571264,348108394,326073358,318089508
20254,골목상권,안암역 3번,일식음식점,426213033,12577,339884398,86328635,209030263,113210489,16274665,131708937,71323059,34738321,55500680,12695091
20254,골목상권,안암역 3번,한식음식점,4524701671,140576,3365110593,1159591078,2401360893,1437992642,142463514,1546720129,650283311,482377225,799122437,218386918
20254,골목상권,신풍역 1번,일반의류,51256796,1547,41401735,9855061,16236268,33273619,673808,0,4991,18786755,11092870,18951463
20254,발달상권,광화문역,한식음식점,25766061939,575249,21680137587,4085924352,9719184511,6841039879,25501775,1642440279,3933721131,3962324254,3605210773,3391026165
20254,골목상권,당곡중학교,편의점,589240796,96332,423674374,165566422,356585215,232655581,7385357,124447916,186682136,127017318,84826217,58881852
20254,골목상권,구립대학경로당(관악산샘말공원),반찬가게,520206988,400,520206988,0,0,520206988,0,0,0,0,0,520206988
20254,발달상권,건대입구역(건대),커피-음료,7650408649,887288,4958621071,2691787578,2670805898,4559420625,289669760,2841126311,1688133905,912138986,948413950,550743614
20254,발달상권,광화문역,애완동물,53237370,858,3101325,50136045,19895061,33342309,0,0,3064550,25129314,25006731,36775
20254,발달상권,방배역,양식음식점,316370370,6830,232062815,84307555,151926949,98891139,4903566,48267803,61716238,49622821,47553299,38754360
20254,골목상권,안암역 3번,화초,77236057,2129,57232309,20003748,31624800,36056249,1252592,36224891,10333381,10002537,6435804,3431843
20254,골목상권,안암역 3번,중식음식점,405003923,14915,332077810,72926113,205057759,121062253,6247633,111044500,55359956,51267493,68825814,33374619
20254,발달상권,이화사거리,패스트푸드점,80341262,3155,74916371,5424891,17126275,26659288,238499,4865207,18835317,8434118,8761752,2650671
20254,골목상권,은천초등학교(은천교앞),커피-음료,23160936,4524,14219396,8941540,14850030,8310906,30648,2671381,8311553,3839900,3488974,4818480
20254,골목상권,상도역 5번,한의원,52929429,3261,34574168,18355261,22951981,29977448,0,1443962,8562051,15822722,4010014,23090680
20254,골목상권,종암경찰서,호프-간이주점,100310000,4058,67388653,32921347,65659371,30396067,592122,11519028,22193279,30421922,28103873,3225213
20254,골목상권,종암경찰서,육류판매,110727886,3115,67684835,43043051,52708427,56361853,189469,1995106,12046796,25245437,35152834,34440638
20254,골목상권,종암경찰서,스포츠클럽,291732921,835,239265519,52467402,150799510,140933411,0,1543159,86037432,33949495,153177492,17025343
20254,발달상권,경복아파트교차로,커피-음료,1033641227,139952,963114378,70526849,384471462,362133476,570629,101345226,247159805,204561362,151603806,41364112
20254,골목상권,상도역 5번,일반교습학원,1627380884,6731,1424153148,203227736,633580667,759923163,0,0,54096780,887801249,449564690,2041113
20254,발달상권,강변역(테크노마트),스포츠 강습,168890484,286,144548999,24341485,105730737,63159747,0,25169293,65572215,23651645,5420168,49077163
20254,발달상권,신림역(신림),한식음식점,10658266303,327049,7230390916,3427875387,6477023314,3742147807,92473156,2197862514,3234057145,1760776942,1551822726,1382178647
20254,발달상권,등촌역,슈퍼마켓,1355862149,103736,1021023670,334838479,744621214,611240935,3316570,117043010,346919460,330104646,307132376,251346087
20254,골목상권,종암경찰서,커피-음료,332088611,59598,230429966,101658645,148223546,155780917,2395598,36042600,75372636,85232024,80861846,24099757
20254,발달상권,구로전화국,노래방,148482559,1391,105093250,43389309,97010792,14984683,0,1938611,14716788,20804403,50627069,23908602
20254,발달상권,가산디지털단지,치킨전문점,691550603,13067,642553966,48996637,379971984,147497232,1371840,62912162,149921635,153936386,117378262,41948933
20254,골목상권,천호역 1번(천호문구완구거리),슈퍼마켓,2251492,308,1755452,496040,1864429,387063,0,219920,0,118268,681750,1231554
20254,골목상권,종암경찰서,의약품,1317374708,104840,1071587838,245786870,590441752,726932956,2335650,67903831,212872523,290457690,358880522,384924492
20254,골목상권,경의중앙 신촌역,일식음식점,104995101,2323,89661166,15333935,24314820,28229203,1344387,20020469,9399873,8341643,10563360,2874290
20254,골목상권,신월문화체육센터,노래방,170556985,1635,94992941,75564044,147171077,23385908,1753853,5327910,15870260,21698102,54572484,71334376
20254,골목상권,곰달래도서관,슈퍼마켓,480859105,45980,342041823,138817282,262106437,171180776,531237,35651566,69532792,99458355,83463484,144649778
20254,골목상권,종암경찰서,스포츠 강습,11510584,70,11510584,0,10257731,1252853,0,0,0,5481231,6029353,0
20254,골목상권,관악구 중앙길,화장품,355829383,808,327107795,28721588,67348322,267581551,1552309,22524801,21860533,42785589,85661888,160544753
20254,골목상권,서울지방병무청,철물점,48189570,553,45057821,3131749,20891359,23094627,0,2901099,5197802,3259259,2115385,30512441
20254,골목상권,종암경찰서,일반의원,2268057078,64072,1934913584,333143494,867825211,1400231867,2451954,75784593,284105487,614483230,775514256,515717558
20254,골목상권,신풍역 1번,커피-음료,105113128,9516,65047196,40065932,68423956,36689172,149531,14508543,29666534,26507901,21208388,13072231
20254,전통시장,남구로시장,청과상,3569393081,222485,2413790332,1155602749,1252240007,2235290339,776748,42162016,329813977,529230599,1097729401,1487817605
20254,전통시장,홍대 걷고싶은 거리,핸드폰,30053265,976,15026632,15026633,4996356,25056909,4320157,17393326,5184188,2216429,751332,187833
20254,골목상권,화곡역 5번,일반교습학원,55151825,229,55151825,0,9111824,46040001,0,0,0,46040001,9111824,0
20254,발달상권,포이사거리(삼호물산),분식전문점,252681456,17103,206631719,46049737,106878712,75422727,830411,29713865,49514693,36912313,36553341,28776818
20254,전통시장,공항시장,한식음식점,419875400,15508,310989237,108886163,277561844,76637642,350011,27577296,65767936,67252056,89037898,104214289
20254,발달상권,교대역(법원.검찰청),의료기기,187118695,2109,126917117,60201578,88812732,98305963,0,0,45991565,11497891,22748367,106880872
20254,발달상권,한티역,반찬가게,89835530,13694,59148254,30687276,32881304,43330449,2305168,6121810,9923213,22419733,19845811,15596019
20254,골목상권,세곡초등학교,육류판매,91392820,3819,66769510,24623310,36226572,49316879,0,2804122,7519504,11356597,26559542,37303687
20254,전통시장,은행나무시장,슈퍼마켓,197832155,21136,136688926,61143229,139163604,58668551,262412,4617011,21114696,41630796,68126167,62081073
20254,골목상권,종암아이파크2차,일반의류,4426514,99,2653307,1773207,152127,4274387,0,0,279980,0,2212191,1934343
20254,발달상권,신당역,전자상거래업,41840225,2212,31882511,9957714,8850367,27155957,78164,8505359,14109438,4705159,5454072,3154132
20254,발달상권,역삼역,치과의원,2538286064,10821,2316983544,221302520,1419503301,1118505437,36563476,243828374,622089170,656838520,361814909,616874288
20254,발달상권,"신촌역(신촌역, 신촌로터리)",편의점,7684890872,1249048,5446256776,2238634096,3946144835,3675410300,218810142,2841996264,1922630636,959399484,1180273458,498445150
20254,발달상권,구로디지털단지,커피-음료,4719742590,768608,4349870852,369871738,2072552846,1723663401,5365282,678829664,1443995860,921078378,549322437,197624626
20254,골목상권,종암아이파크2차,스포츠 강습,52797688,208,52797688,0,32087392,20710296,0,7412954,3642071,18737884,22213668,791111
20254,골목상권,은곡마을(은곡마을공원),한식음식점,199179138,4043,131265735,67913403,104932498,56143598,1542145,7412451,26622628,34841055,45381585,45276236
20254,골목상권,종암아이파크2차,미용실,66752553,2331,43056446,23696107,28005829,38746724,27693,581549,7131151,11489282,19487388,28035490
20254,발달상권,목동역 8번출구,커피-음료,517113946,81754,364517501,152596445,227248501,278661961,7746634,84276850,154148449,118365740,96435626,44937162
20254,발달상권,녹두거리(대학동),안경,268417419,3479,164932110,103485309,154650279,108812136,1911431,54458177,42382337,74183909,50109514,40417047
20254,발달상권,문래역(문래로데오거리),의약품,858867773,73019,756266607,102601166,442243179,416624594,1638927,62409335,147544742,199625295,200301515,247347959
20254,골목상권,종암아이파크2차,육류판매,152227884,5075,86674438,65553446,73997292,68894403,0,1843521,14102125,26692135,38258215,61995698
20254,발달상권,종로4가,일반의류,13562804,176,12516589,1046215,3658639,9904165,0,0,2668223,976467,3905868,6012246
20254,전통시장,까치산시장,수산물판매,1086269869,64888,779380665,306889204,367158675,719111194,0,24195240,67369264,133947649,257733270,603024446
20254,골목상권,목동보건지소,화장품,4643318,68,3976586,666732,2357376,2285942,0,0,0,619109,785793,3238416
20254,전통시장,성동용답상가시장,호프-간이주점,410165982,8045,263387717,146778265,269763752,120331387,1351772,47069575,82646225,67403060,125194646,66429865
20254,발달상권,미아역,당구장,156714042,3273,100242411,56471631,98904214,54004302,349921,25841202,35802027,50327119,26191712,14396537
20254,골목상권,석촌고분역 3번,자동차수리,450644887,2540,386735524,63909363,297968235,91383435,0,4669324,48534149,93548417,117431074,125168707
20254,골목상권,숭곡초등학교,인테리어,409959881,2070,231360144,178599737,181217314,224162355,0,3271581,0,0,177945733,224162355
20254,전통시장,방학동도깨비시장,호프-간이주점,22308197,550,11773770,10534427,21619672,688525,0,0,0,0,12049181,10259016
20254,골목상권,녹번동근린공원,조명용품,486579118,6856,451890018,34689100,352746586,32436288,0,0,6616729,23770171,72557543,282238433
20254,전통시장,장위전통시장,분식전문점,30000000,3878,20808024,9191976,13155041,16844959,28667,1295960,2738115,4891831,10117189,10928238
20254,전통시장,석촌시장,수산물판매,708315453,28993,500656694,207658759,167573929,535530367,0,7546598,35125821,75716432,83070212,501645233
20254,전통시장,서울중앙시장(신중앙시장),반찬가게,7626399635,190914,6256417226,1369982409,1528452531,3428981671,9707734,330864099,466940153,393021333,797223627,2959677257
20254,전통시장,마천시장,반찬가게,828000000,64746,520294225,307705775,408683229,419316771,0,6761000,189853555,80081316,254709667,296594462
20254,발달상권,교대역(법원.검찰청),컴퓨터및주변장치판매,66000000,3223,66000000,0,12253139,7634734,35515,910993,2794788,4195422,7662334,4288818
20254,발달상권,"강남구청(청담역_8번, 강남세무서)",슈퍼마켓,1810063374,69365,1327612109,482451265,589414895,909222560,3121806,22699160,182079187,376009863,375171636,539555803
20254,골목상권,영천시장입구,치킨전문점,10728649,375,9003439,1725210,3547950,3412662,0,1113659,1082254,1022438,2009246,1733015
20254,골목상권,숭곡초등학교,커피-음료,357125553,49010,247459775,109665778,112538689,227351895,4825004,39350681,88447480,98913157,67804101,40550159
20254,골목상권,베르사이유1아파트,일반의원,196696719,2766,180579755,16116964,148171934,48524785,0,16499419,72069313,47376836,43570992,17180159
20254,발달상권,불광역,핸드폰,1803975,60,1803975,0,0,1803975,0,0,0,0,0,1803975
20254,발달상권,국회의사당역(국회의사당),골프연습장,65848857,1582,50645404,15203453,42507839,4375840,0,2214042,11739158,16825180,12569111,3536185
20254,전통시장,고분다리전통시장,반찬가게,277725759,14277,168108732,109617027,131685709,146040050,0,1646381,10216945,16898966,92213341,156750126
20254,발달상권,개나리아파트,커피-음료,597458821,89870,543429043,54029778,179273055,258661373,2182482,39930859,98491226,122869432,138779217,35681214
20254,골목상권,신길3동주민센터,치과의원,24440377,381,21468629,2971748,19498378,3423720,0,0,270254,698409,13804620,8148814
20254,전통시장,용산용문시장,인테리어,89627751,2805,78167817,11459934,31564810,6215372,0,781018,841096,6512162,19913223,9732684
20254,전통시장,방신전통시장,미용실,101209965,2911,80929695,20280270,31705530,69504435,0,947802,6493116,5937906,21132775,66698366
20254,골목상권,신정롯데캐슬아파트,조명용품,50417148,1667,39579640,10837508,23721259,5039820,0,0,568401,13035324,2576750,12580604
20254,발달상권,보라매공원,일식음식점,1499506066,43480,1170935705,328570361,683684342,521190346,1469782,211136503,462159372,227378019,174290961,128440048
20254,전통시장,대명여울빛거리시장(대명시장),여관,105098799,2564,79705742,25393057,87249097,17849702,0,7619661,15061737,20194359,48390039,13833003
20254,전통시장,독산동 우시장,한식음식점,2772040673,53295,1679265295,1092775378,1659559911,737235280,0,92463629,360582553,423510197,682443839,837794974
20254,발달상권,용산전자상가(용산역),커피-음료,728242179,120933,666672404,61569775,335802683,170029419,1554298,54408314,164243442,137626689,95503571,52495792
20254,발달상권,노원역,제과점,1551344840,147578,1066733706,484611134,529107558,992795149,14229469,225165314,330813122,348805313,354327812,248561678
20254,전통시장,성대전통시장(성대시장),스포츠클럽,433101675,1607,367934619,65167056,115621878,303965314,0,107996901,146604592,56820756,84949390,23215552
20254,골목상권,곰달래도서관,미용실,73869028,2424,43104642,30764386,31068357,42800671,521738,1025535,7501839,14193801,31902274,18723841
20254,발달상권,몽촌토성역,화장품,799291808,341,799291808,0,725271334,74020474,0,13347954,0,36403512,543253777,206286565
20254,전통시장,비단길현대시장(현대시장),섬유제품,105314870,3757,67968561,37346309,49939369,55375501,0,2220914,6116296,12589132,37090441,47298087
20254,골목상권,종암중학교,미용실,13008472,704,8394101,4614371,8107938,4900534,0,2098525,333856,3004707,3577032,3994352
20254,골목상권,KT월곡지사,슈퍼마켓,1562876232,215470,1119277358,443598874,1052953222,509923010,22666354,214321333,461148381,371332820,372107486,121299858
20254,골목상권,오류2동버들시장,치과의원,1062081853,6816,901623933,160457920,628186308,433895545,0,5157084,62102747,80268020,399864687,514689315
20254,골목상권,인헌고등학교(인헌중학교),커피-음료,53898245,8078,28511289,25386956,22857427,30450336,278300,13278750,18537446,10818470,6375650,4019146
20254,발달상권,성신여대,스포츠 강습,157673464,434,144958220,12715244,47778203,109895261,939698,30334563,54834621,33884155,29932004,7748423
20254,발달상권,양재역,미용실,1151398766,16685,757406180,393992586,529074607,602000225,2475357,107459383,238859914,260035600,305806755,216437822
20254,발달상권,오목교역,스포츠클럽,4260090,101,4260090,0,528342,3731748,0,5651,168109,466184,3620146,0
20254,골목상권,종암동주민센터,치과의원,450243312,3396,423425150,26818162,256404090,193839222,0,1002443,24204991,52005946,202271995,170757937
20254,골목상권,영등포시장역 4번,반찬가게,523564225,9543,509636901,13927324,388340223,48797217,0,16506458,3223918,310063503,40879276,66464285
20254,발달상권,암사역,화초,22711571,929,13836039,8875532,8630442,12338018,312963,1699797,5806258,4368832,3167072,5613538
20254,전통시장,동부시장,일반의류,161477767,1269,120768511,40709256,8316263,153161504,0,0,1649703,720709,62164767,96942588
20254,발달상권,종로5가역,한식음식점,8181603441,168558,6883836199,1297767242,3937504526,1847223389,7068286,573930694,1117225303,947800514,1301617544,1837085580
20254,골목상권,서울서부지방법원,자동차수리,27681789,64,27635560,46229,15722406,7382734,0,0,0,12920942,1007787,9176411
20254,골목상권,종암동주민센터,미용실,213765326,5954,130767449,82997877,95053448,118622505,351896,13488270,26154442,42825929,68361471,62493945
20254,전통시장,신곡종합시장(신월6동 골목시장),시계및귀금속,15972037,181,11073864,4898173,6692926,9279111,0,93476,118403,3670515,1121719,10967924
20254,발달상권,독산동,화장품,360096765,3778,336637675,23459090,271877163,88219602,0,2879347,1618376,5090638,275394137,75114267
20254,골목상권,합정역 8번,중식음식점,1232486399,14803,913420015,319066384,653780599,377813394,1778912,195246735,395965129,241179280,125479753,71944179
20254,발달상권,서울세관,의약품,453793715,17541,374697375,79096340,143484779,307939422,1019618,21655379,228347793,105361632,41564813,53474966
20254,골목상권,문정역 1번,당구장,2102865,169,1844324,258541,2102865,0,0,108906,0,0,905781,1088178
20254,골목상권,종암동주민센터,제과점,599813474,57993,428876899,170936575,232352536,326020384,3068143,33989776,84702102,142643884,166539468,127429548
20254,발달상권,압구정로데오역(압구정로데오),호프-간이주점,5202947868,75583,2687071485,2515876383,2969069769,1493655215,55713850,1324508971,1986454935,600644475,315740154,179662600
20254,전통시장,"동원전통종합시장(동원시장, 동원전통시장 상점가)",한식음식점,8476474396,322900,5674820661,2801653735,4541223801,3808223820,16371029,419171987,1024081780,1078320151,2221654928,3589847745
20254,전통시장,송화벽화시장(송화골목시장),수산물판매,1112971387,61276,851024078,261947309,355870852,757100535,394341,9535109,36129020,120985404,226018044,719909469
20254,발달상권,마포역,조명용품,132000000,2572,110122064,21877936,50635352,43641176,0,0,10636011,729288,48130332,34780898
20254,전통시장,성내전통시장,호프-간이주점,94877415,2908,57601688,37275727,72820567,22056848,0,4578369,10772522,20952408,38731049,19843067
20254,골목상권,종암동주민센터,치킨전문점,22451676,1799,15032676,7419000,12384567,10067109,468450,3125762,3817243,5222593,7280454,2537174
20254,골목상권,종암동주민센터,일반의류,502252569,5420,427238208,75014361,48509026,453743543,0,11952151,56591427,158839830,131840746,143028415
20254,전통시장,뚝섬역상점가,육류판매,1454539593,21381,993561014,460978579,345356747,1109182846,0,7511364,63496910,40433755,479237901,863859663
20254,골목상권,홍제역 2번,예술학원,150147604,958,147169159,2978445,54674037,95473567,0,0,29876020,107187472,0,13084112
20254,전통시장,백학시장,패스트푸드점,266457959,21791,191060575,75397384,128608886,99161352,2286509,37273482,63114973,42937578,40653698,41504000
20254,발달상권,중림동,중식음식점,271501625,7203,257912271,13589354,116038343,35736424,307421,8649084,27188790,52559123,33162542,29907808
20254,골목상권,KB국민은행 종암동지점,슈퍼마켓,771000000,109748,583959957,187040043,418080897,306506439,10604964,120015325,158345175,144628232,205685829,85307813
20254,골목상권,천호태영아파트,한식음식점,1260436216,17469,844126153,416310063,743834207,344135806,892333,100367447,281041007,238566813,267102455,199999958
20254,골목상권,장위1동주민센터,한식음식점,205807410,7384,172870979,32936431,138485796,65274128,0,6145036,34458752,18881512,68747461,75527163
20254,골목상권,장위1동주민센터,호프-간이주점,7470097,144,4327269,3142828,3573632,3586459,0,240523,448975,665981,3041273,2763338
20254,전통시장,고덕 골목형상점가,슈퍼마켓,2288960116,169341,1575260869,713699247,985864245,1183217409,3073538,69560307,364812415,502658383,488242483,740734526
20254,골목상권,충정로역 3번,커피-음료,63373424,1709,60583017,2790407,33468822,14243648,0,3214882,16672824,11335961,16284542,204262
20254,골목상권,선유도역 6번,당구장,24398329,1198,10690806,13707523,23980502,417827,0,827298,467967,11147633,7512535,4442896
20254,골목상권,화곡역 2번,호프-간이주점,194332146,3775,119979245,74352901,72899320,120750956,0,31630514,82789865,27139334,36393737,15696826
20254,골목상권,상월곡역 1번,골프연습장,15659091,93,2709888,12949203,405343,15253748,0,0,0,531818,15127273,0
20254,발달상권,서대문역,일반의원,1923592877,42682,1670045631,253547246,758075806,1165517071,3058686,219006402,452500541,563815816,424441264,260770168
20254,전통시장,경동시장,미곡판매,12970156371,478592,9252317352,3717839019,4843705950,8126450421,3084240,71620030,176841750,1136355995,1610681329,9971573027
20254,전통시장,청량리농수산물시장,한식음식점,532476753,25104,327048168,205428585,270045111,216391647,707983,9361120,35813755,68104537,133774797,238674569
20254,골목상권,이대역 5번,피부관리실,34216815,306,29851777,4365038,5308668,28908147,25468,5894317,6388124,7075850,14665394,167662
20254,골목상권,상월곡역 1번,청과상,23031719,1209,16803805,6227914,5797558,12754474,0,1741335,3596001,2426688,7640740,3147268
20254,전통시장,사당1동먹자골목상점가(사당1동먹자골목),한식음식점,9590956977,140814,6459778461,3131178516,5689220075,2838430625,20773536,1724481296,2747997444,1083671127,1209755787,1740971512
20254,골목상권,상월곡역 1번,한의원,47960259,2918,45315891,2644368,29936668,18023591,0,0,234538,2617512,15483064,29625145
20254,전통시장,뚝섬역상점가,네일숍,4934883,129,3848737,1086146,0,4934883,0,0,1877144,1062534,1995205,0
20254,골목상권,고덕동성당,호프-간이주점,104087548,1844,59710588,44376960,58166821,31369261,345399,8819582,15629555,26364467,18849046,19528032
20254,발달상권,강남구청역,핸드폰,397617098,2182,396216782,1400316,176712648,17767650,0,2727889,7819949,10002260,5946798,167983403
20254,골목상권,서초중학교,예술학원,109974962,416,102862850,7112112,40301905,69673057,0,2990320,5130901,94096585,0,7757156
20254,골목상권,장곡초등학교,청과상,9000000,401,7304103,1695897,3372040,3600859,0,79786,201146,1037913,2204149,3449905
20254,발달상권,구산역,호프-간이주점,42138864,958,28824178,13314686,25678139,15185470,0,5560764,7740158,12338956,10426568,4797163
20254,전통시장,마장축산물시장,편의점,537389882,69475,418514676,118875206,355271877,166613086,5359364,50582825,124048028,107639977,129187747,105067023
20254,발달상권,구로전화국,일반의원,850911718,72680,702162284,148749434,398487319,452424399,1860136,64961839,122426854,179841155,192796964,289024770
20254,골목상권,노량진역 6번,의약품,16749781,1317,14691330,2058451,12755567,3994214,8490,132093,729509,744807,1374543,13760339
20254,발달상권,구로전화국,패스트푸드점,376655748,35285,250713161,125942587,210210272,166445476,3678408,57645013,105578636,85406415,77168428,47178848
20254,발달상권,독산동,가전제품수리,13379254,8,13379254,0,0,13379254,0,0,0,0,13379254,0
20254,발달상권,독산동,문구,24474923,1336,24468772,6151,17860067,5396994,0,0,2008864,344459,4327225,16576515
20254,발달상권,길동역,청과상,158692245,3328,156843116,1849129,106895451,16416794,616376,3205157,1256053,1725853,99559299,16949506
20254,골목상권,장곡초등학교,예술학원,57986814,360,56559395,1427419,21349718,36637096,0,0,11452943,42251614,4282257,0
20254,골목상권,명지대학교교회,육류판매,29615498,869,19162097,10453401,13913054,15702444,126953,1422937,5901895,2716185,6654321,12793207
20254,전통시장,동남상가,신발,391635705,6202,265986299,125649406,122792490,268843215,0,1373518,0,31255160,26353228,332653799
20254,골목상권,연희대우아파트앞,제과점,810733,254,725289,85444,109289,594141,19870,530553,129161,7948,11923,3974
20254,골목상권,홍제성원아파트,일반교습학원,69000000,345,69000000,0,32598270,29047005,0,0,8900677,50660985,2083612,0
20254,전통시장,삼익패션타운(남대문시장),일반의원,1240645768,31880,1127895651,112750117,501253764,739392004,506306,73664539,174087490,295611853,292845499,403930081
20254,발달상권,어린이대공원역,커피-음료,659072856,122122,454434416,204638440,261720672,353993299,17895536,266428119,145517210,74197868,81788250,29886989
20254,골목상권,홍제역 3번,커피-음료,5035435,947,4215067,820368,1196860,3062845,84378,521360,344403,560307,969860,1779398
20254,골목상권,역삼역 4번,한식음식점,169245685,3311,151006509,18239176,38602064,23765313,0,2046214,12492101,16979497,15995139,14854426
20254,발달상권,장지역(가든파이브),스포츠 강습,183796502,666,182326794,1469708,60733525,123062977,0,11958236,68056128,82936491,15571989,5273658
20254,전통시장,전곡시장,반찬가게,23560917,1278,18677927,4882990,9693607,12955368,0,86852,1408926,3348613,9331725,8472859
20254,골목상권,말미고개,커피-음료,8898833,1248,3530825,5368008,3854227,4839972,49479,1413101,1419200,2039501,2383079,1389839
20254,골목상권,상월곡역 2번,커피-음료,95521329,21317,62358261,33163068,48771014,46750315,868012,11759072,18817368,22996672,24847584,16232621
20254,발달상권,가산디지털단지,제과점,1159331186,110586,904130990,255200196,409944004,550229320,1913324,177699298,329892865,197344057,168376226,84947555
20254,발달상권,고속터미널(고속터미널역),한의원,1566565136,10449,1126794725,439770411,682577798,883987338,755349,100415971,128906328,689521847,456384341,190581300
20254,전통시장,남문시장,육류판매,4145649818,127460,2651956664,1493693154,1445651594,2699998224,911682,35294690,270351265,733536945,1116262619,1989292617
20254,발달상권,까치산역,네일숍,1197935,31,1197935,0,0,1197935,0,722892,61962,413081,0,0
20254,골목상권,상월곡역 3번,커피-음료,37917398,5351,11164899,26752499,16522580,21394818,278062,5027666,8208738,7523301,8499236,8380395
20254,발달상권,"숙대입구역(남영역, 남영동)",일반의원,3874014263,106641,3446885585,427128678,1269220075,2604794188,26923531,738467394,1002341999,671017029,601237989,834026321
20254,골목상권,영등포시장역 3번,한식음식점,200375074,10423,160984541,39390533,120383473,52366840,413972,19995391,52275559,33511039,32826531,33727822
20254,골목상권,우리은행체육관,미용실,28952708,865,18757486,10195222,10226861,18725847,0,1268292,317073,9746705,5723636,11897002
20254,골목상권,신구중학교,일반의원,851412687,777,633784616,217628071,287359343,564053344,0,31850931,139334507,140839284,384712491,154675474
20254,골목상권,구로나눔길,일식음식점,170285833,2554,155550261,14735572,55452926,15659586,0,887539,7270521,17531927,27173271,18249253
20254,골목상권,강동구립 천호도서관,호프-간이주점,97941590,1555,68460428,29481162,67308829,23083548,398555,11164396,22867014,9695898,22820035,23446478
20254,골목상권,샤로수길,호프-간이주점,1255457160,97514,825367334,430089826,644964879,504595867,21733968,482937285,361728957,105560299,109121067,68479168
20254,발달상권,양재역,시계및귀금속,105296569,544,104626839,669730,66218821,26700197,0,445430,295295,1330065,27431658,63416570
20254,전통시장,불광먹자골목 골목형상점가,미용실,119356553,2250,78095620,41260933,61820979,57535574,720770,15319885,35666570,7088468,34527579,26033281
20254,골목상권,돌곶이역 1번,미용실,54194247,1562,36319815,17874432,22455494,31738753,0,5954898,7930908,17624027,14212853,8471561
20254,전통시장,"신월7동 골목시장(약수시장, 우성상가)",슈퍼마켓,288000000,9026,184740690,103259310,154975577,133024423,414910,13119076,40687437,63370902,68009238,102398437
20254,전통시장,신영시장,신발,96167062,1836,55245325,40921737,46304011,49491364,0,0,6640914,4127064,17781554,67245843
20254,골목상권,돌곶이역 1번,슈퍼마켓,60552279,8054,39992668,20559611,40821791,19730488,121078,3529694,8820286,8167517,15792813,24120891
20254,전통시장,중부시장(신중부시장),한식음식점,1717023089,39441,1472947414,244075675,899281006,360469362,754749,69424298,162657739,207682553,288903906,530327120
20254,골목상권,구로보건소,네일숍,1704328,20,1704328,0,0,1704328,0,0,0,1336728,0,367600
20254,골목상권,우장산역 4번,스포츠 강습,92827914,580,84031720,8796194,23300555,69527359,0,0,23862014,60356859,1216495,7392546
20254,발달상권,방배역,일반의원,17107538864,175454,14509510063,2598028801,5905983729,11201401219,19632016,1360845302,5277695356,4075407315,3206474190,3167330768
20254,골목상권,구로구민회관,조명용품,270191544,3416,268793921,1397623,21585508,9006902,0,776457,1552914,5046971,6677532,16538536
20254,골목상권,돌곶이역 8번,커피-음료,209307301,26577,160844595,48462706,69084845,126610015,3742377,52279335,38309755,34049776,49199188,18114431
20254,골목상권,돌곶이역 8번,당구장,91706682,2094,74676954,17029728,64666042,27040640,147734,10009695,32586938,2139120,11565402,35257793
20254,발달상권,"양재시민의숲역(양재동꽃시장, aT센터)",노래방,677211955,14711,550047131,127164824,401561950,84950512,4348758,24397859,80512297,202156360,134275883,40821308
20254,발달상권,뱅뱅사거리,양식음식점,164835013,3706,146674677,18160336,57744418,54426606,173237,14057642,36010245,20342914,32734071,8852916
20254,전통시장,전농로터리시장,일반의류,212132260,3419,159770735,52361525,76455758,135676502,0,1018054,9435755,6676542,45233055,149768854
20254,발달상권,강남구청역,시계및귀금속,195913842,373,145424527,50489315,96808587,98625608,0,727153,50195012,51267465,57954036,35290529
20254,골목상권,신월3동주민센터,치킨전문점,24340748,937,16531924,7808824,19870533,4470215,0,944253,1210293,5530625,5957788,10697789
20254,발달상권,오금역,미용실,206102837,6190,136072480,70030357,113856612,92246225,216246,22565449,42436273,35625283,53808392,51451194
20254,골목상권,강동역 4번(강풀만화거리),스포츠클럽,61577718,241,60598124,979594,21474537,40103181,0,10042551,10023482,8649518,12319160,20543007
20254,발달상권,고덕역,일반교습학원,26708866832,88108,19583277286,7125589546,11459844388,15249022444,31572318,7774762,489550907,18850329993,7052498416,277140436
20254,골목상권,돌곶이역 8번,분식전문점,61838222,5780,45129980,16708242,32441710,29396512,932588,9218121,15279163,11578183,14406508,10423659
20254,골목상권,대흥역 3번,미용실,428490768,7046,288084606,140406162,161243012,267247756,15263278,65552032,66617260,117198336,120360839,43499023
20254,골목상권,화곡역 4번,호프-간이주점,410762865,6471,245471326,165291539,269052022,135334462,1185106,49516178,93731511,129175694,56856554,73921441
20254,발달상권,오금역,일식음식점,117800961,1408,86497435,31303526,63367789,15894551,0,0,2055609,8335737,28827083,40043910
20254,발달상권,신대방삼거리역,일반교습학원,6226404159,19953,4586870555,1639533604,3077647444,3025580163,2323516,5054608,283643179,3309458585,2387417601,115330117
20254,발달상권,북창동(시청역_6번),커피-음료,2397124533,236878,2112074158,285050375,864300884,1019622591,5181217,324991731,675223230,450786329,291641590,136099372
20254,전통시장,전농로터리시장,반찬가게,272547972,6964,162707213,109840759,96212625,135590143,0,6062172,31849980,6784232,28615683,158490703
20254,전통시장,연서시장,분식전문점,606110916,53849,411956843,194154073,241166103,303655432,2973774,47961609,109655640,115260825,147243364,121726322
20254,골목상권,서울프랑스학교,양식음식점,51000000,202,45739780,5260220,13727367,7613344,0,2293507,3475231,4188508,4643159,6740307
20254,골목상권,돌곶이역 5번,신발,32449529,558,24925696,7523833,5698759,26030097,0,0,578286,1196454,6592424,23361692
20254,발달상권,대림역,노래방,1193642850,6597,746272541,447370309,744497042,209173899,7842333,25687405,255250492,278672279,213172085,173046343
20254,전통시장,쌍문역동측상점가,화장품,21429765,1052,19872308,1557457,7437909,13991856,0,84187,934474,1035498,3350637,16024969
20254,전통시장,신곡종합시장(신월6동 골목시장),치과의원,1865235696,16332,1744159699,121075997,919672613,945563083,374100,73854570,169574575,287092593,435544169,898795689
20254,골목상권,둔촌고등학교(둔촌중학교),예술학원,149281140,641,122281140,27000000,68941758,80339382,0,0,56659962,77791197,14829981,0
20254,전통시장,청담삼익시장,화장품,790134789,951,790134789,0,122838596,667296193,0,8260397,103918575,119130698,476276841,82548278
20254,골목상권,신한은행 신월동지점,네일숍,6793081,59,3605223,3187858,2720307,4072774,0,0,425048,850096,565313,4952624
20254,골목상권,법제교육센터(버들어린이공원),일반교습학원,312091859,1023,293765187,18326672,148992998,163098861,0,0,20271566,195088523,86267315,10464455
20254,전통시장,화양제일골목시장,커피-음료,18625187,4137,11829206,6795981,8863721,9310351,972330,7962853,5537746,2000430,1122314,578398
20254,전통시장,"이화여대 3,5,7길 상점가",네일숍,67025582,1139,53098613,13926969,7166388,59859194,5343299,27253140,8982037,11117049,9034471,5295586
20254,발달상권,개롱역,패스트푸드점,116769219,9989,81673649,35095570,67034119,46265531,4893997,14311217,26542928,29905503,23928210,13717794
20254,발달상권,등나무근린공원,미용실,419552993,8100,305329843,114223150,144846878,274706115,1797684,27722062,38249186,84695152,113914429,153174480
20254,골목상권,석관중앙교회,자동차수리,32191599,435,22013100,10178499,26703324,4606256,0,1058423,4822304,5667945,5549735,14211173
20254,전통시장,신금호역 골목형상점가,편의점,303359324,45529,220894099,82465225,196059827,107299497,2392570,34837380,112711991,68961069,56924840,27531474
20254,골목상권,등촌역 4번,피부관리실,1439326,8,1439326,0,0,1439326,0,0,259551,0,0,1179775
20254,골목상권,인헌고등학교(인헌중학교),의약품,371792252,40815,308716082,63076170,183757603,187741300,433338,20185687,59633993,102361284,71015635,117868967
20254,골목상권,석관중앙교회,일반의류,55787385,1209,38024492,17762893,30195226,25592159,0,3127755,1707682,5076414,23881393,21994141
20254,발달상권,양재역,일식음식점,1632644524,19106,1422430469,210214055,616540017,255544437,1830716,73670524,215593041,186884518,213644811,180460842
20254,전통시장,길동복조리시장,일반의류,330712953,13702,218627243,112085710,97472599,230941908,119127,4972033,19301110,31758689,91359073,180904475
20254,골목상권,굽은다리역 4번,당구장,564611,59,564611,0,364644,199967,0,0,0,388170,176441,0
20254,발달상권,명동역(명동재미로),한의원,378468419,508,273828052,104640367,74474117,303994302,0,47069416,105110469,61387009,113228957,51672568
20254,발달상권,중림동,반찬가게,824845938,3105,808283460,16562478,700109771,12594385,0,0,0,0,0,712704156
20254,골목상권,홍대땡땡거리,편의점,336078464,39477,238868348,97210116,197113531,131123123,7428759,70457211,101613825,52735555,67846557,28154747
20254,발달상권,서울역,여관,16655866,258,12732492,3923374,12529833,1991308,0,3819871,3622624,3904540,1311044,1863063
20254,전통시장,신성시장(신성골목시장),호프-간이주점,73096532,1863,47195877,25900655,58217431,14879101,0,997188,5694471,17936269,16925961,31542643
20254,발달상권,경찰병원역,한의원,632188336,15156,482266244,149922092,318793507,301454535,0,4765375,36126023,60129379,99688202,419539064
20254,발달상권,르네상스호텔사거리,가방,39000000,16,27158011,11841989,21399691,16436130,0,0,17919430,1176455,0,18739936
20254,발달상권,미아역,슈퍼마켓,1948762648,238593,1419841160,528921488,1149936799,748681105,15367771,187127746,307847238,381141360,480611557,526522232
20254,골목상권,석계역 7번,일반의원,204187806,5422,164736484,39451322,91765912,112421894,0,1134049,3432567,11646912,75100686,112873592
20254,골목상권,석계역 7번,편의점,1520972976,205909,1069592242,451380734,1033507326,487465650,14805296,230980246,400490669,415801493,305290538,153604734
20254,발달상권,서촌(경복궁역),철물점,73088624,3985,72001912,1086712,11627818,15865994,0,0,5650903,5071323,13330334,3441255
20254,발달상권,경찰병원역,네일숍,12492621,214,9994097,2498524,1070796,10351029,0,1695427,2766223,5532447,0,1427728
20254,발달상권,안암역,패스트푸드점,154918927,13309,121565030,33353897,67201104,70259206,4964287,67994566,17561261,9664966,30161096,7114133
20254,골목상권,용강동주민센터,일반의류,59551649,582,59551649,0,19366391,40185258,0,0,9683196,9683195,0,40185258
20254,발달상권,개봉동 현대아파트,커피-음료,266019847,41579,200689806,65330041,105644921,140245460,1607150,23946548,67940508,73582250,49694195,29119728
20254,골목상권,석촌고분역 1번,애완동물,15182582,101,8402573,6780009,7388470,7794112,0,0,2173079,3737696,5505136,3766671
20254,골목상권,낙성대역 1번(관악구민 종합체육센터),예술학원,29468900,212,27675523,1793377,8804065,20664835,0,0,0,26167375,3301525,0
20254,골목상권,석계역 7번,일식음식점,51243651,717,35125872,16117779,33638870,15812987,160293,9091756,22336357,12344741,4960850,557861
20254,전통시장,쌍문역둘리상점가,미용실,69848397,2032,44770451,25077946,30552514,38693922,95516,9599595,15234085,16989913,16810214,10517113
20254,골목상권,한성백제역 3번,세탁소,54606034,2518,46046345,8559689,27155665,27450369,0,4353306,13082238,14847109,13608834,8714547
20254,골목상권,석계역 7번,피부관리실,116514210,522,51531532,64982678,29233899,87280311,0,75850847,9734698,23769343,0,7159322
20254,골목상권,천호역 6번,피부관리실,30227725,259,26202558,4025167,13387530,16840195,0,3888862,2375571,9086315,11236943,3640034
20254,골목상권,양재역 8번(양재동우체국),일반의류,223512021,1373,155383477,68128544,82037601,141474420,0,0,3875200,40354693,20695615,158586513
20254,발달상권,가로수길,문구,133811761,2279,101058889,32752872,27775091,104356131,0,10650466,10845025,32852729,38170602,39612400
20254,골목상권,굽은다리역 4번,세탁소,72340537,4056,51940357,20400180,18008996,54331541,0,6865371,11684224,19311970,23884873,10594099
20254,골목상권,청룡동주민센터,자동차수리,180381790,2692,109403215,70978575,126199547,32839481,0,7656967,17830806,23624850,71433310,38493096
20254,발달상권,서대문역,분식전문점,489560764,19336,448020742,41540022,122131485,151040168,6769295,38631376,70637226,74367697,64550641,18215417
20254,골목상권,광흥창역 6번,미용실,13909678,465,2632259,11277419,1548388,12361290,0,0,2580646,0,5599999,5729033
20254,골목상권,인수중학교,조명용품,357746355,985,290376014,67370341,0,357746355,0,0,357746355,0,0,0
20254,골목상권,송정역 3번,육류판매,204995882,6911,135993855,69002027,84260551,98371696,0,6640165,21620658,20609531,40135662,93626231
20254,발달상권,고속터미널(고속터미널역),양식음식점,183488032,5863,118161810,65326222,87559989,95928043,11801985,78205602,47588731,16404900,24252890,5233924
20254,발달상권,시청역_8번,일반의원,2304523758,41941,2233400142,71123616,1024952493,1279571265,904025,170883688,648317259,718966376,575786410,189666000
20254,골목상권,북한산우이역 2번,한식음식점,2309490048,44986,1265598309,1043891739,1197866718,817565461,1432277,62355774,186394254,296274128,542793118,926182627
20254,골목상권,구암초등학교,커피-음료,34408443,4989,26084763,8323680,14974984,18676485,275688,1258621,8065853,13145935,6874751,4030621
20254,골목상권,봉천역 1번(관악초등학교),분식전문점,25870715,2051,18080038,7790677,9563290,12269767,320735,6646562,4694329,4700943,3990735,1479753
20254,골목상권,북한산우이역 2번,슈퍼마켓,386944797,41996,270324369,116620428,196071130,166861096,729458,8052869,13980308,36453280,78799280,224917032
20254,골목상권,북한산우이역 2번,일반의류,1541648853,9620,941314503,600334350,749922145,644345425,3762663,23747941,259445339,180421506,388792813,538097308
20254,발달상권,몽촌토성역,문구,40556047,1005,40353970,202077,3652273,4775799,0,1047050,2120964,494907,3096501,1668650
20254,골목상권,남가좌파출소,제과점,481210665,43054,317887199,163323466,236826354,244384311,2607503,31300276,87723992,134417553,114474398,110686943
20254,골목상권,국립재활원,편의점,113656519,14314,76393655,37262864,76524242,37132277,586805,6970493,29080908,27832279,25021240,24164794
20254,전통시장,용산용문시장,청과상,6262569136,281016,4614591950,1647977186,1941943612,3438942266,3089169,94518272,422879087,642707929,1337773282,2879918137
20254,골목상권,국립재활원,미용실,31371990,658,17800028,13571962,6096977,25275013,0,0,2243254,723247,12238121,16167368
20254,골목상권,국립재활원,분식전문점,5090781,155,2199894,2890887,2199895,2890886,0,423056,0,3201128,70509,1396088
20254,발달상권,광화문역,중식음식점,3477513858,64177,2954008076,523505782,1170164600,769872846,4994864,189764644,528176683,476111909,388966495,352022847
20254,골목상권,무너미어린이공원,미용실,33892195,1437,22286662,11605533,13243655,20648540,0,1552256,2329893,3400515,8180121,18429410
20254,골목상권,둔촌동역 3번(성내3동주민센터),커피-음료,219332162,21347,110664584,108667578,71790102,127946729,182302,21488248,51461154,46574164,41189330,38841633
20254,골목상권,숭실대입구역 1번,미용실,159315694,3417,96006280,63309414,69507003,82254923,245029,8911458,27954614,40087220,50982115,23581492
20254,전통시장,동화동 골목형상점가,피부관리실,20783598,66,20783598,0,0,20783598,0,0,0,4353321,5476759,10953518
20254,골목상권,마천역(마천초등학교),편의점,266335150,38453,188014179,78320971,192829591,73505559,2678798,28797281,80152974,55718673,54637973,44349451
20254,골목상권,도곡초등학교,미용실,171471671,5450,107950206,63521465,82060167,72206356,2590448,6616318,16192563,24138441,42972933,61755820
20254,골목상권,무너미어린이공원,한식음식점,21362925,780,14262182,7100743,13410744,7743990,0,1196471,1541428,4536311,8485398,5395126
20254,발달상권,대치사거리,슈퍼마켓,1472175159,100543,1119792576,352382583,553624400,588282155,8556961,50727444,157355574,292682336,303155446,329428795
20254,발달상권,학동사거리,커피-음료,2005927155,162213,1439460724,566466431,659691562,995188813,10936468,349405798,625853994,298904581,223748886,146030653
20254,발달상권,노원역,청과상,269326876,22515,252700313,16626563,77244904,190844161,471208,3379198,16827941,36132101,84542455,126736163
20254,골목상권,절두산순교성지,양식음식점,128008929,771,80576016,47432913,65415788,39208687,0,21882357,41320078,26475687,9843206,5103148
20254,골목상권,오류동역 3번,일반교습학원,453128567,1232,382853139,70275428,146503145,270707538,0,1362319,20469258,332580784,37783568,25014753
20254,전통시장,신원시장,한식음식점,1446203253,62571,954608084,491595169,872487578,509017908,2479141,136535729,231492218,191448096,356350463,463199838
20254,발달상권,홍제역,호프-간이주점,864732774,14187,583261994,281470780,627963224,222630234,5930089,111974913,161101229,134393030,267672284,169521912
20254,전통시장,송화벽화시장(송화골목시장),패스트푸드점,101699682,8925,77739971,23959711,55988028,42713782,5401365,15036037,14224865,31640279,25186672,7212591
20254,발달상권,북촌(안국역),스포츠 강습,249068048,1330,249068048,0,61847087,187220961,0,36382178,80327219,115851470,14912877,1594304
20254,발달상권,동묘앞역(동묘),피부관리실,916753,32,687565,229188,0,916753,0,687565,229188,0,0,0
20254,골목상권,남강고등학교(남강중학교),철물점,49893602,2897,42934989,6958613,19511335,24747474,0,9985544,5070654,2921204,6858208,19423199
20254,전통시장,동대문문구완구거리(동대문문구완구시장),커피-음료,2491377,201,2491377,0,665524,203081,0,37521,63316,128040,418825,220904
20254,골목상권,솔밭공원역 2번,호프-간이주점,71164392,760,51844608,19319784,60702671,7169441,0,1207662,1106292,2483815,30518259,32556084
20254,발달상권,목동사거리,섬유제품,10576923,42,10576923,0,0,10576923,0,0,0,0,0,10576923
20254,발달상권,발산역(마곡),안경,606598908,5979,415121473,191477435,270213923,336384985,3526908,88461603,190999539,160652431,109769562,53188865
20254,발달상권,강동구청역,미곡판매,80992346,862,72012926,8979420,75665571,5326775,0,75665571,0,0,0,5326775
20254,골목상권,4.19민주묘지역 2번,분식전문점,82897654,7710,53598113,29299541,36958466,41017752,1309298,14144535,13097656,18307999,20453904,10662827
20254,발달상권,공릉역,노래방,174576870,1031,127755200,46821670,153776332,4219481,0,0,2880005,41523051,83802760,29789997
20254,전통시장,마포시장,호프-간이주점,778781586,15236,585288652,193492934,495920935,135054419,0,31825250,123704549,149358626,191786360,134300571
20254,골목상권,4.19민주묘지역 2번,한식음식점,1394738512,43976,839038419,555700093,754347842,531704719,3605452,62336702,158916608,194099636,379812881,487281281
20254,골목상권,4.19민주묘지역 2번,편의점,242763226,34573,168789631,73973595,166023791,76739435,1168671,30651601,65578103,40089607,61155712,44119532
20254,골목상권,서강대역 1번,일반의원,342075048,5037,272886918,69188130,83482282,258592766,0,22612163,147192858,63324777,54346663,54598587
20254,골목상권,강북문화예술회관,미용실,49684962,1809,35460154,14224808,13769615,35915347,65390,722403,6931524,8160143,10651649,23153853
20254,골목상권,강북문화예술회관,일반교습학원,108000245,378,108000245,0,64661294,43338951,0,0,24404458,80440038,3155749,0
20254,골목상권,영등포푸르지오아파트,컴퓨터및주변장치판매,144896377,434,144505118,391259,6216676,66079356,0,1695457,0,1956297,68644278,0
20254,골목상권,망리단길,안경,144629335,1099,74443310,70186025,52445275,92184060,0,15714602,41960466,36174573,31576641,19203053
20254,골목상권,강북문화예술회관,호프-간이주점,127482803,2671,85757823,41724980,95700733,27641426,0,8501960,13652665,28103972,54185964,18897599
20254,골목상권,강북문화예술회관,일반의원,153777343,8528,131294553,22482790,87924661,61851408,699955,8455631,12661547,29656976,47342892,50959069
20254,골목상권,석촌고분역 1번,가구,948754697,497,540308920,408445777,263483298,257599090,0,135300891,38718145,143032370,204030982,0
20254,골목상권,연희대우아파트앞,치킨전문점,79663980,7381,52244184,27419796,30233314,49430666,6209714,22902459,20718106,11779478,15658457,2395766
20254,골목상권,화곡2동주민센터,분식전문점,114218568,6032,75320110,38898458,52703939,58986574,447077,15977670,32745144,31288991,23130506,8101125
20254,골목상권,강북문화예술회관,한식음식점,478155832,9646,371958457,106197375,178306789,81250915,117761,7825240,36428591,42786912,120160291,51866251
20254,발달상권,동대문역사문화공원역,화초,279748536,5593,262801083,16947453,87105063,99941225,4030651,54502372,69809538,20263280,24299787,14140661
20254,골목상권,화계역 2번,미용실,8520302,300,2425288,6095014,3987646,4532656,0,136252,545008,1862112,3660643,2316287
20254,발달상권,사당역(사당),피부관리실,42235265,422,28457330,13777935,11454964,30780301,0,13988444,9451208,7524917,5658033,5612663
20254,골목상권,길동주민센터(강동도서관),피부관리실,21299363,60,21299363,0,7399446,12243866,0,0,7885112,4639885,193206,6925108
20254,골목상권,신월3동주민센터,노래방,105006848,2860,58747019,46259829,95864434,9142414,654280,6039511,7057082,6517979,65300030,19437966
20254,전통시장,남대문시장(자유상가),철물점,5473334,334,5139471,333863,3291082,861973,0,0,291372,232692,1291949,2337042
20254,발달상권,동대문역사문화공원역,한식음식점,10596742075,286676,7881159164,2715582911,4898817173,3433785073,59700650,1085323651,1901265993,1648736529,1890366044,1747209388
20254,발달상권,매봉역,편의점,395602239,63384,314654265,80947974,243332108,117927556,3496304,42737194,95001428,93706242,80506586,45811913
20254,골목상권,등촌1동주민센터,반찬가게,395203327,24363,384128774,11074553,88280007,294266688,0,4746237,48095200,181622666,57904091,90178501
20254,발달상권,장지역(가든파이브),전자상거래업,232601702,1057,232601702,0,0,232601702,0,0,158592069,0,74009633,0
20254,전통시장,삼구시장(로타리상가),커피-음료,6510781,281,4455024,2055757,4983495,1527286,0,0,42278,0,1379314,5089189
20254,골목상권,수유북부시장옆,반찬가게,280239522,23136,219083727,61155795,117117823,161911220,0,4452507,14304458,17774342,69625117,172872619
20254,골목상권,수유북부시장옆,중식음식점,26602136,1533,19387370,7214766,16782909,7975056,342444,1809614,3911405,5177505,5235501,8281496
20254,골목상권,수유북부시장옆,육류판매,186682131,3904,134741700,51940431,50921806,123314886,0,580466,7702634,25094624,25197856,115661113
20254,발달상권,서초역,편의점,1674548055,284621,1454178854,220369201,914265652,411083300,10994078,174567887,379028740,314327469,298380653,148050127
20254,발달상권,신설동역,화장품,28843127,884,23156306,5686821,11306685,9644628,0,3199384,4052553,2559507,6645361,4494509
20254,발달상권,발산역(마곡),치킨전문점,251003126,4633,199647529,51355597,127094715,64159873,0,12570064,35069705,29201163,67420513,46993141
20254,전통시장,아현시장,의약품,57651037,3673,47645689,10005348,32373795,25277242,0,1046676,7452149,14804945,15005934,19341333
20254,발달상권,코엑스,일반의류,3606047803,1830,3254953921,351093882,1061864506,2397776317,0,455458191,1570459499,873440926,319727218,240554989
20254,발달상권,보라매공원,노래방,62013040,765,47951921,14061119,40072446,7786419,0,1065018,13521640,5469042,18892595,8910573
20254,발달상권,발산역(마곡),호프-간이주점,891525824,16707,636007427,255518397,441125921,210416194,2731159,116737459,213984744,191625266,89572562,36890922
20254,발달상권,장지역(가든파이브),조명용품,4507445369,7512,4406663011,100782358,398604582,305444320,0,0,86706859,87424515,344559034,185358493
20254,전통시장,영등포청과시장(조광시장),육류판매,775986638,11983,533379813,242606825,204313509,571673129,0,45340214,37886785,125861516,153898711,412999412
20254,발달상권,화곡역,의약품,4038303931,273670,3294822811,743481120,1878503254,2157518791,9258690,280431567,611767798,691258266,803712408,1639593317
20254,골목상권,남가좌파출소,노래방,125118883,1265,55575694,69543189,110647474,10174673,0,29281,4647576,4197339,35517990,76429959
20254,발달상권,회기역,핸드폰,14005749,800,14005749,0,0,14005749,0,0,0,0,8003285,6002464
20254,골목상권,삼전역 3번,문구,19426405,2880,14578803,4847602,5892244,13534161,180645,1163519,3942758,5124257,3047640,5967586
20254,발달상권,장지역(가든파이브),한식음식점,4118566109,170872,2752782902,1365783207,2143217452,1209223359,7683519,167523302,793977738,690535764,820209909,872510585
20254,발달상권,을지로4가역,슈퍼마켓,5561561,354,5561561,0,5561561,0,0,0,0,0,2404453,3157108
20254,골목상권,수유1동주민센터,일반의류,62569246,487,55638738,6930508,5061607,57507639,0,0,4399705,11680631,44542138,1946772
20254,골목상권,양화초등학교,세탁소,37222512,2313,28130701,9091811,13780665,23441847,0,3890014,7473636,10718727,9248051,5892084
20254,발달상권,개봉동 현대아파트,문구,86977872,8110,75406228,11571644,41662152,43150319,281256,5342074,9410944,14039095,29187820,26551282
20254,골목상권,신곡초등학교,커피-음료,12204338,1779,8900541,3303797,5502994,5713506,0,796969,2175100,1860909,2966876,3416648
20254,발달상권,코엑스,신발,6463762,24,4568902,1894860,6463762,0,0,0,3557038,1578652,1328072,0
20254,발달상권,"양재시민의숲역(양재동꽃시장, aT센터)",편의점,354271925,57638,288758930,65512995,247089335,87563997,5792338,44473748,98438736,73360090,69956502,42631918
20254,골목상권,수유1동주민센터,호프-간이주점,155509618,4415,98272682,57236936,99739440,44231439,863279,8784890,18148221,34413000,47402834,34358657
20254,골목상권,수유동우체국,안경,46411302,490,40191373,6219929,21160989,25060582,0,2258612,2440785,7110721,19377444,15034009
20254,골목상권,수유동우체국,미용실,218589173,5588,131375617,87213556,77756519,140832654,0,1369472,23721957,42574352,76006387,74917005
20254,발달상권,포이사거리(삼호물산),일식음식점,382034540,7207,348783703,33250837,88972446,60483854,209886,10475988,46524524,49394374,24959645,17891883
20254,골목상권,남성역 1번,미용실,269368251,6898,187660750,81707501,76972591,192395660,1009832,14097282,29049654,64250926,66573296,94387261
20254,골목상권,수유동우체국,호프-간이주점,76357071,329,56000243,20356828,54609403,21747668,0,0,7422024,11253153,19598188,38083706
20254,발달상권,대치사거리,편의점,968993121,181015,664347504,304645617,614515684,338970135,57426019,110931938,151165223,337450784,221532583,74979273
20254,발달상권,은마아파트,호프-간이주점,313452825,7980,199613927,113838898,173501431,111448038,14345781,34291078,37187582,93889507,82748475,22487047
20254,골목상권,개포고등학교,서적,36240925,1211,30100799,6140126,11756761,24484164,0,0,872487,29195594,6172844,0
20254,골목상권,수유동우체국,자동차미용,1137441,4,1137441,0,1137441,0,0,0,0,0,0,1137441
20254,골목상권,양천향교역 2번,커피-음료,111514959,24482,80692030,30822929,50579621,57027069,2232158,21665177,25693972,24292639,18446545,15276198
20254,골목상권,강동구립 천호도서관,일반의류,20020453,20,20020453,0,0,20020453,0,0,0,0,0,20020453
20254,골목상권,남성역 1번,육류판매,101534097,3567,58055303,43478794,34190360,60002949,0,5884573,8875135,12348227,20735830,46349545
20254,골목상권,삼각산119안전센터,커피-음료,96168331,13967,61778892,34389439,35431490,50891983,732849,10457747,18371551,22729694,21473922,12557709
20254,발달상권,가락시장,미곡판매,24283973049,256958,21600312724,2683660325,12704969627,8514556750,0,13129270,4022995927,1636844862,3423851064,12122705252
20254,전통시장,동대문문구완구거리(동대문문구완구시장),가방,8771832,278,6757871,2013961,6308977,2218004,0,122425,81617,693743,301982,7327214
20254,전통시장,화양제일골목시장,분식전문점,263086626,25963,180379340,82707286,140840031,122246595,2187094,54921240,58332831,52197243,66269583,29178635
20254,골목상권,삼양사거리역 2번,일반의원,654841136,22380,571267760,83573376,263518516,391322620,332231,38267304,176877512,140778694,111376216,187209179
20254,발달상권,오류동역,가전제품수리,763636,64,763636,0,763636,0,0,0,0,0,0,763636
20254,골목상권,도신초등학교,의료기기,6736055237,6731,6736055237,0,4360814273,486280973,0,0,1534655948,1882791003,405192896,1024455399
20254,골목상권,삼양사거리역 2번,스포츠 강습,273131184,4848,256544550,16586634,96532080,160528422,897645,17317869,40996446,105320167,55007553,37520821
20254,골목상권,삼양사거리역 2번,일반교습학원,36859917,117,27583911,9276006,7567268,29292649,0,0,0,17331484,19528433,0
20254,골목상권,푸른들청소년도서관,스포츠 강습,44302343,228,44302343,0,10957759,33344584,0,10029802,13611790,18259269,400247,2001235
20254,발달상권,구의역,치과의원,1016582384,10999,893420207,123162177,409882207,606700177,419122,49290510,82909772,297173190,292894476,293895314
20254,골목상권,까치산역 1번,일반교습학원,19333104,66,18061189,1271915,12474940,6858164,0,0,0,9615674,9717430,0
20254,발달상권,홍대입구역(홍대),여관,115994126,2267,69556283,46437843,77920417,35518670,11429924,57008129,25447651,9994403,9247057,311923
20254,골목상권,망원나들목체육관,한식음식점,262232020,4819,176238159,85993861,117631926,124447532,411138,54111550,96441379,37757623,31806175,21551597
20254,골목상권,삼양사거리역 2번,당구장,11938054,874,7852470,4085584,10339564,1598490,757376,249959,1393523,1733468,4043090,3760638
20254,발달상권,서래마을카페거리(서래마을),일반의원,2939696484,38335,2437682595,502013889,1426334341,1511849944,2595662,95242132,380065002,1055959694,594376989,809944806
20254,골목상권,성남고등학교,운동/경기용품,8003937,217,4723465,3280472,7453731,550206,0,674780,3342760,2553786,1432611,0
20254,골목상권,공군호텔,분식전문점,192683073,16051,138538835,54144238,119774261,60894746,347175,18332249,37074499,38497110,56560561,29857415
20254,골목상권,덕수교,호프-간이주점,67042375,1012,48485401,18556974,40078392,22614943,141894,1812691,8200742,15175399,19236437,18126171
20254,발달상권,강변역(테크노마트),의료기기,45451586,84,45212367,239219,27270952,18180634,0,0,0,0,26314076,19137510
20254,발달상권,사가정역,일반의원,5091523873,160441,4179338168,912185705,2091934226,2999589647,11375826,319206937,810365279,1053424284,1165066663,1732084884
20254,발달상권,안암역,일식음식점,69287633,3428,69287633,0,39172198,28872943,2614409,30691569,13861105,5914981,11797571,3165506
20254,골목상권,가오리역 1번,예술학원,44462905,312,44036238,426667,34282074,10180831,0,0,106667,39982905,3306667,1066666
20254,골목상권,세곡초등학교,화장품,62257023,1020,48204177,14052846,6149304,56107719,0,843608,1516745,20669486,18399248,20827936
20254,전통시장,홍대소상공인상점가,커피-음료,2557511482,173517,1467300890,1090210592,939617502,1568309112,184389602,1046914798,566983228,397186680,265841966,46610342
20254,발달상권,홍대입구역(홍대),서적,854956775,34467,542347861,312608914,141988487,712968288,6264771,327681080,283767787,49693123,50455998,137094016
20254,전통시장,쌍문시장(쌍문역골목시장),애완동물,150000000,7972,109844437,40155563,36616187,113383813,189623,5850244,14404684,16970555,60385630,52199264
20254,발달상권,내방역,한식음식점,8894285810,221744,6711265371,2183020439,4000655616,2672913091,12686474,408023844,1147485722,1381563342,1663782612,2060026720
20254,발달상권,광화문역,제과점,719414039,59344,569869144,149544895,224319240,352546961,3397530,79491827,153860907,134632243,108931701,96551995
20254,전통시장,목2동시장,노래방,137889568,1528,107197900,30691668,118795811,8419274,411819,2777696,15644317,12171755,62988204,33128692
20254,골목상권,인수동 우편취급국,미용실,4118287,133,2213578,1904709,1801750,2316537,0,0,0,154436,1956186,2007665
20254,전통시장,오류시장,한식음식점,250027508,10896,190625429,59402079,135029914,92287986,238135,12859542,40346308,39473315,51810929,82589670
20254,전통시장,노룬산시장(노룬산골목시장),한식음식점,336984829,6580,215928936,121055893,175676320,126863823,73355,11450927,35091011,50118208,81395943,124410699
20254,전통시장,방신전통시장,애완동물,11346318,683,8405685,2940633,4231623,6979264,0,232707,95547,2303450,1811289,6767893
20254,전통시장,숭례문수입상가(남대문시장),가방,7680582,282,6457459,1223123,2349022,4814085,0,0,0,313621,533156,6316330
20254,골목상권,등촌1동주민센터,청과상,390000000,16218,319851256,70148744,66844093,143866254,0,286852,15646297,17549993,51179600,126047602
20254,전통시장,공릉동 도깨비시장,한식음식점,1157984410,44300,819071351,338913059,563492382,443010228,535680,54281825,134509418,139555594,249793330,427826767
20254,골목상권,수유시장옆,일반교습학원,98583970,1194,96100871,2483099,50115888,48468082,0,1815329,8940257,22262969,43486506,22078909
20254,골목상권,오금공원(오주중학교),호프-간이주점,77238558,1530,52975166,24263392,50613558,17897200,449830,5705161,12875013,15203706,19518234,14758814
20254,발달상권,한티역,호프-간이주점,334441647,11082,232468694,101972953,166100644,120786726,11505621,36117180,49359932,91313270,79747603,18843762
20254,발달상권,서울남부지방법원,편의점,143627462,22647,113735369,29892093,94570972,35839338,781793,12071979,30853849,36303347,26836434,23562906
20254,골목상권,수유시장옆,커피-음료,1185607,243,725485,460122,494206,691401,0,180154,282403,182588,355439,185023
20254,골목상권,방배초등학교,미용실,67074878,1444,47808152,19266726,19405863,47485317,0,5853902,5916560,9606003,31998913,13515802
20254,발달상권,동대문역사문화공원역,미용실,192996798,3429,148832778,44164020,82130028,107453292,252355,33727112,74649921,39989280,31345420,9619234
20254,발달상권,등촌역,가구,805165231,999,575639101,229526130,420469173,319039967,0,187187406,27100024,153981096,105914353,265326261
20254,골목상권,선유도역 1번,자동차수리,682950292,1854,638753983,44196309,434247420,124921554,0,22803100,18836967,197557639,125729976,194241290
20254,골목상권,개봉역,슈퍼마켓,3972715786,211830,2869311647,1103404139,1387376447,2436991294,6177615,114455907,423055403,563046335,857374496,1860257986
20254,골목상권,둔촌동역 4번,스포츠 강습,125000657,666,125000657,0,48982898,76017759,0,0,9403661,115596996,0,0
20254,발달상권,가락시장역,안경,130535982,1140,97308866,33227116,71489977,53780709,0,4365411,13960990,10133147,40616068,56195070
20254,골목상권,공군호텔,편의점,689910699,110681,500963224,188947475,466714234,223196465,3489869,134089102,196930298,131211432,133753173,90436825
20254,발달상권,상수역(홍대),예술학원,13845006,57,13845006,0,10526730,3318276,0,3255429,7748931,2777800,62846,0
20254,골목상권,대흥역 2번,청과상,542353865,40316,408317489,134036376,179238823,304794758,112453,8443335,22914204,85968544,154222870,212372175
20254,발달상권,선릉역,커피-음료,8750990478,1081747,6899243769,1851746709,4341384313,2918078696,176613317,1816923677,2514631811,1215117003,1030547089,505630107
20254,골목상권,신월3동주민센터,치과의원,1286757377,5002,1061269757,225487620,531781421,754975956,79862,78972806,317067822,152489449,377532579,360614859
20254,골목상권,관악해태어린이공원,전자상거래업,9000000,519,5976006,3023994,6669301,2330699,120844,2625740,3349682,796073,1176938,930723
20254,발달상권,고속터미널(고속터미널역),육류판매,253235672,3133,144122734,109112938,79912326,151345496,97644,7040190,17846592,65760457,48858784,91654155
20254,골목상권,남구로역 2번,한식음식점,1371985724,32036,1064925839,307059885,736580410,444204535,379749,77188727,295613691,260022840,333505027,214074918
20254,골목상권,만리재,한식음식점,189013459,3251,133482181,55531278,103416119,56865307,47531,6202266,9760448,19740822,46231560,78298802
20254,골목상권,이수역 10번,한식음식점,947645704,20965,655825256,291820448,513101007,326214689,2448535,69461212,168338129,168892433,199719323,230456064
20254,전통시장,"동원전통종합시장(동원시장, 동원전통시장 상점가)",반찬가게,3593490879,116597,2723130376,870360503,847780279,2678726324,592576,61325119,133477151,272537565,738329256,2320244936
20254,골목상권,수유초등학교,자동차수리,112057966,986,91818051,20239915,53127012,51998108,0,228263,1898177,3237950,66996225,32764505
20254,골목상권,남구로역 5번,시계및귀금속,9434462,67,9434462,0,331019,9103443,0,0,103443,3085801,6069364,175854
20254,골목상권,삼양사거리역 1번,미용실,19536402,703,15955176,3581226,4741475,14794927,0,317697,1165531,2253849,5351297,10448028
20254,발달상권,선릉역,반찬가게,3109000000,559451,2641009211,467990789,1399896723,956862995,10656039,345441593,815548098,401748375,354687534,428678078
20254,전통시장,"동원전통종합시장(동원시장, 동원전통시장 상점가)",치킨전문점,151794631,7123,103517177,48277454,92858567,57172544,120711,9522812,20633687,29093695,40267725,50392481
20254,발달상권,오금역,자동차미용,70954094,240,64819483,6134611,38968090,27453717,0,1098736,6867102,19273666,9943138,29239164
20254,골목상권,묘곡초등학교(고덕아이파크아파트),노래방,51580426,370,42329413,9251013,29289260,22291166,0,0,106735,1604776,10013944,39854971
20254,전통시장,문정동 로데오거리 상점가(문정동 로데오거리),세탁소,6999853,345,5264921,1734932,3428097,3571756,0,318989,701775,3972902,923920,1082267
20254,발달상권,대치역,패스트푸드점,218032431,20125,149830530,68201901,90779804,95037476,7837125,17906753,26762548,66506683,49466324,17337849
20254,발달상권,군자역,의약품,6687228749,344061,5737570912,949657837,3140923365,3546305384,4204185,466338933,1016067837,1912759876,1319726054,1968131864
20254,골목상권,우이천 계성교,예술학원,56598311,330,52392125,4206186,25649840,30948471,0,20480277,10828491,19094290,6195253,0
20254,발달상권,중구청(퇴계로4가),화장품,6606776,60,6606776,0,6606776,0,0,0,0,0,6606776,0
20254,전통시장,"솔샘시장(미아6,7동골목시장)",당구장,16587101,1132,10437459,6149642,14491351,2095750,0,2073050,473623,3055781,7621883,3362764
20254,발달상권,성신여대,양식음식점,1005067732,39733,676239334,328828398,384677218,584383481,27492472,328902392,227770749,182937320,151706304,50251469
20254,발달상권,명동(명동거리),중식음식점,2598605406,65597,1976903154,621702252,1160622329,880795152,18130842,337797105,506917385,473388824,376507715,328675616
20254,골목상권,남구로역 3번,의약품,1219751156,59763,1097360000,122391156,640291114,579460042,96609,19906344,67490763,169751085,251895133,710611222
20254,골목상권,우이천 계성교,일반의류,14256715,199,6851740,7404975,8355975,5900740,0,5131851,3099379,2000832,3559481,465172
20254,골목상권,암사역 1번,한의원,53700321,2617,49726957,3973364,13382291,40318030,0,0,2562515,7572622,9905290,33659894
20254,전통시장,사가정시장,스포츠 강습,87146322,142,87146322,0,3153402,83992920,0,18499956,31639131,14926101,22081134,0
20254,골목상권,우이천 계성교,한식음식점,546167295,16137,384492333,161674962,277652339,240043204,1796498,47223805,95800049,101548866,150799533,120526795
20254,골목상권,가산디지털단지역 1번 출입구,한식음식점,1382352898,13887,1225317953,157034945,645231458,226493199,425134,115530150,218483819,216893230,239177715,81214609
20254,골목상권,송천동주민센터,패스트푸드점,15039186,483,10428320,4610866,6410571,5964855,0,604347,3781907,1659322,2543732,3786118
20254,전통시장,목사랑시장(목4동시장),한식음식점,499225313,25375,327717615,171507698,268632104,203051723,2270767,21178898,52446727,113454552,139297545,143035340
20254,골목상권,미아역 8번,화장품,362206313,380,362206313,0,246527857,115678456,0,0,0,0,56891044,305315269
20254,전통시장,화곡중앙시장,한식음식점,263300121,10667,202405448,60894673,140875668,94392494,0,25735399,49382302,49090708,51188769,59870983
20254,골목상권,방화역 2번,미용실,71371859,1882,47954931,23416928,35701370,34716443,273318,6681069,7829277,5460002,35911438,14262710
20254,발달상권,도곡1동,당구장,13441540,911,8728306,4713234,12726400,454090,240898,74775,1340678,943825,7870437,2709877
20254,골목상권,미아역 8번,일반교습학원,13317919,45,2959538,10358381,5179191,8138728,0,0,0,8138728,5179191,0
20254,골목상권,미아역 8번,일반의류,212235579,1902,173376859,38858720,13142033,199093546,0,3556665,2722965,9696371,46118306,150141272
20254,발달상권,대학로(혜화역),의약품,808834878,71535,700512416,108322462,323786069,482018150,6916522,144314041,154212262,108163205,154416886,237781303
20254,전통시장,"수유전통시장(수유시장, 수유골목시장)",시계및귀금속,148276184,149,105741744,42534440,21099582,127176602,0,0,56997065,0,58783936,32495183
20254,골목상권,공항시장역 1번,분식전문점,65150195,7896,44815890,20334305,40773579,18066507,287939,7312314,13745188,10468485,13093477,13932683
20254,골목상권,합정역 8번,여관,47859720,761,31248450,16611270,32257722,14494579,0,11175091,13579059,11443289,5447019,5107844
20254,골목상권,미아역 5번,슈퍼마켓,137454716,14486,94075488,43379228,73054703,62817649,132786,5682057,21562510,28240990,37548722,42705287
20254,골목상권,명일역 1번,미용실,29692375,678,21252371,8440004,16457425,13234950,0,2131967,3898060,5618916,3663472,14379960
20254,골목상권,문래중학교,미용실,8371514,269,4531513,3840001,4325800,4045714,0,85714,85714,3142857,2760086,2297143
20254,발달상권,장지역(가든파이브),일반의류,2530507661,46865,1716481702,814025959,717036189,1807314142,3618771,54115249,253828242,502056889,882531893,828199286
20254,발달상권,방이역,분식전문점,45702522,5019,35499180,10203342,17875169,22020163,668538,3122246,7771488,10321373,11318980,6692707
20254,전통시장,"중곡제일시장(중곡제일골목시장, 광성시장)",스포츠클럽,179579355,1171,147995404,31583951,126430058,53149297,0,16552476,85647273,21745296,15459926,40174384
20254,골목상권,미아역 5번,한식음식점,653304362,15309,453023833,200280529,403175924,227008378,5313681,70208721,142273340,152449641,161027555,98911365
20254,골목상권,미아역 5번,분식전문점,207477517,15555,178200770,29276747,163832219,43645298,46485,5708852,22199765,17599896,36255511,125667008
20254,발달상권,개나리아파트,일반의류,2323527066,9146,1355029186,968497880,1624209381,637461131,2470092,48658726,263445855,332763432,649688975,964643432
20254,골목상권,삼전역 3번,스포츠 강습,22000000,30,22000000,0,0,22000000,0,21212202,0,0,787798,0
20254,골목상권,미아역 5번,미용실,37873409,1015,27444547,10428862,15658000,21765838,313780,2697233,5443702,4773524,14534581,9661019
20254,전통시장,불광먹자골목 골목형상점가,미곡판매,206692711,2905,187004617,19688094,75460268,122647142,0,0,4454028,0,41485626,152167757
20254,골목상권,광산사거리,편의점,195582462,25264,137935885,57646577,138197514,57384948,2832352,17058507,49271193,61451206,43467849,21501355
20254,발달상권,개롱역,예술학원,250209158,838,165120697,85088461,86984402,157848294,0,32617202,23572087,183331616,3542350,1769442
20254,발달상권,남부터미널역,제과점,854964873,89665,667101110,187863763,322603652,415508285,6311392,101793842,170276259,143724159,160168257,155838029
20254,전통시장,성내전통시장,한식음식점,554686460,15346,380147929,174538531,341048167,185558796,827240,30711664,96867973,89031484,126590105,182578494
20254,골목상권,광산사거리,자동차수리,224551237,681,193415520,31135717,135107617,53816760,0,14677408,11439033,27104216,29306828,106396892
20254,발달상권,신도림역,제과점,118962694,12048,84285914,34676780,48414934,59957669,515937,8847672,27540290,23374247,24016090,24078368
20254,발달상권,사당역(사당),예술학원,368085959,997,318450865,49635094,95377226,272708733,9363634,143980952,130452039,40957749,14349716,28981869
20254,골목상권,영동초등학교,세탁소,51679157,2688,40061288,11617869,29223978,22455179,0,5055135,22231820,8710922,10070022,5611258
20254,골목상권,도곡초등학교,철물점,16741926,1263,14725119,2016807,8528906,6852283,0,5029867,0,2186899,0,8164423
20254,전통시장,새마을시장,화초,53393015,1856,38123423,15269592,23443466,19148491,926701,5249699,8771372,9385123,9682151,8576910
20254,골목상권,개봉역,분식전문점,248170982,43861,196501033,51669949,110204718,137966264,2847957,25606849,53571029,58832609,66762781,40549757
20254,전통시장,"수유전통시장(수유시장, 수유골목시장)",미용실,23128522,616,12163190,10965332,9616608,13511914,0,416894,1025003,2831771,8988177,9866677
20254,전통시장,강북종합전통시장(강북종합골목시장),한식음식점,4488047446,102841,3148122414,1339925032,2668892662,1413697128,12786119,337103225,753022306,862091420,1079765708,1037821013
20254,골목상권,방이역 4번,패스트푸드점,46685396,1520,30316978,16368418,18843839,14057918,0,977786,5199310,10173070,6277607,10273984
20254,골목상권,상도역 5번,화장품,13321411,506,10563349,2758062,4110743,9210668,0,286492,439182,1708418,2257395,8629924
20254,발달상권,코엑스,핸드폰,1081234992,7281,1038171232,43063760,216515415,126978260,2162559,12614928,73663970,31551737,100955466,122545014
20254,골목상권,방배초등학교,자동차수리,463292678,2642,326319604,136973074,275864382,97864869,0,6684042,29813505,107334160,135314297,94583248
20254,발달상권,여의도역(여의도),서적,675100829,1467,675100829,0,505303775,62684633,0,406742,35347115,516357968,11245445,4631137
20254,전통시장,창동골목시장,청과상,221546142,13232,153339892,68206250,62453475,159092667,62506,4521304,10216382,22222207,45758324,138765419
20254,골목상권,송천초등학교,피부관리실,21916394,50,15327466,6588928,0,21916394,0,0,0,1812689,11782477,8321228
20254,발달상권,교대역(법원.검찰청),패스트푸드점,652398296,65354,504939499,147458797,267754240,229933257,6364074,87373882,131988842,113392492,92839124,65729086
20254,발달상권,포이사거리(삼호물산),패스트푸드점,326587542,21146,263215775,63371767,115431378,91033385,1944350,34751887,53974412,49014372,40282978,26496766
20254,골목상권,대청초등학교,스포츠클럽,88000000,72,88000000,0,0,43137255,0,43137255,0,0,0,0
20254,전통시장,관악중부시장,분식전문점,27676666,1855,18260861,9415805,9080734,18159025,0,2341069,5676124,7356594,7672682,4193290
20254,발달상권,성신여대,치킨전문점,62473383,2638,35179635,27293748,41503119,20118690,606068,7869070,9775756,20130154,16723837,6516925
20254,발달상권,독산동,편의점,1852167113,257282,1337676089,514491024,1306666822,539924147,9506016,286381130,611351870,395078668,322938418,221334866
20254,전통시장,"이화여대 3,5,7길 상점가",신발,11111319,186,8100572,3010747,3353990,7757329,539384,1696608,0,676682,5766512,2432133
20254,골목상권,마포구청역 4번,커피-음료,119672252,18764,83850712,35821540,44890397,60827115,319047,14108395,34043849,32754995,17010911,7480315
20254,골목상권,신정롯데캐슬아파트,외국어학원,4271152,22,4271152,0,0,4271152,0,0,4271152,0,0,0
20254,골목상권,당산역 13번,화장품,90000000,22,45000000,45000000,90000000,0,0,0,0,0,90000000,0
20254,발달상권,남부터미널역,일반교습학원,336080848,1116,274557901,61522947,103094145,232986703,0,0,0,267426212,63439285,5215351
20254,발달상권,대학로(혜화역),당구장,17453192,1245,10591995,6861197,10723716,6729476,1041218,4099488,3748460,2927754,3177106,2459166
20254,골목상권,홍대부속여중고앞,호프-간이주점,160273539,4443,125791108,34482431,98708363,55508201,915128,31012299,46317825,27275693,37931415,10764204
20254,골목상권,성신여대운정그린캠퍼스,자동차미용,9085099,160,7352307,1732792,5940998,2295386,0,424357,1202345,3111952,2118571,1379161
20254,골목상권,성신여대운정그린캠퍼스,세탁소,37038253,1555,30947854,6090399,11683444,25049725,0,7598659,6842993,2945728,13304103,6041687
20254,전통시장,명일전통시장,한식음식점,96102875,4145,65050378,31052497,40556155,40449852,0,5410447,6098575,13162251,24255580,32079154
20254,골목상권,성신여대운정그린캠퍼스,치과의원,67737353,554,55039461,12697892,52479896,15257457,0,3592624,15612341,1389748,1077885,46064755
20254,골목상권,개웅초등학교(개웅중학교),분식전문점,23864734,622,15918638,7946096,16103737,7232139,0,1110603,6359522,3120264,9823545,2921943
20254,발달상권,매봉역,노래방,408315674,3023,315125250,93190424,233269945,33733759,685299,10986807,44574317,55155849,76742986,78858448
20254,골목상권,신월1파출소,미용실,128109886,4627,79816655,48293231,65783707,62326179,0,7912664,4512248,34552501,45474594,35657879
20254,발달상권,종로3가역,피부관리실,104122432,205,84715394,19407038,31976505,72145927,0,28116078,35111003,38431181,1677398,786772
20254,발달상권,건대입구역(건대),제과점,861604596,111440,639426063,222178533,304405430,523182078,17781348,252311293,177852625,125427363,135531812,118683071
20254,발달상권,신사역,애완동물,139854206,885,112950846,26903360,61066419,78787787,0,5483661,61547994,34531097,28759590,9531864
20254,골목상권,망리단길,당구장,25104701,1849,17116064,7988637,23504180,1600521,0,653220,881038,2583663,7754115,13232665
20254,골목상권,굽은다리역 1번(십자성마을),예술학원,5845703,44,5845703,0,899339,4946364,0,0,0,4946364,899339,0
20254,골목상권,공덕래미안3차아파트,피부관리실,42502743,77,29531972,12970771,3612326,38890417,0,16806431,12211610,1047381,2442984,9994337
20254,골목상권,신정역 1번,미용실,38223709,1396,23711557,14512152,11996844,26226865,0,4532009,719280,4612794,5780085,22579541
20254,골목상권,석수역 1번 출입구,호프-간이주점,160166547,3029,103762916,56403631,110934288,39181821,0,9102230,32967983,28396131,45165697,34484069
20254,골목상권,남성역 1번,컴퓨터및주변장치판매,3252662,27,0,3252662,0,3252662,0,3252662,0,0,0,0
20254,발달상권,녹두거리(대학동),슈퍼마켓,283051006,47124,209970936,73080070,193897303,89153703,1780836,52327197,88038678,54886087,63662908,22355300
20254,전통시장,망원월드컵시장,한식음식점,213387209,8685,137412838,75974371,100191957,98305319,891255,36902689,48665297,28092146,47393016,36552874
20254,골목상권,홍익대,전자상거래업,333000000,1711,333000000,0,64312632,268687368,0,0,223849525,23343684,4230064,81576727
20254,골목상권,도봉세무서,자동차수리,1776355036,9238,1605116212,171238824,1233102372,397025262,0,66270093,168725302,271751989,550998428,572381824
20254,발달상권,개나리아파트,골프연습장,61624519,1410,35074239,26550280,47327426,8944008,153677,1603364,4231244,18466865,29444534,2371749
20254,발달상권,잠실새내역(신천),일식음식점,3974347284,101493,2703130148,1271217136,1917616196,1578572434,50304037,694223721,968547987,810810357,585636812,386665710
20254,전통시장,행당시장상점가,일반의원,5863429563,86274,4786855992,1076573571,1825549671,4037879892,15981890,1037176138,1422899699,1106277914,1167723414,1113370508
20254,골목상권,망리단길,편의점,834416788,110009,565032666,269384122,534746285,295883233,4830386,147548514,285957586,166286759,115476419,110529854
20254,전통시장,까치산시장,커피-음료,87168751,16388,55748445,31420306,34687324,49377595,511150,16130226,35550747,13078333,11759195,7035268
20254,골목상권,방화역 2번,일반의원,1604477470,39765,1342158274,262319196,799526617,804950853,1345647,133682164,300120626,290093105,307056255,572179673
20254,골목상권,영등포역 2번,호프-간이주점,177286397,2672,117591355,59695042,83526060,64677333,0,10964967,33176313,34535521,31122227,38404365
20254,발달상권,올림픽대교북단,미용실,18612230,339,12336973,6275257,5024003,13588227,146061,574506,1397315,6104366,2682650,7707332
20254,골목상권,삼양입구사거리,조명용품,1450506697,34351,1314093622,136413075,489697495,378455684,0,660623,113766526,121247049,203164353,429314628
20254,전통시장,창동신창시장,일반의원,449463304,39303,403525824,45937480,185079553,264383751,900313,31932918,62366155,80017320,130271850,143974748
20254,전통시장,동화동 골목형상점가,반찬가게,111000000,6903,95662571,15337429,31120232,79879768,0,1280407,5695305,24851347,45950601,33222340
20254,발달상권,삼성중앙역,중식음식점,527530585,7167,380951854,146578731,165004286,166075272,563536,68146039,124267039,90946453,34904288,12252202
20254,발달상권,포이사거리(삼호물산),반찬가게,24612000000,1706818,22109634124,2502365876,11295548431,6906086449,67226373,1819173958,3724938885,5387226010,4631377183,2571692473
20254,골목상권,삼양입구사거리,커피-음료,9383128,1276,4301021,5082107,3565567,5204201,46819,536146,1413127,1864342,1539158,3370177
20254,골목상권,강북중학교,일반의류,33666070,2308,18360543,15305527,10993822,22672248,153001,10680946,11939268,4830987,3023469,3038399
20254,골목상권,뜸부기어린이공원,한식음식점,366051146,6623,226037606,140013540,212278496,120544662,420314,52430075,112547285,78354094,59073433,29997957
20254,골목상권,강북중학교,반찬가게,173577311,60968,112559222,61018089,80485289,93092022,150229,31397900,47935632,29144463,44517917,20431170
20254,골목상권,석촌역 3번,한식음식점,1396337913,32063,1005743632,390594281,799465724,402032135,7698268,172520772,387071757,171180479,199484833,263541748
20254,골목상권,송파나루역 1번(송리단길),자동차수리,101714432,660,63361599,38352833,70946160,23924695,0,3746997,4423482,9234437,27598412,49867528
20254,발달상권,군자역,한의원,808350298,18671,632123698,176226600,203670577,596343295,0,46501483,116653956,153004884,259534678,224318872
20254,골목상권,흑리단길,분식전문점,163712029,14591,122727967,40984062,70804875,80331077,1089510,13822674,22613531,35175640,44744286,33690313
20254,전통시장,까치산시장,신발,115873287,1229,79330779,36542508,17568782,98304505,0,420595,6755137,21521827,16239049,70936679
20254,골목상권,영등포구청역 2번,커피-음료,525201251,59267,431223146,93978105,164846220,297440326,370145,44924351,144423128,120532636,79463219,72573070
20254,골목상권,홍대부속여중고앞,커피-음료,223349930,22492,163053702,60296228,74489240,109782611,2708652,61781038,59076893,24811143,27894868,7999255
20254,발달상권,당산역,세탁소,105271531,7910,86578681,18692850,49908678,41356287,0,9905149,41305922,17916415,15404467,6733010
20254,골목상권,대흥역 3번,노래방,53559479,583,43841357,9718122,33213336,9083575,0,3065164,8610204,8232218,20446242,1943080
20254,골목상권,수유역 2번,한식음식점,1016273128,26112,780914171,235358957,441551039,318318227,381474,45374827,113227125,152116282,217968152,230801403
20254,전통시장,무학봉상점가,미용실,267215746,5370,172898974,94316772,97440469,164864516,1586431,38065058,44206350,44723651,56589378,77134119
20254,골목상권,수유역 2번,미용실,73924104,2436,47867985,26056119,36389824,37534280,690334,6269767,14283656,11319685,21609770,19750892
20254,골목상권,메디힐병원,호프-간이주점,173430369,3354,84508832,88921537,125185957,36318687,0,923664,5742204,9491125,32187776,113159876
20254,발달상권,DMC(디지털미디어시티),치과의원,1727017808,15880,1566270997,160746811,1094010769,613329372,554780,73266526,365305501,505327629,476689723,286195981
20254,발달상권,미아사거리역,여관,326919847,5930,191891598,135028249,227002591,69813170,972416,50585596,49755324,60897924,76754676,57849822
20254,골목상권,대흥역 2번,한식음식점,1755867173,48886,1311852173,444015000,884865770,532758626,18737822,189985749,267839315,331861366,348932817,260267325
20254,발달상권,장안동사거리,의약품,15065689029,367546,14290099232,775589797,8337567912,6694832889,15031152,277502464,865470148,1406388123,7927324808,4540684106
20254,골목상권,둔촌고등학교(둔촌중학교),일반교습학원,173088070,528,173088070,0,111953889,61134181,0,0,9028371,110085948,53973751,0
20254,발달상권,개나리아파트,스포츠 강습,309835273,794,265708148,44127125,101058099,174597313,0,9083786,37519913,138073807,72508114,18469792
20254,발달상권,을지로3가역,노래방,480730069,2235,400676414,80053655,461664603,14587677,1647489,5533872,28612451,217659665,75699986,147098817
20254,골목상권,송중초등학교,분식전문점,55077726,6232,49473760,5603966,24581337,24641919,0,3051607,7241210,12288598,15566215,11075627
20254,골목상권,신월3동주민센터,일반의류,340511543,3362,223726295,116785248,121919566,218591977,0,38828,510310,2584121,132320123,205058161
20254,골목상권,송중초등학교,치킨전문점,41879273,1524,25663453,16215820,24272263,16868305,0,2179007,3885574,7431287,15096540,12548159
20254,골목상권,송중초등학교,일반교습학원,62264119,181,54868003,7396116,17912354,44351765,0,0,0,35031758,26116010,1116351
20254,골목상권,송중초등학교,패스트푸드점,58402364,1125,41294410,17107954,43728632,13555081,182176,2837028,8304583,13574401,22459091,9926433
20254,골목상권,대림성모병원,한식음식점,1950724867,82196,1354850979,595873888,1044697196,810445115,4055346,184137988,362622101,375918436,447555015,480853430
20254,골목상권,관악구 중앙길,반찬가게,264000000,71999,177519743,86480257,149854817,114145183,11165900,58667164,90955906,13935700,42783961,46491369
20254,골목상권,뜸부기어린이공원,시계및귀금속,3437389,12,3437389,0,3228487,37982,0,37982,0,0,0,3228487
20254,발달상권,개롱역,화장품,245641049,806,245641049,0,55691754,189949295,0,0,79277829,0,19072519,147290701
20254,골목상권,샤로수길,분식전문점,217948252,18212,160664050,57284202,80336464,94825741,888810,46558265,55088990,29512071,29820147,13293920
20254,전통시장,관악중부시장,커피-음료,101694809,16528,71582392,30112417,42869724,58749905,269925,11725310,15965946,23661298,18222210,31774940
20254,골목상권,금천금빛공원(은행나무사거리서측),호프-간이주점,87212410,1303,63153992,24058418,77452874,8968203,0,1904549,906439,6771863,43039521,33798705
20254,골목상권,연트럴파크(연남동주민센터),한식음식점,104268547,3905,66244226,38024321,35437127,57019512,422747,21206458,35964613,15755401,11270142,7837278
20254,골목상권,송중초등학교,슈퍼마켓,320170606,28299,221071155,99099451,165808410,154362196,518223,17930014,32453288,51188861,97636858,120443362
20254,골목상권,굽은다리역 4번,철물점,12453142,907,10344038,2109104,7999189,2203700,0,306308,268019,3988426,1676449,3963687
20254,발달상권,양재천카페거리,자동차수리,2680675299,2414,2605171876,75503423,1507915379,248907688,0,85436030,129255933,817701971,420087545,304341590
20254,발달상권,선릉역,가구,390990857,16891,296617262,94373595,155053393,235937464,513689,27689697,94224367,93273858,132394554,42894692
20254,전통시장,연신내상점가(연빛거리),편의점,993467892,148302,687102659,306365233,634942052,358525840,10603120,202916905,313617494,178366558,170615081,117348734
20254,골목상권,방현초등학교(방배119안전센터),일반교습학원,266938613,784,266938613,0,182242567,84696046,0,0,392429,181532459,85013725,0
20254,골목상권,남가좌파출소,슈퍼마켓,260643013,3742,256925546,3717467,23944448,28849174,0,250668,3676483,10303571,18298347,20264552
20254,골목상권,마천역(마천초등학교),육류판매,18301960,395,8440187,9861773,3693641,14608319,0,0,0,592611,3812390,13896959
20254,발달상권,압구정역,의료기기,89904730,148,89904730,0,33161581,56743149,0,0,0,89904730,0,0
20254,전통시장,뚝섬역상점가,화장품,5111014,219,3102140,2008874,1202592,3908422,0,0,81995,0,382643,4646376
20254,발달상권,뱅뱅사거리,컴퓨터및주변장치판매,189410606,413,189410606,0,101926840,87483766,0,0,57772298,0,123797782,7840526
20254,발달상권,송파사거리(송파역),한식음식점,2266847733,52698,1517719249,749128484,1305317835,677949002,16823828,131712918,389704743,497712793,470809032,476503523
20254,전통시장,묵1동도깨비시장,미용실,88442987,2093,43245935,45197052,40168201,48274786,0,8017973,18635704,35082188,20992811,5714311
20254,발달상권,신용산역(용산역),의약품,319381550,25714,274451566,44929984,156512926,150809409,1028175,40183987,97267607,54788601,59134429,54919536
20254,발달상권,녹두거리(대학동),화초,65254314,2064,48778884,16475430,39538438,25715876,242929,17218568,20705894,9930961,14471690,2684272
20254,전통시장,중랑동부시장,수산물판매,217546396,8488,165072645,52473751,76146169,141400227,0,1475684,7953861,55211861,45004528,107900462
20254,전통시장,남성사계시장(남성시장),한식음식점,5488376349,217402,3797349535,1691026814,3156160576,2055885980,17166798,275384256,631096476,758963801,1261798160,2267637065
20254,발달상권,롯데백화점(시청광장 지하쇼핑센터),시계및귀금속,27212730362,15780,23114158533,4098571829,8870716578,11397814576,0,382417583,3840950467,3133939618,4416660008,8494563479
20254,발달상권,서초3동사거리,화초,102657387,1907,68699337,33958050,40908420,33562423,883186,11978725,11430651,20821462,18659311,10697509
20254,발달상권,삼성중앙역,골프연습장,96000000,1406,82512619,13487381,58127434,18893734,0,2316974,19499848,30701181,20929754,3573412
20254,골목상권,구로4동주민센터,일반교습학원,417664339,1343,409574204,8090135,210209753,207454586,0,0,38697394,260223219,118743726,0
20254,골목상권,녹번동근린공원,호프-간이주점,234931835,5820,179082486,55849349,132116316,59306771,8900295,16790748,31457406,35258859,46230184,52785594
20254,발달상권,창동역,노래방,219184808,10034,120114091,99070717,183633186,35551622,2996782,14719393,13784358,78671629,82019300,26993346
20254,골목상권,둔촌동역 4번,예술학원,78911843,434,59799401,19112442,39084194,35907148,0,0,18663503,46699486,9628353,0
20254,골목상권,은천초등학교(은천교앞),한식음식점,48628172,1579,36221461,12406711,25792847,7389455,0,3254187,5130196,3379789,6368790,15049340
20254,전통시장,창동신창시장,육류판매,2320108963,70811,1438796851,881312112,964314679,1288873252,857782,30554331,198457035,502966430,546354827,973997528
20254,발달상권,교대역(법원.검찰청),화장품,12624102545,17561,12048725027,575377518,2399390826,10224132390,0,436595325,2574316634,2717713601,5764083977,1130813679
20254,발달상권,논현역,골프연습장,795962660,14870,650270724,145691936,276820901,408476370,3196,25364580,323989116,158071151,139346187,38523040
20254,전통시장,방이시장,육류판매,1090865778,37015,760529353,330336425,412826349,650182334,1279108,24602099,119792787,131317274,323712209,462305206
20254,전통시장,포방터시장,반찬가게,1266000000,40873,865668289,400331711,596282010,632531679,0,10984889,42450201,154995632,345851347,674531621
20254,골목상권,미아사거리역 3번,노래방,44385281,373,39046476,5338805,32411213,2951612,0,406719,4240101,8483874,7346038,14886092
20254,전통시장,창동골목시장,화장품,52202562,1778,39061539,13141023,8892068,43310494,0,171692,2082376,4211504,11380431,34356559
20254,골목상권,서울서부지방법원,의약품,91481949,8933,85977704,5504245,55100037,33926925,179881,4333815,9377552,14867258,21479141,38789314
20254,골목상권,송중동주민센터,커피-음료,15098808,1951,8993067,6105741,6594143,7896888,0,1255227,2606158,3286234,4217275,3126137
20254,골목상권,용강동주민센터,일반교습학원,2232234248,8810,2001211339,231022909,731579823,1500654425,0,0,230752745,1680185470,232340358,88955675
20254,발달상권,강동구청역,화장품,1648989,27,1648989,0,0,1648989,0,0,0,0,0,1648989
20254,전통시장,뚝섬역상점가,치킨전문점,17771553,650,13500468,4271085,8342162,5010519,263556,1721735,1531580,1554241,3020302,5261266
20254,골목상권,대왕초등학교(세곡동사거리서남측),커피-음료,4528754,448,4528754,0,1353035,3175719,0,0,469649,3824281,0,234824
20254,발달상권,교대역(법원.검찰청),의약품,4382905239,278131,3717851391,665053848,2175037922,2170096057,7304017,360778426,719054408,930337694,1056855320,1270804112
20254,골목상권,송중동주민센터,제과점,114383361,9588,72225775,42157586,52606382,61776979,142040,7078935,20939049,28004103,33236474,24982760
20254,발달상권,학동역,치킨전문점,520094853,11013,475382121,44712732,247025398,102821784,276005,49762943,129203777,95241757,56089505,19273194
20254,발달상권,석촌역(석촌호수),중식음식점,199074909,4424,127495934,71578975,97161821,72975819,912085,45602033,73699458,17793072,18571898,13559094
20254,골목상권,강북문화정보도서관,미용실,3106754,112,2334718,772036,465083,2641671,0,0,93017,93017,651116,2269604
20254,골목상권,공덕동주민센터,커피-음료,20997084,3014,17904769,3092315,8681520,9922033,102384,1871889,6184989,4061845,5021993,1360451
20254,발달상권,당산역,의약품,2770797078,229847,2366904851,403892227,1414735240,1356061838,9236669,238882144,563531982,537422837,545250911,876472535
20254,발달상권,영등포구청역,운동/경기용품,168836770,849,154138411,14698359,146742832,8705620,0,361601,11465481,17260166,98763445,27597758
20254,골목상권,공항고등학교,스포츠 강습,55092692,321,52388683,2704009,29816341,16022945,0,5738278,12541648,13770980,7905612,5882767
20254,발달상권,양재역,자동차수리,153000000,507,146586549,6413451,60723476,56304440,0,1674380,14806895,24251486,35830376,40464779
20254,골목상권,경성고등학교,편의점,938860495,131518,670274328,268586167,548678594,362562475,7162401,145780259,318104878,177560900,180471422,82161207
20254,발달상권,성북구청,일반의류,100146438,1531,95158300,4988138,13258433,86888005,0,1075509,0,2651687,17782990,78636252
20254,골목상권,둔촌고등학교(둔촌중학교),미용실,5594655,208,2471528,3123127,4128583,1466072,168514,56171,2033392,954913,909976,1471689
20254,골목상권,솔밭공원역 1번,미용실,15775911,680,10808754,4967157,7889918,7885993,0,224205,2475065,3304086,4685900,5086655
20254,골목상권,망원역 1번,커피-음료,412440944,25142,270501843,141939101,82105742,315256133,8320221,190835422,118123227,44721235,28562188,6799584
20254,전통시장,신금호역 골목형상점가,호프-간이주점,73796167,2651,55641111,18155056,30839191,29060788,0,3000273,9806627,16357264,16298671,14437147
20254,전통시장,망원월드컵시장,일반교습학원,92312223,245,92312223,0,40420457,51891766,0,0,3250596,72808646,16252981,0
20254,골목상권,관악구신사동주민센터,PC방,375569214,62782,241463497,134105717,307678319,67890895,13247351,183698270,103150031,35266822,27724705,12482035
20254,발달상권,강서구청,서적,16938890,153,16938890,0,6718550,10220340,0,0,6718550,4479033,0,5741307
20254,골목상권,덕성여대시반거리,일식음식점,113089861,6926,76719666,36370195,42093106,70633723,2103685,23455052,20177465,24815029,29395690,12779908
20254,골목상권,덕성여대시반거리,분식전문점,189144410,13458,115439926,73704484,77365986,110650815,2817609,24948729,25717641,53431910,60744926,20355986
20254,발달상권,응암역,일반의원,1851540557,29401,1600321352,251219205,840936254,1006137459,1631645,166943353,319046705,436587308,455050418,467814285
20254,발달상권,교육개발원입구사거리,화장품,2813633676,4393,2448917756,364715920,735309278,2078324398,0,0,337128404,1194806455,817497570,464201247
20254,전통시장,왕십리도선동상점가,핸드폰,9783097,161,9783097,0,1115242,8667855,0,0,0,8667855,1115242,0
20254,골목상권,신중초등학교,미용실,46549829,855,36856928,9692901,13136451,32913378,0,1693469,248240,4514526,13422478,26171116
20254,전통시장,제일시장,분식전문점,271312122,29592,184379074,86933048,124148059,147164063,1789561,32751210,52336581,56107629,72767579,55559562
20254,전통시장,풍납시장,의약품,1216000036,62870,992933083,223066953,612859324,603140712,1398949,13300015,61971637,127706323,277232384,734390728
20254,발달상권,선릉역,청과상,60239740,11079,56286711,3953029,53652545,6587195,0,4377205,48590957,5877859,1051527,342192
20254,전통시장,불광먹자골목 골목형상점가,여관,92372760,1806,57961771,34410989,52533522,14763146,1567324,8972838,16876336,10730457,15323377,13826334
20254,발달상권,한티역,네일숍,19763868,121,16246190,3517678,3561492,16202376,0,0,989303,3511432,9528738,5734395
20254,전통시장,미성동 도깨비시장 골목형상점가,일반의원,347850765,15283,268898618,78952147,92901778,254948987,156620,32680273,45075403,64467755,108394109,97076605
20254,발달상권,뚝섬역,패스트푸드점,421465473,16301,304619568,116845905,153993987,152495145,7988757,95799196,91869082,44745302,47142521,18944272
20254,발달상권,성수대교남단,패스트푸드점,162710719,14468,107987817,54722902,72135235,79112436,25463,14888527,51383514,46655125,22942789,15352256
20254,발달상권,종로3가역,전자상거래업,45432804,1208,45432804,0,20259486,25173318,0,0,0,0,8256848,37175956
20254,골목상권,염곡동 구룡사(포이동성당),철물점,598047919,16705,492162900,105885019,193605199,80480256,0,5588769,52631519,41508613,84713772,89642779
20254,전통시장,남구로시장,호프-간이주점,240270901,3273,126959377,113311524,229792173,9312989,0,1114416,242115,2858545,77084979,157805107
20254,골목상권,까치산역 3번,미용실,13764948,351,7852366,5912582,6748327,7016621,0,136608,1249770,2561676,5779756,4037138
20254,골목상권,쌍문초등학교,분식전문점,10438692,926,7618531,2820161,4816463,5622229,130359,1458281,1335005,1491674,2875738,3147635
20254,골목상권,말미고개,패스트푸드점,32514444,774,20529929,11984515,14258997,10413966,498549,2174610,5104695,5754662,7171380,3969066
20254,발달상권,고덕역,스포츠클럽,284988104,1075,276623664,8364440,129000353,155987751,295609,35818004,60436503,59984248,63842440,64611300
20254,발달상권,봉은사역,분식전문점,27759459,2866,27759459,0,11964442,12720052,193510,2963466,5520562,7230821,4898565,3877570
20254,전통시장,대림중앙 골목형상점가,노래방,140844983,607,72246907,68598076,78808675,47684228,0,0,17061015,56261616,27493664,25676609
20254,발달상권,목동신시가지,일식음식점,446661335,20307,323787191,122874144,191736490,163531468,18455307,20469251,40152240,133228218,101062107,41900834
20254,골목상권,쌍문초등학교,화장품,18720109,557,18720109,0,6452464,12267645,0,0,0,0,8682944,10037165
20254,골목상권,언북초등학교,피부관리실,102627756,88,49544434,53083322,0,102627756,0,0,79624983,23002773,0,0
20254,골목상권,삼전역 1번,네일숍,4332604,58,2792123,1540481,0,4332604,0,1925602,2407002,0,0,0
20254,골목상권,상일여고(상일초등학교),치과의원,721082972,5669,679484182,41598790,363858584,357224388,97624,30299743,56131763,148702578,169420031,316431233
20254,골목상권,망리단길,문구,110929113,6021,51822971,59106142,50797980,60131133,880948,41841809,46289870,14814376,5087078,2015032
20254,골목상권,상일여고(상일초등학교),육류판매,85990080,3112,48524526,37465554,29513095,56476985,0,5333303,3857398,15255972,19547001,41996406
20254,골목상권,연트럴파크(연남동주민센터),일반의류,21920751,960,16596454,5324297,719499,21201252,0,13478624,4724714,0,1319082,2398331
20254,골목상권,한일병원,인테리어,5158192832,56198,4302810682,855382150,2823187738,1701440084,0,74748560,182140478,928679894,1106247148,2232811741
20254,골목상권,삼전역 4번,일반의류,32228114,256,27855975,4372139,2767787,28497843,0,0,898232,3093658,4095316,23178424
20254,발달상권,까치산역,안경,901782454,9367,585266968,316515486,337732802,564049652,1606766,124973178,293908672,216250870,144566151,120476817
20254,골목상권,서강대역 1번,분식전문점,275309354,24603,213901337,61408017,160832896,107557519,10118856,75068123,53489227,46684594,59546826,23482789
20254,발달상권,구삼강변맛길,피부관리실,872727,10,0,872727,0,872727,0,0,0,872727,0,0
20254,발달상권,여의도역(여의도),당구장,621718356,22629,504116287,117602069,351421567,176324037,175474,14983549,92010809,90698756,219692799,110184220
20254,전통시장,서원동상점가,안경,692653175,10979,488891895,203761280,234969422,457683753,6106087,203517119,240784844,81486349,96176619,64582157
20254,골목상권,방학초등학교,패스트푸드점,12531108,881,10913182,1617926,6053563,6477545,382062,1154677,2367194,1749525,4643648,2234002
20254,발달상권,잠실역,일반의류,184115613592,4796538,110568944893,73546668699,62658985480,121455407773,1324628846,31171572215,58891101979,45669695662,28079956165,18977438386
20254,골목상권,방학초등학교,자동차수리,81181029,412,73812256,7368773,60024893,9036443,0,0,0,7541114,3986293,57533929
20254,골목상권,샤로수길,컴퓨터및주변장치판매,1650212528,871,1650212528,0,11208761,0,0,0,11208761,0,0,0
20254,골목상권,연희임광아파트,분식전문점,594880001,53387,455476667,139403334,229060000,302120000,0,67340000,172206666,158383334,69940001,63310000
20254,발달상권,금호역,의약품,1884663611,140546,1538960777,345702834,892488651,992174960,2106816,82726267,213692781,333902743,471390162,780844842
20254,골목상권,강동구립성내도서관,분식전문점,23079608,2320,20185980,2893628,10913216,10997250,0,2046000,5505931,6265874,4073732,4018929
20254,골목상권,방학초등학교,미용실,239907484,7285,155805226,84102258,82546428,153985811,2156787,6946078,25111231,65550763,59318799,77448580
20254,발달상권,사당역(사당),골프연습장,476725757,8674,264818936,211906821,399127912,67177140,7737357,90785596,159303196,70900286,85777482,51801129
20254,골목상권,삼성중앙역 5번,커피-음료,4565249,288,4386043,179206,2728398,981148,0,224007,685460,304650,241927,2253504
20254,골목상권,길동주민센터(강동도서관),한의원,278214159,7036,232515973,45698186,122425589,155788570,0,2297873,34101258,51523485,135630146,54661397
20254,골목상권,방학초등학교,일반의류,83164911,690,60450956,22713955,2637674,80527237,0,405405,139264,18416989,20905163,43298090
20254,골목상권,방학초등학교,편의점,249059996,32723,166315304,82744692,164075109,84984887,2453020,14224387,45265720,32092768,58123799,96900302
20254,전통시장,남대문시장(자유상가),중식음식점,837411066,21307,726827869,110583197,265433936,262918682,1313872,42070196,153642469,113908648,106352625,111064807
20254,골목상권,신방화역 2번,일반의류,342644831,5089,288958857,53685974,69538688,273106143,289117,1226410,7181678,65548735,134626416,133772475
20254,발달상권,삼성중앙역,네일숍,17188168,222,10158404,7029764,6287754,10900414,0,1861341,8371897,1993602,537721,4423607
20254,골목상권,샘말어린이공원,세탁소,29161630,1138,24397738,4763892,14570171,13266005,0,2071249,4629797,6907191,8678803,5549137
20254,골목상권,샘말어린이공원,분식전문점,20763710,4282,13197971,7565739,12796012,7967698,445715,3568043,3280715,4615323,3884838,4969076
20254,골목상권,샘말어린이공원,슈퍼마켓,132914645,15754,96252368,36662277,82106025,50808620,314973,12019954,8284859,32547107,34113185,45634567
20254,발달상권,중림동,한의원,192623538,4715,163241262,29382276,50812783,141810755,0,6394774,15683355,16788730,59239356,94517323
20254,골목상권,신길2동우편취급국,슈퍼마켓,163588735,15081,104574406,59014329,90281436,64751742,1078106,8610420,21632781,34399426,33522958,55789488
20254,골목상권,발바닥공원,일반의원,2664688847,114774,2213818247,450870600,1209478922,1455209925,6010029,108083520,352364136,534285435,829051898,834893829
20254,골목상권,대흥역 2번,화장품,26220600,338,26146980,73620,9303376,16917224,0,0,0,0,0,26220600
20254,발달상권,신설동역,신발,21532773,182,16585031,4947742,10930470,10602303,0,252436,353410,1615589,11006200,8305138
20254,골목상권,발바닥공원,슈퍼마켓,1464396488,88480,1027876752,436519736,533247622,875031640,1758469,21444535,116744079,208796288,404441692,655094200
20254,골목상권,발바닥공원,일반교습학원,1166219456,4995,924265693,241953763,465240243,700979213,0,0,65643373,886986416,211145793,2443874
20254,골목상권,국민은행방학지점,일반의원,1186860813,96821,1005351342,181509471,528886638,593554417,6160863,49717047,161877575,232888388,230000067,441797115
20254,발달상권,DMC(디지털미디어시티),슈퍼마켓,1282400280,204270,1056565624,225834656,822127493,333211215,4250675,213338690,405085530,260991352,245658944,26013516
20254,골목상권,국민은행방학지점,한식음식점,84484331,1112,59700853,24783478,35808337,40282831,281548,3261173,16602866,16089664,24088213,15767705
20254,전통시장,오류시장,치과의원,616353114,3481,533333370,83019744,279370064,336983050,0,5783423,75319786,128939055,67449314,338861536
20254,골목상권,국민은행방학지점,치과의원,233136632,2001,226052585,7084047,129770847,103365785,40009,5678392,10615955,15334685,60250023,141217568
20254,발달상권,마들역,치킨전문점,197344773,11927,139914148,57430625,118000688,79344085,2110387,19110451,40086690,40192565,53026884,42817796
20254,골목상권,국민은행방학지점,스포츠 강습,28079004,63,24425316,3653688,13132097,14946907,0,11793856,13132097,0,0,3153051
20254,골목상권,방학중학교,조명용품,160201262,3435,128592142,31609120,119133671,40545976,0,133139,33771544,52339359,24108619,49326985
20254,발달상권,마들역,슈퍼마켓,3320517854,163182,2278702824,1041815030,1167644486,2152873368,1898313,57800449,229562578,446212074,861343453,1723700987
20254,골목상권,말미고개,의약품,123499161,9991,101464988,22034173,48753468,71308522,0,11462139,17779962,11285537,31491675,48042678
20254,발달상권,노량진역(노량진),일반의류,9785522,80,8552278,1233244,80429,9705093,0,0,214477,0,3780161,5790884
20254,발달상권,보라매공원,화초,52284546,1051,42728026,9556520,10553957,14125857,0,4609774,7750352,4987183,2790127,4542380
20254,전통시장,불광먹자골목 골목형상점가,안경,27876149,283,23946442,3929707,10644530,17231619,0,388750,2332500,3994684,12385572,8774643
20254,전통시장,성동용답상가시장,인테리어,109522946,1165,108531121,991825,8954994,100567952,0,0,0,3358802,12201117,93963027
20254,골목상권,문정동성당,한식음식점,330193609,12581,277084782,53108827,182794536,96748305,1005710,9470061,36378168,64948409,79068997,88671493
20254,골목상권,방학중학교,편의점,303418901,41710,211246213,92172688,201639698,101779203,4026749,28515717,48954278,75904470,92163678,53854009
20254,골목상권,서대문구보건소별관,편의점,398792393,59044,274759142,124033251,265706779,127359517,4172359,47880494,78209681,79685326,111386798,71731638
20254,발달상권,대학로(혜화역),호프-간이주점,4890101302,131854,3048075021,1842026281,1975531737,2598560805,170986671,1667504868,1133624989,641451249,776679465,183845296
20254,전통시장,상계중앙시장,의약품,2145986275,31514,1771436588,374549687,395433812,1750552463,6340519,224558037,562688667,630364330,443764640,278270082
20254,골목상권,방학중학교,자동차수리,84763352,774,72965834,11797518,54692437,13514842,0,5205722,6639397,6164256,17699316,32498587
20254,골목상권,방학중학교,한식음식점,852153789,34278,577104073,275049716,512003763,318132185,875216,20544487,88420126,141443379,241906986,336945752
20254,골목상권,발산역 5번,예술학원,53822804,353,45485611,8337193,22831014,30991790,0,0,2950563,44395906,6476335,0
20254,골목상권,언주중학교,전자상거래업,218459213,605,218459213,0,0,218459213,0,218459213,0,0,0,0
20254,골목상권,우리은행응암동지점,화장품,16238929,597,12907219,3331710,5551166,10687763,176950,2593577,2194176,4888868,4873702,1511656
20254,발달상권,선릉역,세탁소,153813836,8364,125928017,27885819,69182407,68653877,0,15176863,37954924,40196008,26857039,17651452
20254,전통시장,청량종합도매시장,호프-간이주점,37807047,725,17018662,20788385,35498029,2309018,0,0,0,1325967,10840822,25640258
20254,골목상권,신한은행 방학동지점,한의원,64464044,3752,56343202,8120842,33923114,30540930,0,614753,567000,775422,6473078,56033791
20254,골목상권,신한은행 방학동지점,커피-음료,9912488,487,2806528,7105960,5563860,4003311,0,1698204,2281456,4579944,596026,411542
20254,골목상권,신한은행 방학동지점,치과의원,153468387,3399,153468387,0,55340159,98128228,0,13166287,9882248,8934052,35915688,85570112
20254,전통시장,화곡본동시장,분식전문점,194315440,20148,115212993,79102447,102380023,91166061,499757,13926041,41851502,55923542,47399513,33945728
20254,골목상권,신정2동주민센터,커피-음료,142272180,26438,96625618,45646562,63240346,73196286,2770303,15350932,24548150,45668672,34097078,14001498
20254,골목상권,신한은행 방학동지점,노래방,60618971,602,42318901,18300070,57261340,3357631,228017,222164,1001751,7044070,21554489,30568480
20254,골목상권,신한은행 방학동지점,미용실,39944433,1167,27450905,12493528,11198635,28745798,281145,3383328,7292742,6081111,11157774,11748333
20254,발달상권,수유역,피부관리실,397361153,4215,324787461,72573692,105448487,291296666,2918484,53350320,119944256,110746968,39209563,70575562
20254,발달상권,암사역,편의점,619735177,100697,476902544,142832633,400348340,219386837,9904162,73764798,157871788,123961479,146794127,107438823
20254,발달상권,천호역,스포츠클럽,121149935,237,118792750,2357185,46779344,72864625,0,10727018,51874646,36563957,1381899,19096449
20254,발달상권,교대역(법원.검찰청),골프연습장,599629849,10325,428228460,171401389,365592104,111092102,0,16312404,54204194,128197809,168203258,109766542
20254,골목상권,쌍문역1번(쌍리단길),일반의류,32824685,965,25277637,7547048,3998590,28826095,0,350754,1590083,4115507,13796307,12972034
20254,발달상권,이태원(이태원역),스포츠클럽,211665242,716,177579157,34086085,136705251,74959991,437529,37943195,108634192,42150546,218765,22281015
20254,발달상권,구삼강변맛길,육류판매,449934219,7113,346979301,102954918,192563114,166147429,0,8269293,44961208,74908883,107588360,122982799
20254,골목상권,쌍문역1번(쌍리단길),스포츠 강습,88430772,445,86263921,2166851,44998281,43432491,0,0,3033592,78295563,7101617,0
20254,골목상권,쌍문역1번(쌍리단길),일반의원,2787837238,124411,2455283012,332554226,1237394475,1550442763,8975452,210096998,358175426,388717110,523445778,1298426474
20254,골목상권,쌍문역1번(쌍리단길),청과상,27000000,2414,18799801,8200199,9663861,17336139,0,694494,1939650,1787851,9563210,13014795
20254,골목상권,시흥동 은행나무사거리,한식음식점,1244850111,30512,787182635,457667476,685827320,495970013,1497985,41344814,190649978,221581287,329502521,397220749
20254,골목상권,쌍문역1번(쌍리단길),슈퍼마켓,548624210,67893,379945277,168678933,309881533,224995452,16762829,42049633,158695325,108620790,102312649,106435759
20254,발달상권,발산역(마곡),의약품,1065249077,75038,872091833,193157244,472279699,592969378,2230529,94030316,211662452,168500975,194853086,393971719
20254,발달상권,뚝섬역,철물점,24000000,979,20199052,3800948,6295955,2422575,0,287229,2133518,612695,1264448,4420639
20254,전통시장,능동로골목시장,청과상,162715159,7446,123488898,39226261,44434887,104185222,141420,3589324,9244303,17093315,39659949,78891796
20254,발달상권,신사역,치과의원,4064969072,19894,3297626694,767342378,1827060515,2229398167,23928456,543477285,804614699,518139031,1084910755,1081388457
20254,골목상권,쌍문역1번(쌍리단길),호프-간이주점,326658538,6304,226984780,99673758,224466982,97492491,0,23317579,46622996,61179355,95035645,95803899
20254,골목상권,샤로수길,치킨전문점,141084828,3878,94818858,46265970,70056423,43134458,2305485,37442912,24330119,10405518,24564542,14142307
20254,발달상권,영등포역(영등포),노래방,1274001231,28432,695656148,578345083,893143208,358440776,10375590,344762018,473667202,191289167,145635378,85854627
20254,골목상권,도봉산입구,핸드폰,253064447,2354,253064447,0,226580958,26483489,0,23540879,20598269,200097469,4413915,4413915
20254,골목상권,도봉산입구,치킨전문점,191316666,7374,125264075,66052591,131323257,58680421,718260,15286857,28027756,40907446,62815826,42247533
20254,골목상권,천일초등학교,한식음식점,8828496,296,6577013,2251483,5857690,2770993,0,455571,767278,1308369,2037285,4060181
20254,발달상권,수유역,여관,1080640288,24949,644476516,436163772,737925142,271123913,8638501,179396872,203298844,253028228,255342115,109344495
20254,발달상권,압구정로데오역(압구정로데오),중식음식점,402991487,4745,268888336,134103151,153600420,175135749,166374,77009980,116172552,52474528,39051198,43861539
20254,골목상권,목동보건지소,치과의원,287457542,3013,212630531,74827011,132435442,138000515,147118,19775779,16894203,79056432,69803408,84759017
20254,골목상권,도봉산입구,미용실,110909201,4342,74944663,35964538,54484337,56424864,608367,3624811,10166939,17507979,39362912,39638193
20254,골목상권,양지어린이공원,일반의류,20000562,292,16845871,3154691,217003,19783559,0,0,0,217003,0,19783559
20254,발달상권,교대역(법원.검찰청),미용실,1244251315,13859,808655520,435595795,499383776,690711938,6423889,127979061,211711158,330393662,299985531,213602413
20254,발달상권,강남을지병원,문구,116246770,7474,111523946,4722824,26931272,32133919,1393037,8836724,11768885,14360749,17733050,4972746
20254,전통시장,방학동도깨비시장,청과상,2034308987,121075,1452678263,581630724,810859451,1223449536,0,29466140,86983820,148112182,492181001,1277565844
20254,골목상권,도봉산입구,커피-음료,101943627,18745,65027699,36915928,55159686,46642486,1009935,12721127,19421233,26573698,19668584,22407596
20254,발달상권,녹두거리(대학동),호프-간이주점,834360109,8526,485278333,349081776,690861252,113378705,1362193,102330885,345562883,138320965,183242523,33420507
20254,골목상권,도봉산입구,육류판매,529945266,17061,367020161,162925105,192248735,335454007,0,6965306,22142074,96265460,139383466,262946437
20254,골목상권,도봉산입구,노래방,260878601,2979,138377274,122501327,214912129,25358703,0,4460937,28210602,61194533,54652104,91752655
20254,발달상권,을지로3가역,일반의류,266790816,6119,228026297,38764519,48105750,218618762,0,248640,1408958,30894488,101790049,132382377
20254,골목상권,도봉산입구,슈퍼마켓,1486300060,131772,995359861,490940199,779338893,706961167,8510005,52364668,151874706,256431628,398630923,618488130
20254,발달상권,시청역_8번,분식전문점,242178679,49528,242178679,0,81468864,122547396,0,5959417,48276820,77283001,65510812,6986209
20254,전통시장,홍대 걷고싶은 거리,예술학원,216956327,566,138571060,78385267,61483845,155472482,0,28880843,18557466,112522227,56421460,574331
20254,골목상권,도봉산입구,의약품,1385839528,92974,1164170715,221668813,736040897,631142038,869630,22907481,60869095,108885124,317696715,855954891
20254,전통시장,새마을시장,수산물판매,1530612105,77477,1044492329,486119776,542774951,981045690,493680,37087459,113168536,318748544,408474618,645847806
20254,골목상권,도봉산입구,화장품,16984756,622,12133149,4851607,6202438,10782318,0,525013,449090,1097501,1661992,13251160
20254,발달상권,구역삼세무서,양식음식점,91199393,3345,83936690,7262703,43810266,22986682,310251,8197160,14622159,15461954,14980840,13224588
20254,골목상권,도봉산입구,철물점,100241912,5116,87108353,13133559,36749964,22530941,0,821192,6608496,10316928,13139596,28394695
20254,전통시장,"동원전통종합시장(동원시장, 동원전통시장 상점가)",신발,91363654,2705,66274029,25089625,32288136,59075518,331895,1938640,5749795,5609141,16552038,61182145
20254,발달상권,압구정역,피부관리실,1450346114,2601,1192748751,257597363,812949192,619529491,1066220,428489596,503558471,142950386,233585195,122828818
20254,발달상권,대치역,피부관리실,80800306,129,71052592,9747714,12939910,67860396,0,0,11890901,11400000,7947639,49561766
20254,골목상권,도봉산입구,분식전문점,397134474,35117,266160735,130973739,241905715,151251868,3637281,29152788,61839155,83872023,94050545,120605790
20254,골목상권,연트럴파크(연남동주민센터),편의점,470067470,71320,316644196,153423274,309016529,157954121,4477896,118914411,178472006,77754958,63512255,23839124
20254,골목상권,석촌역 7번,분식전문점,62192920,6852,47911406,14281514,26563495,22258297,72445,4555175,10813458,13066781,10651681,9662255
20254,골목상권,보라매역 4번,자동차수리,176147655,1149,129196976,46950679,103481090,39148121,0,6410605,25907920,24808491,43945343,41556850
20254,전통시장,봉천중앙시장,분식전문점,91627564,11786,67077223,24550341,50865233,40762331,159843,10965624,26070221,13976956,19530972,20923948
20254,발달상권,노량진역(노량진),미용실,65496301,2138,47237499,18258802,32923351,32572950,466827,16490409,18378678,6391601,15241650,8527136
20254,골목상권,쌍문2동우체국,치과의원,532590384,4134,481407009,51183375,253200693,279389691,2138598,5433072,59706303,92179508,92375266,280757637
20254,발달상권,영동대교남단교차로,예술학원,158658166,794,139644123,19014043,52233612,86072009,0,1527969,33155394,87288272,15004654,1329333
20254,골목상권,서울프랑스학교,한식음식점,191052665,2798,161189568,29863097,78510734,36336121,0,175253,9671040,18962366,39619543,46418655
20254,발달상권,명일역,여관,53089745,562,32457351,20632394,30585700,18911988,388330,388330,11844078,27751185,2329983,6795782
20254,골목상권,세곡초등학교,스포츠 강습,87224171,542,87224171,0,30592958,56631213,0,0,26615482,50707050,5905462,3996177
20254,발달상권,사가정역,한의원,105830996,5502,85386080,20444916,62609469,43221527,118861,6162994,8110535,16110971,26944532,48383103
20254,전통시장,중부시장(신중부시장),인테리어,13460515,456,9964926,3495589,3637019,9823496,0,2381359,9047548,680388,1351220,0
20254,골목상권,대림성모병원,일반의류,457202392,4644,379922098,77280294,152390723,298167047,0,0,13405939,22410364,131147596,283593870
20254,발달상권,연신내역,노래방,60826756,1071,41413558,19413198,49710144,6031731,0,562188,2358876,19494808,11029155,22296848
20254,발달상권,삼성중앙역,한식음식점,12570888957,173733,10596773317,1974115640,4113046350,2130964004,15480087,527398073,1570038377,1623656452,1439070227,1068367138
20254,발달상권,용산전자상가(용산역),전자상거래업,431003344,10256,259209544,171793800,343343276,81539359,395702,46930272,68815108,219856277,40923291,47961986
20254,발달상권,장한평역(장한평),자동차미용,119643359,393,52654258,66989101,78893365,31916344,0,1566580,47239743,12328301,35749818,13925268
20254,발달상권,남영동 먹자골목,일반의류,536840914,3255,386692698,150148216,81796004,455044910,514274,15838737,29300878,45087542,141885580,304213903
20254,골목상권,쌍문2동우체국,자동차수리,81438211,408,72728553,8709658,30052820,31890810,0,8027129,1184274,13572728,15886297,23273203
20254,골목상권,쌍문2동우체국,화장품,148108888,298,143443689,4665199,28384007,119724881,0,0,18180283,21932035,26224953,81771617
20254,골목상권,창2동주민센터,문구,92461504,2336,73401489,19060015,20300522,4195830,0,36485,583768,8187342,4049888,11638868
20254,발달상권,구로디지털단지,일반의류,4780961342,39409,4055317976,725643366,1689461500,3038243784,1717486,230450479,1420799986,1452808762,1051598835,570329736
20254,골목상권,창2동주민센터,제과점,103981591,12160,71872589,32109002,41096730,62884861,627967,7462338,23835386,26868751,29792590,15394559
20254,발달상권,목동신시가지,패스트푸드점,450235184,38485,312996790,137238394,191291688,183553480,17858756,23495283,47360462,155891549,94564293,35674821
20254,골목상권,창2동주민센터,중식음식점,7999896,504,4766522,3233374,6159191,1171533,0,346085,1056819,1721955,1552467,2653398
20254,전통시장,연신내상점가(연빛거리),일식음식점,1960400163,40805,1301808795,658591368,1199882077,737147326,30275965,510509028,632746097,314740753,286241693,162515869
20254,발달상권,서울역,치킨전문점,303476911,5156,243645212,59831699,155796239,66128995,601542,20291600,57390854,58771611,55791050,29078581
20254,전통시장,남대문시장(자유상가),수산물판매,30080262,360,30080262,0,1170789,28909473,0,0,0,0,0,30080262
20254,발달상권,등나무근린공원,슈퍼마켓,4681845466,213961,3226187686,1455657780,1849195678,2832516777,8597214,91501726,353077596,945950716,1398991409,1883593793
20254,골목상권,신월1동주민센터,미용실,53138003,1763,26384576,26753427,26464128,26673875,0,1381201,5250276,18620245,16263106,11623175
20254,골목상권,암사역 3번(천호동자전거거리),자전거 및 기타운송장비,143839181,764,59767119,84072062,77310710,15984122,1160649,1063729,2914171,28060632,22538449,37557202
20254,골목상권,창2동주민센터,호프-간이주점,12277790,347,5923692,6354098,6973279,4388573,393060,421909,1629939,2365574,1586666,4964704
20254,골목상권,굽은다리역 4번,호프-간이주점,313968409,6043,192276658,121691751,227126676,74815065,112891,18781101,45221473,50007128,96523829,91295318
20254,골목상권,개웅초등학교(개웅중학교),한식음식점,240111741,4741,158085034,82026707,159138805,64385945,736832,12611962,33786508,42725004,78295498,55368947
20254,골목상권,양재역 8번(양재동우체국),호프-간이주점,1291421641,27516,1015414941,276006700,678365448,361522382,10223108,191132743,356300095,219472150,170656032,92103704
20254,발달상권,길동역,문구,84310571,7875,79394345,4916226,30010311,20883094,596584,5437743,9206894,10980844,10296022,14375318
20254,골목상권,창2동주민센터,일반의류,66421413,1727,59863434,6557979,11242856,55178557,0,264097,59126,4983826,9325300,51789064
20254,골목상권,창2동주민센터,피부관리실,3888488,11,3888488,0,3888488,0,0,0,0,0,0,3888488
20254,발달상권,강남역,패스트푸드점,3236895535,272467,2438502938,798392597,1478658636,1211347305,66178906,802128068,861659865,449113458,383243996,127681651
20254,전통시장,망원월드컵시장,인테리어,642000000,38015,309500737,332499263,64523913,541059383,1611164,182402176,194457491,136113066,64363546,26635853
20254,발달상권,오금역,자동차수리,1049678886,3993,972718432,76960454,653492992,287696753,0,14213051,184482301,297584317,239096011,205814063
20254,발달상권,학동사거리,패스트푸드점,396348764,40112,272229505,124119259,212433438,122321489,3695445,63224755,99079737,73029786,57302053,38423151
20254,골목상권,아현역 2번,커피-음료,6253923,129,6086543,167380,2267238,3849738,0,0,152164,0,2967190,2997622
20254,발달상권,강서구청,철물점,36742683,2210,29296438,7446245,16759565,11652815,0,110583,1494675,10021016,2555388,14230719
20254,골목상권,도봉구보건소,의약품,632670389,38452,566547693,66122696,346860377,285810012,356688,11564733,35186029,69369180,124689024,391504735
20254,골목상권,독산2동주민센터,스포츠 강습,72249157,213,70654655,1594502,17592154,54657003,0,12356435,12962607,18665578,27168317,1096220
20254,발달상권,가락시장역,의료기기,501601049,765,463002978,38598071,140552614,361048435,0,0,17386518,0,125252477,358962054
20254,발달상권,둔촌역,일반의류,3315022332,34338,2299608868,1015413464,1004247097,2075056412,8892238,93304554,246105683,475170163,984570424,1271260449
20254,발달상권,가산디지털단지,피부관리실,200808666,1483,181839906,18968760,38663325,158830412,162269,102674532,73825894,6958681,12648388,1223974
20254,발달상권,명일역,서적,404146874,4164,372375169,31771705,135721109,264993615,0,0,118178220,221717614,18292716,42526175
20254,발달상권,장승배기역,일반의류,1376728127,23913,796032843,580695284,490758725,885969402,933560,98819659,271546550,429796421,345594306,230037631
20254,전통시장,중랑동부시장,한의원,107553745,4737,73981875,33571870,62375961,45177784,0,5280717,5733317,8970244,57954403,29615064
20254,발달상권,"이화여대(이대역, 이대)",일반의류,52570879,5553,38704718,13866161,22411047,27437499,1272479,10804021,8403811,11945875,11561246,5861114
20254,발달상권,대학로(혜화역),한의원,206913070,3485,145579025,61334045,51210831,155702239,543738,36609551,48917177,38080994,29009441,53752169
20254,골목상권,오류2동버들시장,청과상,197168440,10321,145975506,51192934,70392711,95508390,0,3103065,6001521,28260483,32339270,96196761
20254,골목상권,그라운드 고척,편의점,892872956,132267,589592815,303280141,573329877,319543079,26526261,156935014,202017610,196355267,178912767,132126037
20254,골목상권,도봉구민회관,미용실,59612974,1563,32367636,27245338,27466291,31532873,179176,10904000,14119053,6557834,14268838,12970263
20254,발달상권,연희동,치킨전문점,210575024,3995,160370149,50204875,106475119,73859378,804076,33365680,39570756,43529035,43679107,19385846
20254,골목상권,KB국민은행 서강지점,커피-음료,612642642,69193,429334274,183308368,259789512,313044840,880485,56807328,125181063,143610988,110268257,136086230
20254,골목상권,도봉구 정병원,노래방,63390246,429,30242390,33147856,62114073,684652,0,0,979754,126755,33928790,27763426
20254,골목상권,홍제3동주민센터,피부관리실,20844151,330,19890023,954128,775229,20068922,655963,8467890,11004702,477064,0,238532
20254,골목상권,도봉구 정병원,한식음식점,864500108,16702,585696912,278803196,577017917,246473967,1728111,51088535,128411473,163046882,227168519,252048365
20254,골목상권,도봉구 정병원,호프-간이주점,95477825,2053,70788600,24689225,74158255,18688155,0,5344851,11229482,13080276,37416462,25775340
20254,발달상권,구삼강변맛길,편의점,557079948,99040,392331807,164748141,336538877,202913415,22764519,78316481,120720495,127482993,129465755,60702050
20254,발달상권,종각역,외국어학원,1894613049,6693,1638792023,255821026,825492051,998421785,21847168,415328426,382816585,413474013,493724108,96723536
20254,발달상권,북창동(시청역_6번),일반의류,80098177,785,68784539,11313638,5177679,74920498,0,6447505,2154989,18462930,33237906,19794847
20254,골목상권,도봉구 정병원,미용실,14800078,469,9162510,5637568,7182874,7617204,0,1202092,1238981,3069145,5911417,3378443
20254,골목상권,이대역 5번,미용실,50553813,1533,36185620,14368193,16402903,32604595,0,5254524,5818550,4032842,11077458,22824123
20254,발달상권,신정네거리역,커피-음료,1187973966,139460,776004338,411969628,486234882,677316337,13011747,173592189,272798473,296064840,250030328,158053644
20254,발달상권,"양재시민의숲역(양재동꽃시장, aT센터)",한식음식점,8567937264,168523,6835908135,1732029129,4027038206,1633308913,9269714,415811141,1153431290,1278973156,1365850926,1437010897
20254,골목상권,화원중학교,일반교습학원,1103179753,2528,977113718,126066035,632330976,470848777,0,0,49674216,670757053,356251252,26497232
20254,전통시장,이태원시장,가방,252808490,363,234669299,18139191,0,182843040,0,0,0,181391905,1451135,0
20254,골목상권,남구로역 5번,반찬가게,6137457,504,3898970,2238487,3475845,2661612,68946,876949,1030456,1284248,1771313,1105545
20254,골목상권,방학1동주민센터,섬유제품,8588407,99,8588407,0,395519,8192888,0,0,0,0,395519,8192888
20254,발달상권,경기고교사거리(경기고교앞사거리),의약품,1349281800,50695,1250538961,98742839,659475462,651623382,753409,48249445,129474134,183410887,292759906,656451065
20254,발달상권,디지털단지오거리,일반의류,84940547,972,55429802,29510745,29204797,53350559,0,0,2279182,36505741,21626582,22143850
20254,골목상권,방학1동주민센터,한식음식점,2220782202,47756,1456643991,764138211,1279576649,737310928,3727129,94285427,258345165,351610431,561172585,747746841
20254,발달상권,금호역,신발,70804107,558,52524269,18279838,33737053,37067054,0,0,8953882,4126473,16075768,41647984
20254,발달상권,장지역(가든파이브),미용실,207336551,4918,118891839,88444712,120543713,86792838,401933,10996586,38441456,59150243,60660578,37685755
20254,발달상권,서초역,양식음식점,1015777412,11744,835887651,179889761,378692149,214411412,942115,57736987,155162473,175014315,112241959,92005709
20254,발달상권,도곡1동,호프-간이주점,64381631,670,54356723,10024908,24750946,13412653,0,2585572,7850980,5581872,12346145,9799030
20254,골목상권,등촌1동주민센터,세탁소,51958099,5421,35373353,16584746,19328642,32629457,0,10918149,11694050,17029719,6054802,6261379
20254,골목상권,방학1동주민센터,인테리어,5944795,301,5631345,313450,574659,5370136,0,208967,261209,1097076,2768812,1608731
20254,골목상권,방학1동주민센터,미용실,212256408,7642,144840947,67415461,80525269,131424938,412277,2639732,16293392,33403273,80605224,78596310
20254,발달상권,삼성역,치과의원,1821032045,12150,1709258518,111773527,923335299,892496731,2505411,78902135,256279452,390903440,443647385,643594207
20254,골목상권,만리재,일반의원,542694679,33709,422951075,119743604,213169215,329525464,3101010,47748864,50193182,82355576,218654161,140641886
20254,발달상권,DMC(디지털미디어시티),호프-간이주점,1658249945,81471,1542102505,116147440,550564334,517472012,5066100,156533748,382913374,282289762,192559402,48673955
20254,발달상권,구로디지털단지,일반교습학원,678000000,1866,568643662,109356338,395632821,255988894,556441,75998311,134375924,94327513,264416039,81947486
20254,발달상권,강변역(테크노마트),피부관리실,89927386,366,64745768,25181618,22207603,64306978,0,5167959,8202918,4790114,56165003,12188587
20254,전통시장,왕십리도선동상점가,반찬가게,313888972,7708,296455793,17433179,201123832,97350540,0,0,11010429,14864079,198646485,73953379
20254,발달상권,강남을지병원,의약품,157544516,6186,131074087,26470429,46940626,110603890,1144198,34355534,43967029,41717738,21397743,14962274
20254,발달상권,학동역,중식음식점,1447687830,30987,1166602905,281084925,563261548,274738638,541052,112284948,253481574,194037112,149777593,127877911
20254,골목상권,신창초등학교,육류판매,507678108,7194,388887119,118790989,261205572,225001727,0,5683286,118900667,195282585,64362633,101978127
20254,전통시장,답십리시장,미용실,81922082,1567,42212579,39709503,29034137,52887945,0,4808983,23324728,26577509,15659052,11551810
20254,골목상권,신창초등학교,슈퍼마켓,1561888324,117770,1165974498,395913826,986297372,520909523,8565478,33577372,151147502,370681064,486784834,456450644
20254,발달상권,대학로(혜화역),노래방,202110265,23433,125856081,76254184,95323579,98171149,19308142,80777313,41508725,24624079,18663928,8612540
20254,골목상권,신월중학교,서적,64970486,1729,50957208,14013278,21718995,32145888,0,1745927,3117878,5235017,15511792,28254269
20254,골목상권,신창초등학교,일반의류,114598680,3090,92720878,21877802,14781681,99816999,501390,10997833,14206723,14997620,67815833,6079281
20254,골목상권,영동초등학교,슈퍼마켓,134857043,5822,119199696,15657347,55138636,62388582,271605,8996598,22012377,28364431,31520681,26361526
20254,발달상권,도산공원교차로,일반의류,16987553049,35378,11667801747,5319751302,5607427907,8663970059,71414710,795831952,2997837301,3368410448,4243166745,2794736816
20254,골목상권,한울중학교,일반의원,683110082,44448,562780536,120329546,270543840,412566242,1169330,17125870,59898021,100623146,144596527,359697188
20254,골목상권,암사동성당(효정하나플러스아파트),한식음식점,999682014,22610,698079515,301602499,507080315,413900803,3767733,90335198,162857237,161365241,291615989,211039721
20254,발달상권,영등포역(영등포),호프-간이주점,6107832865,128049,3714456342,2393376523,3881161840,1964339422,34297273,1463790871,2331708829,929064917,719097544,367541830
20254,골목상권,신창초등학교,미곡판매,2147556069,3865,2147556069,0,85530457,1550710319,0,0,1282707,0,2332194,1632625875
20254,골목상권,서원동주민센터(신관중학교),스포츠클럽,11363107,55,11363107,0,6977347,4385760,0,2890615,4884143,0,398706,3189643
20254,골목상권,"신림역 5번(신림동주민센터, 신림동별빛거리)",세탁소,267740191,39629,179314306,88425885,132256097,133571338,3109527,91410253,82361405,51080851,26093116,11772284
20254,전통시장,대림중앙시장,화장품,88824008,2775,66679933,22144075,31963426,55411608,0,2095837,6554812,7899571,19216051,51608765
20254,골목상권,거여역 1번(거여공원),미용실,202801285,5242,121490272,81311013,73655451,127877972,1554002,14086574,26166769,63348243,60992514,35385322
20254,발달상권,신용산역(용산역),치과의원,1028004807,7415,928582516,99422291,559599524,455199494,637262,65389147,194217075,185642465,209928570,358984499
20254,골목상권,GS강동자이아파트,당구장,32228556,1333,24161985,8066571,31612648,615908,155862,0,408091,881643,25657810,5125150
20254,골목상권,신창초등학교,호프-간이주점,218560237,4492,143274585,75285652,165628883,41708613,544268,7379607,13239055,47868605,85695770,52610190
20254,골목상권,문정초등학교,핸드폰,29547940,1314,29547940,0,29547940,0,0,0,0,19698627,0,9849313
20254,발달상권,강동구청역,분식전문점,939501516,53865,732166778,207334738,445370302,365139079,3073729,59152826,147776314,202494078,216391188,181621249
20254,발달상권,상계백병원,스포츠 강습,55913910,222,51075564,4838346,10048872,45865038,0,3473684,38086467,5210526,4714286,4428947
20254,발달상권,어린이대공원역,의약품,183848867,19232,147374144,36474723,88574490,95274377,539890,34641180,34987423,41721614,29883795,42074965
20254,전통시장,신촌 상인회(신촌상점가),PC방,312654810,118875,195528241,117126569,147000816,165653994,13926092,183300241,70663319,23221434,19338219,2205505
20254,전통시장,이태원시장,양식음식점,576125686,6634,365628939,210496747,252065254,185404364,2419372,106450455,164961989,78888014,67162388,17587396
20254,골목상권,마포FM,일반교습학원,205041769,523,157801754,47240015,104531098,100510671,0,16081708,0,167852820,21107241,0
20254,골목상권,공덕동주민센터,스포츠 강습,95996709,214,95996709,0,43866720,47029207,0,0,33767173,39276019,13772111,4080625
20254,발달상권,대치사거리,자동차미용,25963114,180,12038261,13924853,14508799,1527242,0,0,13879934,89838,1437404,628864
20254,골목상권,구로보건소,당구장,30085515,1792,20298727,9786788,29388502,697013,901763,432346,571606,9896258,11832319,6451223
20254,골목상권,명지대학교교회,슈퍼마켓,224744920,23293,167276460,57468460,154986492,69758428,7717177,69082813,43772099,39677107,39245467,25250257
20254,골목상권,방학역 1번,애완동물,93612169,3084,65555824,28056345,25464003,68148166,0,6325689,12865820,23090607,25918245,25411808
20254,골목상권,성남고등학교,중식음식점,76195530,3904,49540574,26654956,40732690,29194448,4109555,9063990,7361290,15469332,20492780,13430191
20254,발달상권,논현역,의약품,5974106014,155085,4972059477,1002046537,1769472083,4174890843,14319672,1157591302,1863104288,1172936297,919878826,816532539
20254,발달상권,구로구청,한식음식점,4667935812,125797,3660561314,1007374498,1949964727,1360756961,8277770,213282235,586373705,698476944,926666939,877644089
20254,전통시장,신곡종합시장(신월6동 골목시장),노래방,77263551,7634,50785325,26478226,59036739,18226812,3443485,12636398,12457861,3486615,23473335,21765857
20254,발달상권,영등포구청역,당구장,171555862,5733,136145060,35410802,136524723,32502980,1475770,15800750,11603971,12420923,26083974,101642315
20254,발달상권,개나리아파트,한의원,237319607,4934,174229340,63090267,60333132,175189861,0,7794263,47247800,62616523,64938236,52926170
20254,골목상권,이수역 9번,한식음식점,906433976,17109,698848541,207585435,457542048,339955415,3201727,159527506,251863148,156443582,132054664,94406838
20254,골목상권,성서초등학교,편의점,354484116,47775,239026700,115457416,201666946,133027463,4300452,50303084,90419507,87502856,76383973,25784538
20254,골목상권,신정2동주민센터,슈퍼마켓,1661584315,261725,1200927243,460657072,953381238,704657748,35064822,232386481,291481478,491844484,440878905,166382816
20254,골목상권,신림역 1번,제과점,141783662,15161,114256644,27527018,54999752,79856408,601921,14229362,26328119,36322205,30501006,26873548
20254,골목상권,방학역 1번,스포츠 강습,61567460,322,61567460,0,36210317,25357143,0,11250000,7857143,8750000,22500000,11210317
20254,골목상권,방학역 1번,미용실,128773693,3804,83162999,45610694,46848132,81925561,0,10785474,10964782,16495539,38936744,51591154
20254,골목상권,방학역 1번,제과점,50019419,4795,36165500,13853919,25694234,24325185,70991,2268905,3467148,6319253,14589737,23303385
20254,발달상권,둔촌역,스포츠 강습,712377063,1926,534208875,178168188,234817948,452580469,5320847,160192817,262495949,52243914,155863783,51281107
20254,골목상권,방학역 1번,가전제품,2000506370,4476,1761336416,239169954,1011443135,939374351,0,32045294,136005887,226002682,702032904,854730720
20254,전통시장,"남부골목시장(남부화곡시장, 남부시장)",일반의류,1088360237,22369,790965491,297394746,343145803,744438495,162320,31915563,42650152,90913898,275480547,646461818
20254,골목상권,가리봉파출소,여관,130780838,2929,97092602,33688236,41335465,8774181,0,6460635,9971901,7464996,26212114,0
20254,전통시장,창동골목시장,육류판매,1189354912,49670,799087362,390267550,446200661,721797687,1887153,20121837,80714757,145889850,277288816,642095934
20254,골목상권,한울중학교,일반교습학원,63384853,165,61127182,2257671,41982894,21401959,0,0,4178142,40061666,7676079,11468966
20254,골목상권,방학역 1번,커피-음료,13370544,2384,9433338,3937206,5353677,8016867,0,1085084,1840431,2511988,3519513,4413528
20254,골목상권,KB국민은행 망원동지점,네일숍,4167872,55,3245296,922576,0,4167872,0,0,922576,1074529,0,2170767
20254,발달상권,회현역,커피-음료,1021035174,119188,784467039,236568135,393451090,525155288,7708667,148800241,294865415,206669755,140642019,119920283
20254,골목상권,망원역 1번,호프-간이주점,46669055,735,22641530,24027525,25385758,18141640,0,14195140,20068547,6333566,2329567,600578
20254,골목상권,방학역 1번,가전제품수리,9468493,313,6772603,2695890,5243836,4060273,0,0,82192,493151,936986,7791780
20254,전통시장,목2동시장,치과의원,590023746,4174,561035337,28988409,282023985,307999761,0,4781535,76019909,95154445,176510275,237557582
20254,골목상권,방학역 1번,당구장,51352239,3983,32444140,18908099,45749661,5602578,1604681,3211485,1683989,4949488,13280859,26621737
20254,골목상권,숭실대입구역 1번,세탁소,31941870,2650,25436507,6505363,17151974,14789896,0,3490280,5023610,3319791,14075874,6032315
20254,발달상권,중부경찰서(영화인의거리),일반의류,107340785,3995,69674317,37666468,26125670,81215115,4525429,27898753,20883386,23253114,19424750,11355353
20254,골목상권,방학역 1번,수산물판매,57000000,3525,41801995,15198005,21499228,35500772,0,370910,2034808,5517308,14422573,34654401
20254,전통시장,방학동도깨비시장,치킨전문점,65387475,4421,41248794,24138681,32341681,31170954,516839,1948917,4996478,11336165,15911942,28802294
20254,전통시장,홍대 걷고싶은 거리,편의점,1485688421,281715,968448164,517240257,840652004,638122173,66696071,603741613,428727579,180296886,143510118,55801911
20254,골목상권,신길6동주민센터,자동차수리,160838982,716,125928914,34910068,132567209,25570932,0,5425532,9787234,43694410,34584428,64646537
20254,전통시장,남구로시장,미용실,27370026,301,21302615,6067411,318478,27051548,0,0,172509,676766,20226273,6294478
20254,골목상권,도봉산역 1번,일반의류,557471115,7205,256545892,300925223,289148014,266824298,0,4182468,24334434,46605222,189139363,291710825
20254,골목상권,금산초등학교(금천고등학교),일반의원,413260439,24256,349490809,63769630,223113118,186582247,378001,10845418,25527798,41928798,93530105,237485244
20254,골목상권,강서고등학교,일반의류,4325249,9,4325249,0,0,4325249,0,0,0,0,0,4325249
20254,전통시장,망원월드컵시장,커피-음료,41518549,5736,25978602,15539947,11620753,29897796,559118,17241471,10025880,7213399,4968885,1509796
20254,골목상권,말미고개,슈퍼마켓,866680352,103701,603195175,263485177,559881658,306798694,4440583,106040100,210773189,233097973,172947880,139380627
20254,발달상권,북창동(시청역_6번),미용실,29877094,889,28008409,1868685,17257630,12068256,0,2040783,6222979,10458449,5688446,4915230
20254,골목상권,홍대땡땡거리,커피-음료,1013336508,120469,640828427,372508081,483605806,443390543,25714663,226427609,176862261,113044247,130659311,254288260
20254,골목상권,천동초등학교,미용실,16798592,544,11206103,5592489,3554057,13244535,0,0,575620,786856,2408098,13028018
20254,골목상권,도봉역 2번,철물점,75632883,2581,64783020,10849863,56883485,7581110,0,0,5403364,5905016,11586434,41569781
20254,발달상권,청담사거리(청담동명품거리),철물점,35399626,1886,29962333,5437293,18101500,3649399,0,1319787,4158911,4250923,7033114,4988163
20254,골목상권,양천향교역 5번,의약품,297775282,10026,276480456,21294826,155336365,142438917,57434,5242302,11711746,26762622,117011976,136989202
20254,골목상권,도봉역 2번,분식전문점,15073572,1303,14722518,351054,5824651,9248921,0,1134404,3491931,4589382,3432957,2424898
20254,전통시장,신영시장,청과상,842319993,68643,527526748,314793245,375385868,466934125,520148,14235032,68014517,144760610,206622942,408166744
20254,발달상권,아차산역,편의점,632796882,83260,453553366,179243516,411929263,220867619,10119725,100658502,147854881,128482165,175557635,70123974
20254,전통시장,전농로터리시장,일반교습학원,113020714,190,81845308,31175406,18863608,94157106,0,0,0,53563425,59457289,0
20254,골목상권,신림역 8번,화장품,86297237,277,71333290,14963947,37903524,48393713,0,19283437,7404840,15766138,21088366,22754456
20254,전통시장,"황학시장(서울중앙시장, 신중앙시장)",육류판매,789968817,16985,737036637,52932180,483852290,192088497,790033,24341231,18310166,29538378,153623160,449337819
20254,발달상권,연희동,미용실,541508550,8437,324426485,217082065,209048811,326464043,722738,44029498,121706682,124576752,122450825,122026357
20254,발달상권,선정릉역,전자상거래업,2005079,100,334180,1670899,668360,1336719,0,0,0,2005079,0,0
20254,발달상권,도산공원교차로,양식음식점,354217048,8790,260708160,93508888,121717461,150777528,47123,12516623,81405893,92750339,34121941,51653072
20254,골목상권,도봉역 2번,세탁소,28388350,2640,23436894,4951456,15266991,13121359,0,2475729,990292,6354369,11883494,6684466
20254,골목상권,도봉역 2번,한식음식점,2251381584,50854,1499671748,751709836,1424206073,701071759,3763668,89850826,256722256,324787663,553049610,897103812
20254,골목상권,도봉역 2번,당구장,31450986,1908,21369121,10081865,28198109,3252877,679706,3377827,516311,6169250,7767168,12940724
20254,골목상권,암사역 2번(서울강동초등학교),미용실,251012278,7019,170831767,80180511,114171239,136468395,1007103,14471271,44493227,46228442,55003799,89435791
20254,전통시장,난곡 골목형상점가,미용실,42786174,2013,28975030,13811144,12619125,30167049,93034,1960598,216912,1112260,9597472,29805898
20254,골목상권,가인초등학교,세탁소,77461547,1085,75413575,2047972,8252125,20419490,0,451759,2921372,5692159,14908036,4698290
20254,발달상권,화곡역,PC방,113224365,20655,72418286,40806079,84009027,29215338,6818441,41099906,36530659,14698488,7896111,6180760
20254,전통시장,꿈의숲 장곡 골목형상점가,미용실,47767124,1514,33433467,14333657,17924548,29842576,0,6008278,10179764,15969877,10925739,4683466
20254,골목상권,가인초등학교,편의점,676903479,90541,479703680,197199799,375429368,291104349,3640134,99268676,221127429,144738963,105415153,92343362
20254,발달상권,까치산역,부동산중개업,154641977,2853,114768869,39873108,112843905,41798072,0,27631894,85334699,22941695,8604800,10128889
20254,골목상권,가인초등학교,예술학원,51578589,358,46620101,4958488,4577066,40135924,0,0,5339910,39373080,0,0
20254,전통시장,성대전통시장(성대시장),PC방,276466614,37984,176541790,99924824,231087908,45378706,20567343,112230286,106887576,16171250,19929809,680350
20254,전통시장,홍대 걷고싶은 거리,전자상거래업,372951619,2249,174245480,198706139,219850727,138919082,0,194458133,62216971,43995033,49734365,8365307
20254,골목상권,상도1동주민센터앞,미용실,119121769,3099,70192618,48929151,50255038,68866731,1017692,10077513,30839731,37220196,23144037,16822600
20254,발달상권,목동역 8번출구,일반의원,6115590295,122002,4979154564,1136435731,2163077358,3948284815,7612738,366896100,1096116446,1565018745,1550741309,1524976836
20254,골목상권,창동역 2번,세탁소,50225801,5087,33586642,16639159,24018757,26207044,263048,5391515,12808490,8407231,15600178,7755339
20254,발달상권,구로구청,피부관리실,9521234,48,9521234,0,0,9521234,0,0,7984639,5650,1530945,0
20254,골목상권,창동역 2번,피부관리실,11504939,86,10893905,611034,4192944,7311995,0,1070721,6621385,592814,1090235,2129784
20254,골목상권,홍대입구역 3번,분식전문점,15162832,1132,7867875,7294957,5013862,10148970,421641,6591226,3209013,1756902,2138746,1045304
20254,골목상권,문래소공원,미용실,23412773,713,15206494,8206279,12517969,10894804,0,1582963,5784095,6944936,5889626,3211153
20254,골목상권,오류2동버들시장,안경,57966937,644,38914726,19052211,24139829,33609373,0,1751928,5574848,7961385,24425737,18035305
20254,골목상권,창동역 2번,일반의류,107764381,4334,59104599,48659782,20417664,86962555,0,4325577,5446527,15304504,43086958,39216653
20254,발달상권,중부경찰서(영화인의거리),서적,51764715,469,28020443,23744272,35170538,16594177,0,11469943,24459281,5848181,7603945,2383365
20254,골목상권,구반포역,분식전문점,104436922,4305,69626965,34809957,58072172,44628407,571129,6200609,21009608,41661918,23469901,9787415
20254,골목상권,삼성산자연공원(서울금천초등학교),철물점,18338884,402,17730823,608061,2842329,15100609,0,0,636342,890879,7295920,9119797
20254,발달상권,강남역,피부관리실,4085324462,22747,3209766344,875558118,706511761,3296899900,3424873,1103647166,1696366293,461305486,397615256,341052589
20254,골목상권,창동역 2번,제과점,45643511,4106,34180080,11463431,16398676,26707626,91486,4349584,9766314,9560706,10668756,8669455
20254,발달상권,선정릉역,한의원,61990899,1605,40924093,21066806,22549467,36548553,0,1329792,4228827,25218779,9965944,18354676
20254,골목상권,창동역 2번,치킨전문점,116948680,3467,76414030,40534650,67663787,49284893,959944,7956353,24273574,23581778,30643050,29533981
20254,골목상권,창동역 2번,네일숍,1561832,10,1561832,0,0,1561832,0,0,0,0,1561832,0
20254,골목상권,창동역 2번,분식전문점,6945718,421,5276453,1669265,2109582,4783035,801772,2213418,696622,1209231,1971573,0
20254,골목상권,가산초등학교(세일중학교),자동차수리,726799445,3475,530853165,195946280,485992916,170030577,0,36159926,130634185,142716215,175344785,171168380
20254,발달상권,종로3가역,호프-간이주점,18579422384,470255,11187460320,7391962064,11673543677,5993613245,104255298,3868224969,5918628897,2917434678,2719819642,2138793448
20254,골목상권,상도역 2번,스포츠 강습,120949080,693,118881472,2067608,84125802,36823278,0,0,7618315,90070174,23260591,0
20254,발달상권,광화문역,화장품,2433803186,45405,2265347393,168455793,617799078,874497687,2775744,180577635,412256704,542341998,268619103,85725581
20254,발달상권,"신촌역(신촌역, 신촌로터리)",화초,35554034,1126,26282233,9271801,13608452,18332844,1932346,12882437,6548361,5451727,2950706,2175721
20254,발달상권,영중로,일식음식점,171187239,4253,123181714,48005525,87046565,52230979,1131591,11778751,37686286,36966902,27549165,24164847
20254,발달상권,태릉입구역,호프-간이주점,1296459871,26583,895269745,401190126,827584358,415331788,8342419,238931420,305574300,240299680,307701647,142066678
20254,골목상권,방학역 2번,육류판매,107599245,3666,72531563,35067682,42410481,63330703,212649,4408993,13858453,26378593,27039645,33842853
20254,골목상권,포이초등학교(개포목련어린이공원),슈퍼마켓,260414417,35262,196408535,64005882,174040766,83661682,3535417,31272287,56964788,76118603,55543345,34268008
20254,골목상권,방학역 2번,전자상거래업,7812514,30,5258423,2554091,5258423,2554091,0,0,5258423,2554091,0,0
20254,발달상권,방배역,커피-음료,776351910,117701,609604658,166747252,349950382,302991042,14865163,98086969,156369439,135390694,118847027,129382135
20254,전통시장,영등포역지하도상점가,네일숍,2177800,20,2177800,0,0,2177800,0,1430197,747603,0,0,0
20254,골목상권,신월2동주민센터,제과점,144966642,15666,96649003,48317639,58565432,84618933,736126,12408044,33639863,38232996,32740841,25426495
20254,발달상권,장안동사거리,세탁소,50253249,2222,40236818,10016431,17811466,31071138,24407,3580146,19192639,12399866,8622272,5063273
20254,골목상권,화곡4동주민센터,슈퍼마켓,513803530,59109,374067363,139736167,330330244,170147673,2539628,52247656,141333298,118231509,106560523,79565303
20254,발달상권,아차산역,양식음식점,421923319,27885,261191910,160731409,195084044,207901601,5779097,44792867,69960872,117468049,100778078,64206682
20254,골목상권,방학역 2번,일식음식점,131353912,2155,107145402,24208510,78972866,33567670,0,3410655,21296386,28900298,37277974,21655222
20254,발달상권,월곡역,양식음식점,163256307,10723,145825925,17430382,55833624,100022751,2708106,65708660,28214235,19683260,31603299,7938816
20254,골목상권,보라매역 6번,미용실,167317003,4311,97979703,69337300,87362686,79861453,1159696,19323069,37310708,41489163,38886880,29054624
20254,발달상권,고속터미널(고속터미널역),일반의류,460172377,9087,354639623,105532754,71465219,313653803,1988753,15053919,23410610,101162147,98920188,144583406
20254,발달상권,대림역,제과점,45349716,3944,37172071,8177645,16882695,20443888,26891,3768144,6517892,7154767,6706803,13152087
20254,발달상권,성수역,당구장,59732987,2795,44692341,15040646,40385066,10205747,1003512,4761358,5032701,10063740,10447186,19282316
20254,골목상권,사당5동주민센터,화초,45758654,1071,35426053,10332601,17047978,22384595,0,3341469,7120896,3990297,19481085,5498825
20254,골목상권,방학역 2번,미용실,97633253,2450,69892715,27740538,38411343,58045930,893079,6415082,9927420,17599626,30089104,31532963
20254,골목상권,논현초등학교,한식음식점,1349871034,36980,1254168554,95702480,561886480,278512338,263779,106654802,262336498,217370023,136521091,117252633
20254,전통시장,홍대 걷고싶은 거리,일식음식점,1723058880,64185,1029239214,693819666,834779141,847634552,70002800,743469744,449854023,195729555,173394168,49963401
20254,골목상권,홍연시장,슈퍼마켓,50424541,4601,34698687,15725854,30530950,16737512,66497,1556704,4707872,8938249,13240384,18758755
20254,전통시장,성동용답상가시장,화초,31126551,759,25088014,6038537,12371979,9486120,0,6712606,1362181,3538864,4535923,5708525
20254,골목상권,명지대학교,커피-음료,714282088,109978,508933668,205348420,262722178,442388825,36658764,243096657,125435691,128612787,135596433,35710674
20254,발달상권,서울대입구역,치킨전문점,41326308,1614,30431934,10894374,25072527,14943823,247046,8136173,8477924,9866342,7273901,6014964
20254,골목상권,도봉역 3번,한식음식점,712603995,19493,607942975,104661020,411517865,215482722,0,21778916,113786071,86145114,187685354,217605129
20254,발달상권,서초역,문구,323281196,9844,323242697,38499,47982724,23053906,51521,1499474,7387263,30495514,16899922,14702933
20254,골목상권,강서고등학교,호프-간이주점,69958800,864,42127466,27831334,47055098,14655355,0,1440936,3675501,3357339,18651431,34585246
20254,발달상권,마포역,중식음식점,539105412,10976,414225610,124879802,223915484,105503656,1222359,24318317,64558438,78216686,98125381,62977961
20254,발달상권,삼성역,가전제품,48955198,130,0,48955198,0,48955198,0,0,48955198,0,0,0
20254,발달상권,신정네거리역,화초,29572213,1468,19103217,10468996,11677787,15822213,0,1834773,2978807,6302982,4468210,11915227
20254,전통시장,도화동 상점가,육류판매,407906223,4437,341297913,66608310,146332694,91249526,0,19210815,58923814,47524292,57569474,54353827
20254,발달상권,신논현역,핸드폰,18311088,796,13079494,5231594,6801582,11509506,0,4080644,4185274,7324231,0,2720939
20254,전통시장,둔촌역전통시장,치킨전문점,40569479,3324,24620165,15949314,18664723,21904756,0,2781361,8731362,12107255,9625723,7323778
20254,발달상권,성수역,반찬가게,1729298055,101566,153114694,1576183361,125455465,1598957907,6904881,46347565,11949563,30242807,37829402,1591139154
20254,발달상권,대림3동사거리,제과점,327155301,27315,222323467,104831834,145590614,150724845,25447,17415248,59674663,72493701,79138142,67568255
20254,발달상권,노원역,서적,790251517,48233,589858473,200393044,224382536,552034846,23816710,106847100,98917286,163020799,210467170,173348317
20254,발달상권,응암역,노래방,135601014,13037,91080396,44520618,106662959,18074191,3315248,14890210,37239534,6205991,58652545,4433622
20254,골목상권,서강대역 1번,한식음식점,1472155184,75774,1145065019,327090165,804553699,476305053,19336848,248516786,190006800,223517754,310689307,288791249
20254,발달상권,상수역(홍대),일반의류,552024228,6976,332118430,219905798,201097346,348145229,32435703,263961130,147147548,47363968,42170814,16163412
20254,전통시장,상계중앙시장,수산물판매,417903016,18752,293845599,124057417,147221675,270681341,0,6221106,22471418,32412695,113156339,243641458
20254,골목상권,수락산역 4번,치킨전문점,193903874,6424,131980785,61923089,116659341,65614039,701485,13596874,17772553,36013051,58945390,55244029
20254,골목상권,푸른들청소년도서관,화장품,54611190,2400,47880109,6731081,12473681,42137509,0,0,1882819,2221728,12426612,38080031
20254,골목상권,달마을공원,스포츠 강습,24203008,174,24203008,0,18097745,6105263,0,0,0,24203008,0,0
20254,발달상권,교대역(법원.검찰청),한식음식점,36886184869,830583,31773790675,5112394194,15424667583,6892665459,47761386,1578096136,4048841497,4682975119,5352510020,6607148871
20254,골목상권,연희초등학교,슈퍼마켓,156902493,22685,116342060,40560433,108584917,48317576,649385,48040040,36665249,10843874,40948903,19755042
20254,전통시장,송화벽화시장(송화골목시장),노래방,43778033,15204,30056555,13721478,22436886,21341147,9047607,14964617,6168987,7696130,4061311,1839381
20254,전통시장,신영시장,섬유제품,107125236,1764,69559188,37566048,37002539,60629335,0,139608,7640380,3947106,40353137,45551642
20254,발달상권,연신내역,일반의원,13847058962,234368,11489070860,2357988102,4207283325,9625696355,35743602,1594262779,3177908834,2504119131,3289558313,3231387021
20254,골목상권,수락산역 4번,호프-간이주점,253981497,9714,162797548,91183949,145520692,101206458,1907659,50059263,62071143,39560236,60832300,32296549
20254,발달상권,신사역,핸드폰,378757399,21070,190904979,187852420,63680781,124347307,0,8185322,61199345,18305161,59757329,40580931
20254,골목상권,수락산역 4번,청과상,26539608,1194,16626939,9912669,6737942,18839969,0,0,1499027,446553,6451067,17181264
20254,골목상권,수락산역 4번,인테리어,51118234,1608,44200957,6917277,16836389,5960169,0,0,1174632,6192194,5235087,10194644
20254,골목상권,방화역 1번,호프-간이주점,279895977,11205,207962431,71933546,154032677,103248427,476645,27651429,62269257,72456776,66423206,28003788
20254,골목상권,수락산역 4번,가전제품,117000000,311,75504913,41495087,62003212,51812787,0,2003262,8770933,18540181,38226232,46275390
20254,발달상권,경기고교사거리(경기고교앞사거리),예술학원,19558000,45,19558000,0,9473406,10084594,0,0,0,19558000,0,0
20254,발달상권,서울시청,핸드폰,2121000000,143357,2091092292,29907708,1370918142,750081858,43806442,746076313,465933754,431768318,252918241,180496932
20254,골목상권,신월3동주민센터,일반의원,1677004425,74431,1284168452,392835973,749945316,927059109,2867451,64983629,207952397,360851633,341263618,699085697
20254,발달상권,중부경찰서(영화인의거리),당구장,52998068,2240,42952484,10045584,50913127,1778904,0,1531926,2332070,9252071,16639097,22936867
20254,골목상권,석촌고분역 1번,피부관리실,163785043,332,106687773,57097270,6154453,157630590,599577,3970619,44254296,34291748,49206304,31462499
20254,전통시장,"중곡제일시장(중곡제일골목시장, 광성시장)",반찬가게,1671289347,86242,1089254393,582034954,572650872,1093126207,1116796,53436960,96936028,192429684,612132693,709724918
20254,골목상권,수락산역 4번,의약품,2758847066,222114,2209069502,549777564,1391605670,1367241396,8643086,93567832,295993116,417399270,564799126,1378444636
20254,골목상권,수락산역 4번,예술학원,91286351,517,74055299,17231052,44855181,46431170,0,2890176,16343585,54048491,12920789,5083310
20254,골목상권,수락산역 4번,편의점,936654028,132456,681361663,255292365,640210072,296443956,9016943,138807690,171638782,190751547,246727537,179711529
20254,전통시장,정릉시장,양식음식점,11902269,311,8008712,3893557,4644585,5646481,286191,2549038,1620882,3566428,1137765,1130763
20254,발달상권,녹두거리(대학동),피부관리실,19124850,120,13796141,5328709,5132948,13991902,0,206273,5053678,6463521,5338651,2062727
20254,발달상권,"양재시민의숲역(양재동꽃시장, aT센터)",패스트푸드점,112027113,9516,81059770,30967343,54621233,35283629,1925006,16117534,30790380,18030886,15093778,7947278
20254,골목상권,난곡초등학교(난곡동벽화마을),일반교습학원,185295291,409,169611963,15683328,37754921,147540370,0,0,0,156794342,28500949,0
20254,발달상권,서울시흥동우체국(홈플러스시흥점),치과의원,849122634,6125,688247024,160875610,372632771,476489863,230452,28899989,101336916,223054583,255542712,240057982
20254,골목상권,방화역 3번,치과의원,830991866,7536,793432401,37559465,458110867,372880999,141848,13983476,75554477,175377530,142723199,423211336
20254,골목상권,노원초등학교,세탁소,64761905,2752,48210256,16551649,11158974,53602931,0,2876923,323810,8257143,15623811,37680218
20254,발달상권,압구정역,한의원,4196208936,30984,3266555529,929653407,1937189140,2238417125,19865715,368289592,786553949,1031236736,1127226333,842433940
20254,발달상권,개봉동 현대아파트,한의원,754292865,28674,604725431,149567434,272295838,426980859,0,1123270,91628949,42043846,206951679,357528953
20254,발달상권,송파사거리(송파역),중식음식점,641815930,24076,409849315,231966615,301275215,255748819,16525154,91867348,145284249,145151386,90671028,67524870
20254,골목상권,노원초등학교,일반교습학원,126328441,424,105992364,20336077,56790001,69538440,1186888,1536236,6121112,72448182,43916318,1119705
20254,발달상권,디지털단지오거리,반찬가게,401576818,35937,255342002,146234816,271902249,105414197,2970068,8342351,24647157,33471312,80854337,227031222
20254,발달상권,상봉역,제과점,1665536868,155156,1169037497,496499371,580180143,1078733328,7867406,252928374,463478240,348044635,331717046,254877770
20254,골목상권,노원초등학교,중식음식점,195049466,8566,138022601,57026865,103464455,63928664,306936,7679006,22192742,33486983,56102716,47624738
20254,발달상권,압구정로데오역(압구정로데오),양식음식점,11290605840,139108,7667502091,3623103749,4752864565,3782500289,64782926,1592194162,3192602910,1901018455,1133094112,651672288
20254,전통시장,송화벽화시장(송화골목시장),제과점,442871286,46645,311885647,130985639,175076340,242749082,1762654,28171157,47999033,86935059,128909769,124047750
20254,골목상권,노원초등학교,일반의류,42553958,687,40164733,2389225,25099739,15751717,0,0,844097,171681,29242971,10592707
20254,발달상권,본서부병원,시계및귀금속,37909275,153,30981170,6928105,5145107,32764168,44072,22036,44072,6601307,21387298,9810490
20254,골목상권,노원초등학교,편의점,418502910,52356,304194980,114307930,302172005,107203122,6576132,38217931,74273724,90049553,127056821,73200968
20254,발달상권,금호역,한식음식점,1951605691,50725,1315548158,636057533,1164959427,629176231,4070607,137807275,455740568,360364822,434589162,401563219
20254,골목상권,증산역 1번,패스트푸드점,32157792,3680,26090236,6067556,15629943,12820324,152835,3810691,11269046,6401246,5266445,1550003
20254,발달상권,장한평역(장한평),자동차수리,6010066314,21493,5346246513,663819801,4146221451,986209357,0,45077522,532414179,1072888751,1740836148,1741214205
20254,골목상권,월계역 3번,세탁소,36000000,2578,25374905,10625095,16420763,19579237,340818,5228773,9443216,6985398,9145922,4855873
20254,골목상권,목동보건지소,세탁소,37142223,1570,31869745,5272478,12232822,16698257,0,4010610,9925652,5833326,4002709,5158782
20254,발달상권,뚝섬역,일반의원,64702814,3113,56355239,8347575,29283917,35418897,0,3643586,8474197,10742783,15684786,26157462
20254,전통시장,"동원전통종합시장(동원시장, 동원전통시장 상점가)",미용실,200375159,5393,125470351,74904808,85733856,113471066,3836208,22720469,51687673,36637258,44501425,39821888
20254,골목상권,화곡초등학교,섬유제품,20876700,268,18173483,2703217,6251579,14625121,435001,0,248572,4486720,80786,15625621
20254,골목상권,신정2동주민센터,네일숍,5075561,60,5075561,0,0,5075561,0,0,401193,3408585,324826,940957
20254,발달상권,굽은다리역,자동차수리,56586310,222,42836951,13749359,21191991,10871262,0,696876,7094195,7177820,11791137,5303224
20254,골목상권,공군호텔,세탁소,12135338,902,9338346,2796992,6406015,5729323,0,4285715,3022555,721805,1218045,2887218
20254,발달상권,봉은사역,문구,402361776,9526,332587978,69773798,179903909,86286886,513447,39166631,53911145,97957251,51870988,22771334
20254,골목상권,광운대학교 남단,반찬가게,3581664,55,3581664,0,0,3581664,0,0,0,3581664,0,0
20254,골목상권,송정역 2번,편의점,249938781,40947,189352877,60585904,170434772,79504009,2459838,36091785,68975477,47541341,54705642,40164698
20254,골목상권,광운대학교 남단,커피-음료,71406193,8912,52948467,18457726,23188248,31233895,1678177,15068887,7113728,11233685,15470473,3857193
20254,골목상권,광운대학교 남단,일반교습학원,56230091,240,56230091,0,23175904,33054187,0,0,0,44525657,11704434,0
20254,골목상권,수락산디자인거리,PC방,1931955,293,1460421,471534,1482540,449415,67006,946172,335772,157294,425711,0
20254,골목상권,대림1동주민센터,호프-간이주점,62995510,1653,43043432,19952078,37014596,24451474,1002744,11209286,19546891,9510083,12173717,8023349
20254,골목상권,방이역 4번,스포츠 강습,12997568,118,12997568,0,4132086,8865482,0,0,0,9420539,0,3577029
20254,골목상권,수락산디자인거리,제과점,184054246,18962,129436858,54617388,72177827,108597004,919894,18728611,31815322,35624774,48331837,45354393
20254,발달상권,도성초등학교,외국어학원,765696545,865,765049296,647249,360991399,404057896,0,0,117069362,647979934,0,0
20254,골목상권,상도역 5번,분식전문점,325186832,28326,269006984,56179848,107128871,127149983,4551277,59817447,33078423,48578137,54596559,33657009
20254,골목상권,시흥4동주민센터(서울신흥초등학교),육류판매,564194817,15579,420132039,144062778,271392327,245989300,0,8730525,30166558,41991283,245953151,190540109
20254,전통시장,상도도깨비 골목형상점가,호프-간이주점,138996968,1640,80027390,58969578,123858502,15138466,0,6048695,13611091,94524739,22023953,2788490
20254,골목상권,수락산디자인거리,화장품,4553528,52,4553528,0,3541633,0,0,578226,0,1445564,0,1517843
20254,발달상권,송파나루역,문구,383996366,4792,373162483,10833883,25374339,41434004,0,999911,8205500,7798282,38158607,11646044
20254,발달상권,개롱역,일반의류,174635290,1388,145380845,29254445,4869420,169765870,0,0,0,23514825,61573696,89546769
20254,전통시장,오류시장,일반의류,31077107,288,30143357,933750,7960815,23116292,0,0,0,0,1077404,29999703
20254,골목상권,영신초등학교,일식음식점,33380224,365,25338805,8041419,24028999,6739551,0,0,15217572,7136461,4604169,3810347
20254,발달상권,서대문역,한식음식점,9044981668,210704,7610921142,1434060526,3906539430,2448638345,22869107,537434077,1340158383,1503927612,1617184713,1333603888
20254,전통시장,석촌시장,슈퍼마켓,4160121227,269405,2900462834,1259658393,2009780978,1902338161,13628986,152297743,663241111,854574198,867328163,1361048935
20254,골목상권,수락산디자인거리,미용실,142361294,3320,88630042,53731252,52215713,90145581,795946,10543534,31679946,43609647,36288774,19443447
20254,골목상권,수락산디자인거리,치킨전문점,321963772,10391,213632304,108331468,197903280,115641650,1734341,30075657,54695851,73535778,85088629,68414674
20254,골목상권,수락산디자인거리,일반의류,160383804,3554,98367002,62016802,63490433,94485019,0,1512922,2687084,6566381,34186663,113022402
20254,발달상권,광화문역,커피-음료,7864619596,815549,6570629209,1293990387,2524150908,3647951137,35107428,1157793675,1887060794,1429100555,1025460081,637579518
20254,발달상권,성수역,호프-간이주점,3200905899,79527,2304499384,896406515,1488017597,1088419137,26846791,820006739,934204015,331692162,327811045,135875983
20254,발달상권,신대방삼거리역,편의점,1751026056,179423,1217826446,533199610,766635243,984390813,28202375,513323362,537052606,256175075,286352311,129920327
20254,골목상권,관악구신사동주민센터,노래방,229441944,11073,158229319,71212625,160967825,35234851,1282523,31792595,27565257,15883685,49514817,70163796
20254,골목상권,수락산디자인거리,치과의원,214300940,2355,164436956,49863984,119477650,94823290,1596205,18652715,19572605,46104331,42621137,85753947
20254,발달상권,가로수길,커피-음료,2396941353,202962,1625075460,771865893,816280759,1235221159,33061821,567737331,713075654,339631222,264297402,133698490
20254,골목상권,방이역 1번,중식음식점,132595819,4341,79464858,53130961,74452227,41319508,954140,6487368,19579167,26771683,34662848,27316528
20254,발달상권,교대역(법원.검찰청),일식음식점,3198423023,49022,2648283621,550139402,1271613794,638485904,9071263,177619566,417342850,367059985,396691378,542314659
20254,전통시장,까치산시장,호프-간이주점,315947800,7941,209012848,106934952,205091989,105829122,0,37176115,66120711,65196289,65913417,76514578
20254,골목상권,광운대역 1번,편의점,386337431,45762,277779870,108557561,206035652,180301779,13537326,102311079,85816035,63948960,81303568,39420463
20254,전통시장,전곡시장,슈퍼마켓,2475300992,133705,1703158325,772142667,1115685709,1304978101,1041952,46684977,197634527,378930691,746348443,1050023221
20254,골목상권,남구로역 2번,미곡판매,16891372,450,14863326,2028046,2028046,14863326,0,0,0,0,0,16891372
20254,발달상권,명동역(명동재미로),커피-음료,831400563,95442,677039650,154360913,320053536,380001339,10615055,118600770,175959779,160029689,133817237,101032348
20254,발달상권,장한평역(장한평),골프연습장,157656140,3039,113343437,44312703,109410214,30755384,409741,12985039,31379164,46606249,40589459,8195948
20254,발달상권,중구청(퇴계로4가),편의점,259924325,37019,204352278,55572047,176237123,77902587,917677,36306807,75657573,43721217,60247504,37288930
20254,골목상권,광운대역 1번,호프-간이주점,121850180,2507,84802671,37047509,82343809,38242124,13342395,51292220,21672984,8006647,19380784,6890903
20254,골목상권,난곡중학교,스포츠 강습,18421053,90,12446657,5974396,4779516,13641537,0,0,4779516,13641537,0,0
20254,발달상권,상봉역,당구장,61008226,3030,45202135,15806091,54274006,6734220,553452,6067534,8478126,6115608,17484977,22308529
20254,전통시장,서교시장,일반의류,958684618,25565,651983534,306701084,132069440,826615178,146807629,487251021,55149173,123896441,129252248,16328106
20254,전통시장,능동로골목시장,일반의류,306477915,3935,203099219,103378696,70618944,235858971,0,0,7823050,26587967,38298063,233768835
20254,골목상권,광운대역 1번,분식전문점,301005290,22612,233695889,67309401,133778100,122576057,11648551,104598952,24478762,37838287,58536404,19253202
20254,골목상권,광운대역 1번,스포츠 강습,11794865,86,11794865,0,1255981,10538884,0,2344498,0,7410287,2040080,0
20254,골목상권,방이역 4번,양식음식점,209323839,8440,137109574,72214265,90754556,98136156,4051917,18896465,45184057,48051412,41710636,30996228
20254,골목상권,대치2동주민센터,일반교습학원,5117501051,13894,4116297898,1001203153,2216878018,2900623033,2371670,3775543,67569606,3757510564,1083808241,202465427
20254,발달상권,보라매공원,패스트푸드점,728439584,64932,550272765,178166819,370401280,276146718,5493729,113652510,229856352,142034069,110681465,44829873
20254,전통시장,망원시장,수산물판매,1089399053,55310,637291588,452107465,462477110,624372030,965347,83395340,138292986,213148690,302605146,348441632
20254,전통시장,연신내상점가(연빛거리),철물점,42000000,2412,30468440,11531560,16784861,8671172,0,1169043,2313311,2272867,8707966,10992847
20254,발달상권,한티역,예술학원,39773722,182,31177936,8595786,21671579,18102143,0,0,9105706,145691,25750935,4771390
20254,골목상권,석계역 1번,일반의원,460124930,17375,393811584,66313346,160693157,290267922,0,23515683,40234454,43966736,142561260,200682947
20254,골목상권,천호공원(해공체육문화센터),슈퍼마켓,669161663,77155,469749369,199412294,462244605,206917058,1009359,43199147,177607698,118513595,152030697,176801167
20254,발달상권,"강남구청(청담역_8번, 강남세무서)",화장품,127193730,707,111896292,15297438,51617876,75575854,0,7348214,55270633,29192507,22614550,12767826
20254,발달상권,강서구청,한식음식점,9152839664,248546,6238646100,2914193564,5336800959,2750521193,20351756,961849274,2180315326,1850822443,1614527356,1459456001
20254,골목상권,석계역 1번,의약품,2390711968,144878,1961186462,429525506,1145131436,1245580532,4607049,115648988,480743848,526999855,510803068,751909160
20254,골목상권,석계역 1번,편의점,390000000,54349,265070701,124929299,247351315,142648685,6390740,81735674,95073108,82315585,82909121,41575772
20254,발달상권,성수역,양식음식점,81330701,4357,42214958,39115743,34402669,38254167,192822,21371505,23884748,17748263,7873164,1586337
20254,발달상권,삼성중앙역,스포츠클럽,193621011,381,170192825,23428186,75194794,98173125,5384825,8765791,75850536,43859947,17955200,21551620
20254,골목상권,까치산역 4번,애완동물,12648095,188,9783836,2864259,2947286,9700809,0,648913,1089010,3826924,2514122,4569126
20254,전통시장,아현시장,반찬가게,690639899,45810,528852791,161787108,252621650,437258376,0,12777948,26850803,132818280,239275441,278157555
20254,발달상권,암사역,예술학원,308349624,1708,231520452,76829172,113134666,195214958,0,14891875,73426632,176865241,43165876,0
20254,골목상권,석계역 1번,당구장,21653888,959,14068690,7585198,20817234,836654,185797,2018954,2400890,4055252,4187668,8805327
20254,발달상권,강남역,미용실,4685445357,48858,3003354789,1682090568,1919201804,2727517769,83444385,1174524586,1178048908,814463384,961529399,434708907
20254,발달상권,서초역,미용실,240257088,3113,158384855,81872233,120177705,114922336,699608,30354902,72183671,47222642,56635001,28004220
20254,전통시장,방신전통시장,인테리어,29555119,542,26493948,3061171,4536066,25019053,0,0,1604527,1024167,1371297,25555128
20254,발달상권,한성대입구역,일반교습학원,1630799357,5312,1287567084,343232273,563097337,1056556444,3497941,3277305,49104072,1136304325,425140769,2329369
20254,발달상권,아차산역,분식전문점,552714350,58173,355939474,196774876,227635227,304621523,6563611,77953339,138701785,156450311,107133796,45453906
20254,골목상권,석촌중학교(방이육교),화장품,408217990,383,408217990,0,0,408217990,0,0,0,0,300648463,107569527
20254,전통시장,대원종합시장,일반의류,13096329,211,10626811,2469518,551701,12544628,0,2627147,0,630515,354665,9484002
20254,발달상권,양재역,핸드폰,31353348,2545,25904520,5448828,14076718,17276630,0,2727889,8176716,3637185,1818593,14992965
20254,골목상권,노원역 9번,일반교습학원,419358748,1875,403875404,15483344,215196678,204162070,0,0,37705214,288099242,93554292,0
20254,골목상권,상수역 4번,미용실,74531617,1593,42666233,31865384,22458264,50094066,0,8952451,16456762,22355289,12717232,12070596
20254,발달상권,도곡1동,양식음식점,447063829,16120,369276286,77787543,187567516,95987063,568437,18396605,61871956,90037827,60439751,52240005
20254,골목상권,한울중학교,호프-간이주점,20070632,762,14526936,5543696,15484964,4585668,0,123246,103527,1020027,3061824,15762008
20254,골목상권,석계역 2번,여관,50452496,1145,34685039,15767457,37654217,12798279,0,9870599,7365712,7226562,12147084,13842539
20254,골목상권,미성초등학교,치과의원,1179890398,5330,1087737276,92153122,976171183,201398212,0,79967429,59111912,60509322,254896871,723083861
20254,전통시장,남성사계시장(남성시장),일반의류,291127661,7444,230313455,60814206,64661875,226465786,0,2295518,13915122,68086764,51264752,155565505
20254,골목상권,신월3동주민센터,일반교습학원,102475490,209,89779411,12696079,42169118,49424020,0,0,2720588,81617648,7254902,0
20254,골목상권,석계역 2번,노래방,79518574,3977,45353768,34164806,58607610,20910964,2852092,18934188,10696097,11702844,22213956,13119397
20254,골목상권,석계역 2번,미용실,61905460,1462,35317565,26587895,25476028,36429432,558751,8202029,11994937,20071992,14154507,6923244
20254,골목상권,명지대학교교회,한식음식점,895796766,25275,759138088,136658678,332138762,232546951,16758643,118139359,88624571,121157309,151047791,68958035
20254,발달상권,월곡역,피부관리실,4378919,23,4378919,0,0,4378919,0,1333088,389539,2656292,0,0
20254,발달상권,목동사거리,노래방,386553101,12980,249403346,137149755,330183260,55596798,2545808,25354024,55301109,70913503,193512904,38152710
20254,골목상권,성남고등학교,커피-음료,51499734,7815,34470905,17028829,20310012,29432358,1089841,7493920,11618879,14398435,7873275,7268019
20254,발달상권,개나리아파트,피부관리실,59305328,136,46189675,13115653,5347674,53957654,0,201257,14367624,22901422,19106300,2728725
20254,발달상권,압구정역,분식전문점,1785988977,150827,1333929944,452059033,716131038,833123117,29001386,197538452,353660838,379714285,373252965,216086228
20254,골목상권,관악우성아파트,한식음식점,583225339,12371,433111840,150113499,186374449,190364519,400773,14664177,53802022,61496093,115932062,130443842
20254,골목상권,상계초등학교,슈퍼마켓,167181,6,167181,0,0,167181,0,0,167181,0,0,0
20254,골목상권,상계초등학교,일반의류,6458333,11,6458333,0,0,6458333,0,0,0,0,0,6458333
20254,발달상권,고속터미널(고속터미널역),핸드폰,125338163,3412,116434189,8903974,6142811,119195352,0,20786279,0,44364746,27146261,33040877
20254,골목상권,한울중학교,분식전문점,40536699,3781,29993955,10542744,16003683,21635758,95224,1765919,5518454,9866338,11509132,8884373
20254,골목상권,상계초등학교,스포츠 강습,43539267,312,43539267,0,21769632,21769635,0,0,0,21769632,21769635,0
20254,골목상권,상계초등학교,제과점,13564746,1635,8537837,5026909,6103257,7085977,8590,575509,1237914,2887636,3243301,5236283
20254,골목상권,남강고등학교(남강중학교),호프-간이주점,42577860,963,29008603,13569257,30157585,10545567,0,2104005,2824383,8810931,17677093,9286740
20254,골목상권,마천역(마천초등학교),예술학원,160410567,1066,139235072,21175495,125847074,34563493,0,0,2988289,135036490,16903554,5482234
20254,발달상권,강동구청역,중식음식점,281828915,13052,179155959,102672956,171057780,77174719,3209350,21691545,43942942,60654718,58782546,59951395
20254,골목상권,계상초등학교,스포츠 강습,93115369,489,89290586,3824783,23138234,69977135,0,1733634,10087490,67381250,12439406,1473589
20254,골목상권,구로보건소,중식음식점,313079732,11553,230416544,82663188,167103549,83673946,70240,12756287,35185675,51269682,87503293,63992319
20254,골목상권,고척동성당,한식음식점,904889837,37630,669982674,234907163,439997439,353787330,1450331,32004637,71320708,122867636,254013537,312127916
20254,골목상권,계상초등학교,조명용품,249926212,3002,240281465,9644747,55073491,146227299,0,0,132798813,23765413,19633732,25102831
20254,골목상권,시흥4동주민센터(서울신흥초등학교),세탁소,7469089,360,6015107,1453982,2171014,5298075,0,298764,0,1394230,1812498,3963597
20254,골목상권,계상초등학교,치킨전문점,41169655,1744,22486188,18683467,26949166,14220489,837782,2992968,4410034,9894546,15167275,7867050
20254,전통시장,"황학시장(서울중앙시장, 신중앙시장)",슈퍼마켓,961452539,76815,726128343,235324196,771388870,190063669,8055749,91697862,374899397,88757186,148612267,249430078
20254,발달상권,학동역,PC방,1891730234,250838,1298202412,593527822,1296874794,594855440,29316863,719199517,780417777,158636494,110399391,93760192
20254,발달상권,잠실새내역(신천),일반의류,6866445953,54451,1496696306,5369749647,2669357889,4164827082,83209258,1082907262,1990180487,1786374853,1359865926,531647184
20254,발달상권,회기역,제과점,505817038,50564,347654671,158162367,232072448,273744590,11791428,179288714,109161901,75225325,88353669,41996001
20254,발달상권,삼청동,커피-음료,3589542048,147845,1944472424,1645069624,1493925835,1778134578,18036222,426630011,761600151,731477842,691422031,642894153
20254,발달상권,태릉입구역,미용실,65645013,1740,43535827,22109186,36035911,29414708,194395,14198953,23379257,10269995,11046217,6361802
20254,골목상권,계상초등학교,노래방,71327940,600,39893818,31434122,61382442,9945498,0,0,6243330,19918849,18656433,26509328
20254,골목상권,북가좌2동주민센터,양식음식점,37828268,1300,29008980,8819288,18322056,13382526,157050,5369218,9494602,10537412,3922475,2223824
20254,발달상권,강남역,분식전문점,5735494391,661482,4339576829,1395917562,2355765238,2961571763,93143428,1201011388,1481725585,1183123413,865670271,492662909
20254,골목상권,계상초등학교,일반교습학원,638521994,2130,568519689,70002305,392569262,245952732,0,868031,10500346,540340152,82995158,3818307
20254,발달상권,도곡1동,제과점,694780091,59887,553217572,141562519,255184455,318864143,4741401,41656143,103754654,143259600,139759128,140877674
20254,골목상권,석촌고분역 1번,당구장,2396190,139,1164721,1231469,2328995,67195,0,40317,85114,259375,394213,1617171
20254,골목상권,계상초등학교,슈퍼마켓,631447932,82569,457381030,174066902,411592690,195840469,6619789,30587444,107696891,174159211,178482897,109886927
20254,발달상권,구의역,의약품,2941533329,188194,2481610003,459923326,1626727558,1314805771,7571790,212003357,367173150,539175207,705717179,1109892646
20254,골목상권,선정릉역 4번,호프-간이주점,483805764,5140,375231498,108574266,264252787,120005959,1257418,79771214,129477062,104310559,59250489,10192008
20254,발달상권,가로수길,안경,951842504,10141,684294984,267547520,391565392,557129214,12724801,211391872,220322263,128375706,270440233,105439732
20254,발달상권,영동대교남단교차로,일식음식점,362155245,4908,232382109,129773136,191777656,112088479,1851918,66240782,136000209,48311904,38161080,13300241
20254,전통시장,공릉동 도깨비시장,치과의원,59620135,1588,51022740,8597395,36766422,22853713,0,16865397,11151969,8400706,6632884,16569179
20254,발달상권,"총신대입구역(이수, 총신대)",일반의원,17292568367,271152,14607359773,2685208594,6102793113,11189775254,41860470,1560560913,4175772997,4356204783,3752951958,3405217246
20254,발달상권,오류동역,치킨전문점,37195347,1548,28984990,8210357,15922282,18538811,0,1291175,6331507,8422072,8204660,10211679
20254,발달상권,신논현역,일반의류,3730543148,19980,2632874392,1097668756,1525081795,2137286873,51692128,746016050,1172784210,770643058,626939604,294293620
20254,골목상권,공덕래미안3차아파트,한식음식점,460383834,8446,454068074,6315760,147381827,84008821,0,14585348,45949453,55376926,80970034,34508886
20254,골목상권,상계2동주민센터,분식전문점,3063749,278,2690862,372887,1862863,1153751,0,96887,304804,966260,984589,664074
20254,골목상권,상계2동주민센터,육류판매,265589242,3522,195729114,69860128,112492129,104793785,0,8481835,27314383,0,79211709,102277987
20254,골목상권,신대방역 2번,편의점,267821067,36780,189943682,77877385,187350386,80470681,2149133,64759053,84696680,44313547,41366479,30536175
20254,골목상권,삼성중앙역 5번,중식음식점,353933152,4647,330016390,23916762,86174050,27396621,271561,1450911,15812606,24906019,43601050,27528522
20254,발달상권,서대문역,서적,15617758,119,15262745,355013,1158993,14458765,0,803980,5245150,4045002,5523626,0
20254,골목상권,상계5동주민센터,자동차수리,968935680,6116,881581203,87354477,758128052,166355648,0,16000447,87082119,173240045,335047925,313113166
20254,발달상권,신정네거리역,여관,10427648,64,9820736,606912,1820736,8606912,0,0,606912,9213824,303456,303456
20254,발달상권,내방역,호프-간이주점,1293703473,20078,1003594744,290108729,710207135,359719666,1918914,125060286,266088088,251473726,264433881,160951907
20254,골목상권,염창역 2번,자동차수리,772507729,3224,574770567,197737162,601132274,81089131,0,40673348,108198650,63574747,121307108,348467554
20254,골목상권,상계5동주민센터,반찬가게,26869301,338,16325386,10543915,0,26869301,0,0,0,0,1981888,24887413
20254,발달상권,연희동,의약품,1427311400,101585,1246299931,181011469,670659087,756652313,2743647,138355959,179334887,220721913,333033350,553121644
20254,발달상권,잠실역,편의점,6977811878,944563,4655099724,2322712154,3164806491,3781944206,142331454,1912430767,1999789148,1493767705,954232994,444198627
20254,전통시장,길동복조리시장,육류판매,1285116932,54010,801154213,483962719,535469236,742384259,0,30912613,127987521,184509405,310388676,624055278
20254,골목상권,화곡역 4번,문구,105094050,15276,77769502,27324548,67502877,37591173,437369,5497068,19987745,23192133,27785806,28193929
20254,발달상권,목동신시가지,일반교습학원,36809405464,123538,25851297418,10958108046,15715714543,21093690921,34945438,31313987,787120279,24252683733,11229114243,474227784
20254,골목상권,문현중학교(장지역 1번),일반의원,434399271,27178,374844793,59554478,170985933,260298608,777989,14160598,66862926,117783852,104844145,126855031
20254,골목상권,국악고교사거리,한식음식점,974679100,20376,779973713,194705387,368506821,184308493,1234022,38372379,114558672,139690314,138722855,120237070
20254,발달상권,미아사거리,한의원,165465300,3335,110923139,54542161,71087625,94377675,0,13560902,8501009,21524903,52524020,69354466
20254,발달상권,중림동,편의점,756030744,110191,574064040,181966704,520419051,220022800,2957592,97017921,199096630,197769833,165450669,78149205
20254,발달상권,강남역,한의원,3822261929,32657,3002644612,819617317,1030393386,2781901024,4825931,628385287,1059694404,1149502319,606003366,363883103
20254,발달상권,구파발역,한식음식점,1946610645,73214,1330492563,616118082,1074556534,720040434,16736936,206649714,331443940,390961365,449103809,399701207
20254,골목상권,상계5동주민센터,한식음식점,1575892579,41387,1080993489,494899090,1046411896,466466579,1384834,120181643,204079126,391292385,453900744,342039746
20254,발달상권,구의역,PC방,40968435,6329,24022763,16945672,25190066,15778369,1470190,14743392,5480468,8996382,7891995,2386008
20254,골목상권,상계5동주민센터,노래방,215605535,1352,143123441,72482094,181377877,34227658,0,0,6298294,25747884,26757444,156801913
20254,발달상권,동묘앞역(동묘),제과점,253961921,28883,186422835,67539086,107635323,145429566,962119,26718137,40025479,43491482,74125508,67742164
20254,전통시장,송화벽화시장(송화골목시장),의료기기,250670437,528,175470647,75199790,49595825,201074612,0,0,0,0,0,250670437
20254,골목상권,공릉동 국수거리,가전제품,3435697,56,3435697,0,396427,3039270,0,0,0,0,44047,3391650
20254,전통시장,숭례문수입상가(남대문시장),인테리어,705943407,14566,502858224,203085183,150441160,555502247,0,13463359,11433848,95388994,95507106,490150100
20254,발달상권,DMC(디지털미디어시티),네일숍,70654508,506,58597460,12057048,19759478,49809176,0,4031841,13143387,21346442,24864282,6182701
20254,골목상권,대치2동주민센터,분식전문점,110835562,8551,93180986,17654576,43738622,42549233,1021315,6769032,10416096,33602100,25237941,9241370
20254,골목상권,미성동주민센터,일반교습학원,333113918,897,315504100,17609818,98133243,234980675,0,0,0,201671457,131442461,0
20254,골목상권,석촌고분역 1번,화초,11866932,389,7290834,4576098,4431333,5240310,0,222962,2050036,2661122,859903,3877619
20254,전통시장,무학봉상점가,피부관리실,32519152,341,16828092,15691060,32519152,0,0,341110,2046660,6481089,21831039,1819254
20254,발달상권,신당역,화초,41433678,806,33310687,8122991,18907122,4848120,0,6272678,10835948,2658647,860150,3127820
20254,골목상권,구립대학경로당(관악산샘말공원),편의점,1412915221,236311,990801448,422113773,994395014,418520207,34469573,469193746,429381792,212049441,181680481,86140188
20254,골목상권,강동역 4번(강풀만화거리),세탁소,73009711,4357,61608341,11401370,34248047,35909520,0,6135190,17108537,21340923,10548434,15024483
20254,발달상권,노원역,커피-음료,5122501669,817504,3437383534,1685118135,1966387912,2815285981,178072477,1261266923,1198242304,886704120,832685649,424702422
20254,전통시장,백학시장,한식음식점,2497097083,44331,1628787146,868309937,1531319296,815390403,1947208,290086088,642740130,412145671,514613839,485176756
20254,골목상권,상도역 1번,한식음식점,379849729,10110,267309115,112540614,204373034,145422535,8824598,85780184,62550118,55784337,74256907,62599425
20254,발달상권,까치산역,한식음식점,6278596742,178942,4088436950,2190159792,4022076718,2017655716,15863424,806404266,1554555437,1310594421,1304199781,1048115102
20254,발달상권,보라매공원,스포츠클럽,211015113,922,168281576,42733537,97391819,103013590,0,68843378,85972940,10865774,22944677,11778640
20254,골목상권,공릉동 국수거리,문구,264657349,697,264657349,0,58336861,95335976,0,0,0,6338253,116385869,30948715
20254,골목상권,역삼역 8번,자동차수리,17752586,125,17752586,0,11736906,4950084,0,801835,2110092,2685571,2306714,8782778
20254,발달상권,선정릉역,애완동물,88404195,168,61928194,26476001,45584985,42819210,0,11725205,8884002,5950604,41645852,20198532
20254,발달상권,서래마을카페거리(서래마을),세탁소,90156396,3475,69634588,20521808,35465184,52606055,0,1846095,11207113,21945131,31665803,21407098
20254,골목상권,경성고등학교,중식음식점,257908746,10736,200478744,57430002,145687184,53764126,0,7114617,38131198,48517208,48114251,57574035
20254,골목상권,등촌1동주민센터,양식음식점,109615080,4304,90013723,19601357,46028153,40851530,0,10184448,31190893,25623797,13919257,5961287
20254,골목상권,공릉동 국수거리,의료기기,781916500,2381,679324607,102591893,534344994,68176241,0,0,133480382,22873269,245037954,201129630
20254,발달상권,성신여대,청과상,142433127,5179,116950177,25482950,33626177,94722442,0,0,7457749,2957506,18681727,99251637
20254,골목상권,공릉동 국수거리,슈퍼마켓,272292318,30121,201162430,71129888,183231368,79666673,1047742,20942112,46133456,50315391,65972272,78487069
20254,골목상권,흑리단길,슈퍼마켓,571666535,53929,380682012,190984523,303997223,267669312,2775117,18425070,58740840,60842405,139555533,291327570
20254,발달상권,삼각지역,운동/경기용품,4667153,66,3420372,1246781,3067302,1379182,0,0,331004,1357115,2758365,0
20254,발달상권,목동사거리,한의원,232911695,4514,194306750,38604945,102341300,130570395,0,5971278,16799005,55944450,47052192,107144770
20254,골목상권,덕의초등학교,한식음식점,498126859,8309,330809642,167317217,305978822,134751340,956101,15349397,61913063,85719786,129092688,147699122
20254,발달상권,마포역,양식음식점,15940736,829,14137752,1802984,6720403,6117334,0,823499,4040300,3034493,3513142,1426300
20254,발달상권,문래동주민센터,일식음식점,143422436,10644,143422436,0,61798126,59866427,0,27265233,42832929,27178186,16738083,7650123
20254,골목상권,우장산역 4번,문구,27020748,6320,23980020,3040728,10469645,16551103,4793619,2861862,333884,12627966,3684648,2718769
20254,골목상권,서서울호수공원,분식전문점,14534877,1713,11847881,2686996,5715435,5467051,62286,692772,1533353,2271161,4582873,2040038
20254,골목상권,방배초등학교,인테리어,85866852,1274,83064076,2802776,2802776,63699445,0,0,0,2802776,0,63699445
20254,발달상권,논현역,일반의원,24877415941,133387,20188585528,4688830413,8554171055,16303860106,54724084,3908272933,7225727503,5061509892,5231358431,3376438318
20254,발달상권,종로3가역,청과상,2179421822,118678,1912742817,266679005,1462259012,336743975,13272219,198928957,383814054,383196742,368226914,451564103
20254,전통시장,쌍문역동측상점가,호프-간이주점,185491283,3272,124566938,60924345,119527645,65963638,356937,21388529,48191556,37506228,47560477,30487556
20254,발달상권,동묘앞역(동묘),스포츠 강습,16830977,30,16830977,0,12923786,3907191,0,9016595,3907191,0,3907191,0
20254,전통시장,풍납시장,슈퍼마켓,1286244077,94423,858322804,427921273,659138938,585413289,1114869,70459345,159981117,197045502,357701594,458249800
20254,발달상권,구로디지털단지,문구,1498644283,42217,1491321293,7322990,183922698,144770837,123055,44471519,97293220,89790711,27074174,69940854
20254,전통시장,방학동도깨비시장,수산물판매,2495783740,134318,1599699901,896083839,879993270,1595757043,708448,38191438,107880231,255251599,599560443,1474158155
20254,발달상권,여의도역(여의도),스포츠 강습,1762626673,3524,1617313175,145313498,238777952,1436994611,2771225,286861878,314761304,620992693,237354806,213030659
20254,발달상권,여의도역(여의도),운동/경기용품,624197847,4052,477766852,146430995,308531333,88267032,636072,28744586,99710968,121784438,100442158,45480143
20254,전통시장,대조시장,미용실,2666886,109,1690361,976525,902288,1764598,0,0,0,411168,468275,1787443
20254,발달상권,신정네거리역,신발,37526093,749,29001785,8524308,15647381,21878712,0,0,1390287,903532,7506684,27725590
20254,골목상권,상계역,당구장,107459933,7483,61462907,45997026,101729456,5730477,880577,788032,6768597,15390172,41647915,41984640
20254,전통시장,자양골목전통시장(자양골목시장),치킨전문점,8614329,232,6099158,2515171,4898519,3053007,0,667021,1127344,2111795,2159251,1886115
20254,골목상권,도곡초등학교,세탁소,13276292,398,11952285,1324007,2542962,6629090,289796,362245,715434,4254571,2571942,978062
20254,발달상권,대림역,자동차수리,84232087,602,63540581,20691506,56106064,20942636,0,0,6004513,24690071,16525345,29828772
20254,골목상권,충정로역 6번,가구,3786701700,3352,2335601306,1451100394,1907941956,1748739519,0,356924867,499774530,975782973,743581594,1080617511
20254,전통시장,노룬산시장(노룬산골목시장),일반의류,45386344,1746,32575024,12811320,12009910,33248436,0,558920,1883955,671046,10892595,31251830
20254,골목상권,화원중학교,화장품,64383405,1709,45964297,18419108,17640051,42092867,0,258360,0,2106631,11185017,46182910
20254,발달상권,신정네거리역,호프-간이주점,1824348316,31201,1211090880,613257436,1429668652,361155262,6106731,96218825,202030121,234010429,560752656,691705153
20254,골목상권,상계역,노래방,500816399,9776,306743665,194072734,409239365,48731738,874121,12762060,52528723,164454650,172066678,55284869
20254,골목상권,상계역,패스트푸드점,224280589,16374,141924085,82356504,127102747,97177842,9548577,30096493,52534812,53955375,58931898,19213434
20254,골목상권,새터산,한식음식점,495135689,17053,353889164,141246525,233062326,196419981,3484684,43803720,73175167,90285088,115803858,102929792
20254,전통시장,대명여울빛거리시장(대명시장),슈퍼마켓,13220736,354,9920999,3299737,7132652,6088084,0,118669,4525049,2759007,1367589,4450422
20254,발달상권,서초3동사거리,육류판매,2196430146,35673,1507423123,689007023,954939452,1146838581,625200,50737243,93608629,312178391,852923221,791705351
20254,발달상권,방이역,의약품,2278460784,159762,1966542085,311918699,1062355406,1195337902,4512348,86813490,252336247,567583783,511567909,834879530
20254,전통시장,삼양골목시장(삼양시장),치과의원,377991334,1184,309248889,68742445,66847553,311143781,0,0,9114778,2987085,166140734,199748737
20254,골목상권,서대문우체국,편의점,68824490,11185,50441184,18383306,39880827,28943663,1752146,17618521,13800623,5887671,10584876,19180653
20254,골목상권,상계역,일반의원,1287470133,106857,1077009774,210460359,574035690,713434443,10042810,87973466,210218125,426946821,306535287,245753624
20254,전통시장,서원동상점가,시계및귀금속,166529645,544,108992143,57537502,75609606,90920039,7605120,32693967,46931840,43913498,23814560,11570660
20254,전통시장,뚝섬역상점가,호프-간이주점,248666278,6286,180890103,67776175,104801538,95595939,2269845,55618889,61230471,21077702,27006651,33193918
20254,발달상권,도성초등학교,화장품,582258500,726,578909768,3348732,105890804,269862571,0,0,36568151,0,216272259,122912965
20254,발달상권,강서구청,핸드폰,886952,177,886952,0,886952,0,0,0,0,0,886952,0
20254,골목상권,남구로역 2번,중식음식점,276965645,8170,201609588,75356057,145399002,80909692,0,8387257,21988640,68897398,73255487,53779914
20254,골목상권,까치산역 3번,치킨전문점,9658300,298,5872065,3786235,7517409,1703644,0,1133603,3018624,2079352,1554655,1434818
20254,발달상권,학동역,편의점,2507377501,331285,1995199260,512178241,1340935178,1013313252,13371394,485574700,809964779,579544640,285131128,180661784
20254,골목상권,메디힐병원,가전제품수리,10985791,95,6719735,4266056,3987229,6998562,0,2927685,3875698,3541105,641303,0
20254,발달상권,대림역,치과의원,1445763740,6812,1171230444,274533296,740190237,705573503,1816970,40271332,133716832,217510118,477661895,574786593
20254,골목상권,양천향교역 2번,슈퍼마켓,200444885,28125,148473189,51971696,130454662,69990223,1796071,33141806,67237512,36169198,35430598,26669700
20254,전통시장,영신상가(제일상가),일반의류,30690126,955,21751122,8939004,10105176,20584950,0,276042,679433,3354879,3760185,22619587
20254,골목상권,대진고등학교,분식전문점,44068296,3920,42154249,1914047,20720556,11935887,1321473,4766481,6818542,7051246,8862005,3836695
20254,발달상권,어린이대공원역,당구장,36067704,2013,28762257,7305447,17651220,15271871,137225,8878106,13488070,3414284,4777413,2227996
20254,전통시장,황학동주방가구거리상점가,일반의류,156853458,1880,150110164,6743294,77149924,29515733,0,0,0,0,35308334,71357323
20254,발달상권,충무로역,안경,73876319,856,62387822,11488497,33860406,40015913,455507,15580886,13939497,4153382,21242000,18505047
20254,발달상권,마포역,피부관리실,50926203,410,40368259,10557944,2552386,48373817,0,3950593,11047456,24687624,9728599,1511931
20254,골목상권,성남고등학교,분식전문점,9554867,862,6735062,2819805,4461291,3666436,0,1223754,1938634,1414728,2448887,1101724
20254,전통시장,상암동상점가,호프-간이주점,2848916152,51338,2351724799,497191353,1154902121,595231599,6278316,271781286,615671661,432556750,334810945,89034755
20254,골목상권,영락고등학교,호프-간이주점,178007886,4263,120742891,57264995,119765494,58242392,331105,23241796,47924926,28730642,41173758,36605659
20254,전통시장,명일전통시장,육류판매,1885920395,58799,1354201371,531719024,768837990,1117082405,102572,17666908,97688072,263761304,632453223,874248316
20254,발달상권,공덕역(공덕오거리),일식음식점,812193776,15059,736361816,75831960,322509651,199625465,485740,93121350,160191694,138818558,78715222,50802546
20254,골목상권,공릉역 2번,일반교습학원,1780070,8,1780070,0,1780070,0,0,0,0,0,1780070,0
20254,골목상권,한울중학교,당구장,4960211,348,2425195,2535016,4667357,292854,0,164730,832803,942623,1244629,1775426
20254,전통시장,중랑동부시장,커피-음료,411625872,61604,265956088,145669784,179102429,232523443,5954141,99929513,133274195,75854299,65147269,31466455
20254,골목상권,국제신학대학원대학교(남서울중학교),스포츠 강습,9000000,22,9000000,0,7539207,701299,0,2941805,0,5298701,0,0
20254,골목상권,석촌고분역 1번,세탁소,241984958,7476,183902879,58082079,59893781,73229946,0,6337628,41959491,28915554,29567919,26343132
20254,발달상권,송파나루역,당구장,6608914,22,5953389,655525,536372,2258581,0,655525,0,1603056,0,536372
20254,발달상권,사가정역,분식전문점,318511746,29546,219126309,99385437,145913120,172598626,7017636,46172835,74171040,63818628,79890636,47440971
20254,골목상권,신월3동주민센터,제과점,334526725,25780,253460037,81066688,129426702,150516178,1347942,19603060,50647606,64991125,84132219,59220927
20254,전통시장,동묘시장(동묘벼룩시장),신발,815106896,1828,792253431,22853465,13712079,801394817,0,0,0,0,8531960,806574936
20254,발달상권,영등포구청역,커피-음료,1201465275,163295,952428815,249036460,491512924,498996944,7134303,151211574,332280574,206874943,171876907,121131572
20254,전통시장,포방터시장,일반교습학원,40632044,163,32934680,7697364,9667238,30964806,0,0,2023256,10565892,28042896,0
20254,골목상권,태릉입구역 4번,네일숍,1133567,25,859667,273900,607462,526105,0,333562,0,222374,273900,303731
20254,발달상권,광화문역,반찬가게,195000000,4879,157183894,37816106,110022282,72719549,0,3770600,3185951,8766589,37685744,129332945
20254,전통시장,신아타운,커피-음료,40849918,4837,31931903,8918015,12932525,23662739,1519158,4814385,10540410,9296420,8593421,1831468
20254,골목상권,서울과학기술대,당구장,88112267,5170,58127105,29985162,74211870,13900397,692205,7689693,4959604,19913148,28354298,26503319
20254,발달상권,신당역,일반의원,696292265,19575,609938571,86353694,325146166,371146099,396400,67779486,90308135,94313313,177138699,266356232
20254,골목상권,숭실대입구역 4번,양식음식점,476223604,18221,390992890,85230714,176791882,172072737,18721047,133906863,44399456,54232925,81979574,15624754
20254,골목상권,서울과학기술대,분식전문점,231057586,17690,157034184,74023402,104072761,100628132,5629187,56379182,33650194,43065432,54360434,11616464
20254,발달상권,홍대입구역(홍대),제과점,1462909645,135755,938317404,524592241,435746842,938976590,65827093,556180713,342813398,194245869,160914443,54741920
20254,발달상권,교대입구교차로,호프-간이주점,523371945,5946,435709955,87661990,272158652,78377283,306329,28368346,96494837,99156082,107037293,19173053
20254,발달상권,충무로역,조명용품,68606550,4643,67874191,732359,31905245,10312566,0,744267,1446856,2587072,19297360,18142258
20254,전통시장,영천시장,수산물판매,1551079209,65447,1107185903,443893306,546318060,883654117,64811,14464532,95946226,177203170,419183217,723110221
20254,발달상권,구역삼세무서,골프연습장,722022558,17229,481311564,240710994,499609650,129534706,0,34359871,137794104,181865368,200298201,74826810
20254,전통시장,서울중앙시장(신중앙시장),청과상,2487664619,118096,1646501466,841163153,637926933,1827124178,2053751,48327641,282269203,134607546,1230696127,767096843
20254,발달상권,장승배기역,노래방,160195734,1678,102496762,57698972,137357342,19103874,0,315906,9434615,19867827,83383968,43577250
20254,골목상권,홍대입구역 3번,피부관리실,29552414,735,26643110,2909304,6890460,22661954,0,13015311,5971732,2296820,8268551,0
20254,발달상권,화곡역,피부관리실,46872803,545,30446946,16425857,16875800,29997003,0,4422972,12606656,5916274,20527770,3399131
20254,골목상권,성남고등학교,한식음식점,250421468,25232,186859678,63561790,128145383,71484336,5223606,26977230,53636161,39390852,46310147,28091724
20254,발달상권,포이사거리(삼호물산),미용실,265917393,7049,190936764,74980629,117047471,140945032,912882,7058932,23706323,41454515,100912436,83947417
20254,발달상권,가락시장역,미용실,302749427,3768,200568053,102181374,165451878,137297549,6403710,14551202,67900458,76799165,73650702,63444190
20254,전통시장,서울약령시장,호프-간이주점,20081915,608,15416127,4665788,16050782,4031133,0,249587,47841,1443542,5186825,13154120
20254,전통시장,동대문문구완구거리(동대문문구완구시장),운동/경기용품,1978132423,20440,1547383725,430748698,1168985062,273746497,12691276,50138814,63279069,183096775,60452239,1073073384
20254,골목상권,당고개역 2번,한식음식점,372030817,9294,253923240,118107577,234009801,115586502,0,11758901,41462716,71736875,100587298,124050511
20254,발달상권,아차산역,한의원,344508043,12201,284324267,60183776,111465809,233042234,0,1522558,60305819,51020325,64226501,167432840
20254,골목상권,개포고등학교,일반의원,4059000000,30412,3348740356,710259644,1175196185,2883803815,869302,140898857,753902569,1493362372,770432296,899534604
20254,발달상권,신도림역,미용실,189948165,2938,125002164,64946001,90844171,96893497,2402714,17103004,41415672,54421065,43597614,28797598
20254,골목상권,당고개역 2번,미용실,17518707,715,12030270,5488437,9531646,7987061,0,100604,179143,6195730,3737672,7305558
20254,골목상권,당고개역 2번,일반교습학원,83713966,171,63994676,19719290,59529931,0,0,0,0,18231042,41298889,0
20254,골목상권,논현2동주민센터,스포츠 강습,21102916,30,21102916,0,0,21102916,0,0,21102916,0,0,0
20254,전통시장,답십리시장,슈퍼마켓,495000000,23854,344924937,150075063,177470151,308563804,432739,9687950,37967530,57044641,155441860,225459235
20254,골목상권,경춘선숲길 우측,치과의원,1182257623,9242,1101521707,80735916,686916291,495341332,622737,43435487,103789149,195187845,287832620,551389785
20254,전통시장,문정동 로데오거리 상점가(문정동 로데오거리),당구장,181708664,1237,159813725,21894939,93615707,72407342,161262,41093693,66856603,34346355,20042171,3522965
20254,발달상권,송정역,노래방,339334103,11701,231221236,108112867,294090580,43485933,3509975,24611923,51787359,51082308,122170653,84414297
20254,골목상권,경춘선숲길 우측,분식전문점,154204151,10849,110628852,43575299,54530749,57439036,436755,12595427,27296677,23565348,28377168,19698412
20254,골목상권,서초중학교,한식음식점,440503973,17518,417051649,23452324,202557488,105434569,233589,18523102,67316568,82030659,85985560,53902580
20254,골목상권,석촌고분역 1번,일반의원,1449245791,20434,1087223988,362021803,529233806,920011985,598646,129231548,508048010,344664127,255540711,211162749
20254,전통시장,창동골목시장,패스트푸드점,68297575,4184,44583633,23713942,39429854,27590809,127002,8677941,13113124,16358075,16750530,11993991
20254,발달상권,학동역,당구장,32469926,1798,26176468,6293458,29165922,1737352,15053,1730777,5598795,5708752,7098537,10751358
20254,발달상권,매봉역,제과점,553943454,55619,427743756,126199698,206285832,259866256,775700,41708739,112543810,100629896,89307868,121186076
20254,전통시장,가리봉시장,청과상,183681789,4307,169866781,13815008,22611864,153465891,0,838149,5377768,6546152,43022000,120293686
20254,발달상권,은마아파트,노래방,80272095,22615,50758543,29513552,37917096,42354999,23372864,13104106,4595318,19140624,18380262,1678921
20254,골목상권,경춘선숲길 우측,당구장,89838182,5335,54778114,35060068,83772801,6065381,2704451,16460849,7185690,13903105,33827135,15756952
20254,골목상권,방화역 3번,미용실,122414801,3272,70310746,52104055,49356027,72357775,285832,7085996,17903748,41435355,28313001,26689870
20254,전통시장,고척골목시장상점가(그라운드 고척),세탁소,42816925,1810,42170144,646781,24060266,18756659,0,1552275,15522752,10348502,7632020,7761376
20254,전통시장,중랑동부시장,한식음식점,1885908282,58309,1285898801,600009481,1210551346,648104374,7357254,188199565,474290191,399101946,395210408,394496355
20254,골목상권,경춘선숲길 우측,일반의류,49727787,418,44376350,5351437,11127190,38600597,0,0,0,14881722,19242055,15604010
20254,발달상권,사당역(사당),일반의원,4020928721,77665,3368290943,652637778,1618396655,2402532066,7443816,596501963,941105503,721119161,865704817,889053461
20254,골목상권,경춘선숲길 우측,치킨전문점,485524121,14662,340680025,144844096,277520613,175521041,10880912,127363658,64561333,107170248,102676614,40388890
20254,골목상권,경춘선숲길 우측,예술학원,51126437,520,51126437,0,32153736,18972701,0,0,20170976,30955461,0,0
20254,발달상권,개나리아파트,치과의원,708733695,3183,684183408,24550287,257131099,451527929,0,33954427,11008011,170362647,155050588,338358022
20254,발달상권,신림역(신림),화초,82582453,4010,55109207,27473246,50067144,32515309,1128206,29596609,34231815,6202223,6269343,5154257
20254,골목상권,방이동고분군(방산고등학교),화초,8639885,223,7484329,1155556,4083754,3462797,0,184067,2571182,2101468,2689834,0
20254,골목상권,당고개역 5번,청과상,32529447,2669,20322078,12207369,10526515,22002932,0,1234994,3504444,1060374,11106772,15622863
20254,골목상권,당고개역 5번,미용실,1911476,87,1350968,560508,1415642,495834,93418,0,0,653926,560508,603624
20254,발달상권,목동사거리,화장품,11256303,19,11256303,0,11256303,0,0,0,0,0,0,11256303
20254,발달상권,강남을지병원,여관,209714969,2747,110055916,99659053,141839072,43499829,2289465,58071599,66529151,26261507,23568019,8619162
20254,발달상권,한성대입구역,의약품,3286860704,237669,2806735532,480125172,1364156498,1912144101,15540258,274778584,331117693,470973877,815692150,1368198035
20254,골목상권,성남고등학교,서적,42358915,1647,37848205,4510710,17706731,18779369,1875406,0,106035,18854747,13765595,1884317
20254,전통시장,삼구시장(로타리상가),일반의류,40504639,822,32934639,7570000,21017006,19487633,0,87065,164566,762138,5843440,33647430
20254,전통시장,강남개포시장,편의점,301660915,50088,220105342,81555573,209991573,91669342,6512660,26369101,53606844,78373561,76466678,60332071
20254,골목상권,구반포역,화장품,3656750,39,2878718,778032,1556064,2100686,0,0,778032,0,0,2878718
20254,골목상권,당고개역 5번,노래방,13899694,157,11758646,2141048,3786391,10113303,0,5666462,791607,2081470,1345406,4014749
20254,골목상권,상계3동4동주민센터,슈퍼마켓,644332,26,644332,0,290548,353784,0,0,0,0,0,644332
20254,전통시장,목동깨비시장(목3동시장),육류판매,2412166967,78541,1610597877,801569090,825291676,1474272798,2057972,55096180,297975577,371934102,579325053,993175592
20254,골목상권,영신여고,미용실,78970805,2315,57697843,21272962,29304797,49366008,1208394,4849735,4790733,27187034,30364690,10270219
20254,골목상권,강동구립 천호도서관,가전제품수리,51030000,126,37800000,13230000,0,51030000,0,0,0,51030000,0,0
20254,골목상권,등촌3동주민센터,커피-음료,324464465,53134,221032313,103432152,148450439,155996761,5509160,33081632,72304988,68426231,68250502,56874682
20254,골목상권,길동주민센터(강동도서관),의약품,971128200,60156,857719593,113408607,512375177,442334278,431945,24749639,87364613,104200785,187566671,550395801
20254,발달상권,송파나루역,화초,13538155,488,9111688,4426467,5939403,6042536,0,2780009,5647497,957671,1418090,1178672
20254,골목상권,독산동정훈단지,슈퍼마켓,116255519,8159,80676429,35579090,56854299,57392830,190951,4973613,10977022,14348400,37226510,46530633
20254,골목상권,영신여고,제과점,181549710,16538,126500422,55049288,69935685,99826061,1293537,7358185,21352338,53481044,52101689,34174952
20254,발달상권,건대입구역(건대),한의원,684312028,10624,591363408,92948620,154825471,528568957,139657,128336392,197008017,194319592,65034328,98556444
20254,골목상권,영신여고,반찬가게,24511759,1584,18326624,6185135,8243891,16267868,0,1498772,2706805,7993622,8587246,3725314
20254,골목상권,동교초등학교,한식음식점,868262826,21050,565357764,302905062,428817587,344279948,2936677,125011691,250035182,146558859,146246343,102308786
20254,발달상권,강남을지병원,미곡판매,171680544,432,171680544,0,80533783,5066377,0,432203,0,8115808,22162397,54889752
20254,골목상권,영신여고,예술학원,342566002,2312,316082387,26483615,100735105,241830897,0,0,37764682,250201362,53595876,1004082
20254,발달상권,한남오거리,호프-간이주점,5318539235,84557,3522192199,1796347036,2297334985,1752094370,8087077,876940870,1651295311,745576447,559216169,208313480
20254,골목상권,영신여고,슈퍼마켓,1109704855,139352,793186672,316518183,651825073,438990252,14681855,78966000,137794381,321022089,367461280,170889720
20254,발달상권,명일역,네일숍,16265379,324,12686773,3578606,250673,16014706,0,1902521,4734443,2549498,2048417,5030500
20254,발달상권,구삼강변맛길,예술학원,248086611,1259,187918966,60167645,59976789,184856577,0,31161522,75798100,99335002,26561669,11977072
20254,전통시장,대조시장,시계및귀금속,5632853,55,3865684,1767169,2871651,2761202,0,0,0,0,0,5632853
20254,골목상권,화랑대철도공원,미용실,47256836,1058,35131765,12125071,16807003,30449833,0,3412687,5640378,13131210,15962525,9110036
20254,골목상권,화곡역 4번,청과상,59838215,2648,39402318,20435897,30041321,19338882,0,6948729,8875051,5304662,13530815,14720946
20254,골목상권,화랑대철도공원,양식음식점,52434257,3101,39637071,12797186,19700918,32733339,917336,11753222,6706452,14629166,15039809,3388272
20254,골목상권,마포구청역 1번,스포츠클럽,169465681,458,144635433,24830248,43258559,108489090,0,26701124,52667215,31511844,34741513,6125952
20254,발달상권,홍대입구역(홍대),컴퓨터및주변장치판매,52236881,68,52236881,0,751774,0,0,751774,0,0,0,0
20254,골목상권,내를건너서숲으로도서관,분식전문점,8471090,953,8345333,125757,3821812,3829998,709893,1477828,2190695,1594654,1216640,462101
20254,발달상권,"양재시민의숲역(양재동꽃시장, aT센터)",피부관리실,14245548,125,10684161,3561387,14245548,0,0,0,5698219,2314902,6232427,0
20254,골목상권,마포구청역 7번,예술학원,14379219,47,14379219,0,0,14379219,0,0,0,14379219,0,0
20254,골목상권,망리단길,치킨전문점,127553036,4929,80082373,47470663,67063405,59542199,477261,11516854,30806161,35367937,25827725,22609666
20254,전통시장,마포시장,치킨전문점,174383999,5884,131607665,42776334,93863951,56468119,588687,18132172,41413806,36587673,32896379,20713352
20254,골목상권,내를건너서숲으로도서관,편의점,99000000,13470,73164251,25835749,64663481,34336519,602653,7975584,15370695,27053353,28706444,19291271
20254,골목상권,내를건너서숲으로도서관,커피-음료,11846428,2263,9716212,2130216,5274127,5842934,70932,1425115,1308242,2695847,1853180,3763744
20254,골목상권,가산초등학교(세일중학교),한식음식점,2391868173,55283,1721376168,670492005,1322133683,802738751,794083,155765995,445669250,530911872,513380353,478350881
20254,발달상권,발산역(마곡),자동차수리,63697575,376,58165820,5531755,44955458,9761842,0,2942423,2881698,526225,12212680,36154274
20254,전통시장,영동교골목시장,육류판매,912438057,20627,574846270,337591787,441598298,383140856,448945,125328955,81343910,94223767,225097187,298296392
20254,발달상권,롯데백화점(시청광장 지하쇼핑센터),한식음식점,546420333,21809,503645190,42775143,166931722,181268444,1854882,25737344,106857110,103431711,73009289,37309828
20254,골목상권,국악고교사거리,반찬가게,57000000,3685,38695263,18304737,22350005,34649995,0,958838,12667958,9684101,19056700,14632403
20254,골목상권,조원동주민센터,일반교습학원,164827688,336,164827688,0,96990443,67837245,30274474,0,0,81853206,52700008,0
20254,발달상권,미아역,치과의원,1633079792,14148,1470988010,162091782,854795751,778284041,1816972,33359124,194560180,271695079,408890548,722757889
20254,발달상권,노원역,치킨전문점,710377297,15318,449070530,261306767,438318220,258675039,9574225,169882273,164183213,138388753,145949733,69015058
20254,전통시장,연희사러가,분식전문점,69947598,7169,43702233,26245365,28288062,39771380,725331,12256609,14077232,16462921,15110469,9426879
20254,골목상권,서초동성당,운동/경기용품,2064000000,1032,1980124303,83875697,1162783824,362438168,0,0,258258258,307707781,946537547,12718406
20254,골목상권,증산역 3번,커피-음료,177995671,18375,122959881,55035790,59034248,95466947,971590,17290490,40467655,37935280,34838923,22997257
20254,발달상권,선릉역,안경,368535885,4268,303961771,64574114,137249743,224528307,7270721,48265116,80613179,110638443,60503706,54486885
20254,발달상권,교대역(법원.검찰청),네일숍,35635790,498,29818302,5817488,4198800,27901336,0,4342559,6384620,6951038,11010972,3410947
20254,발달상권,여의도역(여의도),치과의원,4133336791,27149,3648153913,485182878,2187120925,1927997710,8376519,302038418,719316171,1068754825,1110740502,905892201
20254,발달상권,장안동사거리,핸드폰,189541813,9522,165055551,24486262,57588064,65750150,0,24939712,2267247,26753509,46705280,22672466
20254,골목상권,증산역 3번,분식전문점,92511688,9968,86443287,6068401,23993901,59506675,1520784,7190966,8554203,31290522,28406023,6538080
20254,전통시장,약수시장,노래방,38279826,187,21956213,16323613,36959028,1320798,0,0,287129,10976768,8630027,18385902
20254,골목상권,목동로데오거리,호프-간이주점,120853135,1130,83414989,37438146,91542429,15222514,0,14328969,48330923,26339325,6641314,11124412
20254,발달상권,구로디지털단지역,일반의원,3008791998,44229,2534643358,474148640,1177215775,1831576223,866311,458864956,875186567,549850939,635947201,488076024
20254,전통시장,청량리청과물시장,육류판매,4151741062,114686,2813634447,1338106615,1912582423,2239158639,2019921,73128776,147682428,609286954,782725928,2536897055
20254,골목상권,증산역 3번,예술학원,26601641,193,26601641,0,1385502,25216139,0,0,0,26601641,0,0
20254,전통시장,행당시장상점가,분식전문점,487447094,50521,372955140,114491954,258813876,213965281,1943460,54789068,100584856,82200831,126446945,106814001
20254,발달상권,가산디지털단지,네일숍,17237243,378,16839937,397306,1673087,15564156,290259,6293636,6587185,1756100,2310063,0
20254,골목상권,양천향교역 7번,화초,5792125,109,5792125,0,811834,1092854,0,468366,1436322,0,0,0
20254,골목상권,증산역 3번,미용실,51843016,1790,33029494,18813522,15748883,36094133,103033,1525569,6010876,10563674,14053877,19585987
20254,전통시장,화곡본동시장,노래방,83508086,1158,47199199,36308887,70434349,12316779,283094,5826884,14518249,25207054,19445373,17470475
20254,골목상권,이대역 5번,화초,122697407,4558,92108738,30588669,30318457,81319408,2986480,48107224,8196746,33534419,13506757,5306240
20254,골목상권,양천향교역 5번,호프-간이주점,410074334,3998,315706142,94368192,331242954,42906356,661571,9626878,53657301,74603886,173755557,61844120
20254,골목상권,시립서북병원,조명용품,7410274,168,6988036,422238,1203377,1562281,0,886699,84448,0,1794511,0
20254,발달상권,"강남구청(청담역_8번, 강남세무서)",화초,45303999,556,37372444,7931555,8353092,23961623,733079,3915261,7491036,2559196,0,17616144
20254,골목상권,서초중학교,미용실,89009332,1534,67296976,21712356,26424262,62585070,178041,1734394,5465040,22333923,28649136,30648798
20254,골목상권,시립서북병원,중식음식점,154673142,4845,118554144,36118998,55059739,38368642,558161,5386201,11880056,21941128,29350226,24312607
20254,발달상권,영등포역(영등포),신발,8606016712,56758,4544100282,4061916430,4486073037,4069420336,37828425,1392696754,2701006346,2193480093,1249975807,980505949
20254,발달상권,명일역,의약품,7951024799,438205,6797563311,1153461488,4321727538,3629297261,16117174,211479950,979850908,1452869068,1894126845,3396580854
20254,골목상권,문정초등학교,미용실,129385947,3361,87157121,42228826,53188080,74142807,0,11331759,18348950,33408368,26836227,37405578
20254,발달상권,문정역,의료기기,9000000,28,9000000,0,9000000,0,0,0,0,0,7392909,1607091
20254,골목상권,신림역 8번,분식전문점,159972440,15041,122670782,37301658,67865572,66360295,774364,27351584,35746450,27894901,24348758,18109812
20254,골목상권,신월7동주민센터,호프-간이주점,307122956,17973,204978451,102144505,227037352,80085604,1455823,18562653,31475911,48872594,76022516,130733459
20254,골목상권,KB국민은행 서강지점,일반교습학원,60000000,218,55394081,4605919,28302792,31697208,0,0,0,44831619,15168381,0
20254,골목상권,화곡역 5번,서적,6382499,218,3963969,2418530,3618119,2365322,0,0,0,4319493,1663948,0
20254,전통시장,둔촌역전통시장,청과상,2780896731,144992,1845098492,935798239,969799621,1538359045,736614,89994025,220910299,434991512,694951013,1066575202
20254,발달상권,도성초등학교,일반의류,252448930,894,190988093,61460837,46884349,205564581,0,0,12182641,62928992,85877366,91459931
20254,전통시장,남성사계시장(남성시장),피부관리실,358962584,1443,300004375,58958209,73920677,283305621,0,2807723,60649276,45616047,101905591,146247660
20254,골목상권,시립서북병원,분식전문점,34500429,3801,21401070,13099359,15321520,16976518,52449,1429054,3799887,7556439,10458326,9001883
20254,골목상권,서울서부지방법원,일식음식점,81391888,679,70615968,10775920,39843105,20015789,0,2139164,8759264,8212693,20025213,20722561
20254,골목상권,남천초등학교,서적,48027242,1716,40847275,7179967,11903560,20853429,1281537,1572542,481276,13263073,11759923,4398638
20254,골목상권,마포역 4번,편의점,402110499,61408,322470725,79639774,279262582,115916063,1712149,47685993,123037811,88993431,76793838,56955422
20254,발달상권,삼성중앙역,철물점,68836920,3350,64900066,3936854,33115524,18571897,0,11084772,13514511,6408505,6581478,14098154
20254,전통시장,인왕시장(홍제골목형상점가),여관,2415828,70,1669764,746064,2415828,0,0,0,248688,1030280,0,1136860
20254,골목상권,시립서북병원,피부관리실,1976470,47,1694117,282353,705882,1270588,0,0,517647,0,988235,470588
20254,골목상권,사당역 10번,미용실,232819877,5940,141904578,90915299,103368322,128376887,229202,18376221,40974774,27418424,35973119,108773468
20254,발달상권,경복아파트교차로,자동차수리,113432050,525,92397966,21034084,74966479,29548898,0,10178480,26367503,28932836,29538036,9498522
20254,전통시장,광장시장(광장전통시장),일반의류,1724371444,15090,1480199353,244172091,561458981,971145117,0,77186990,214097744,399689272,335243673,506386415
20254,발달상권,명동역(명동재미로),치과의원,68968792,565,67574810,1393982,15496243,49770664,0,1269929,1627938,14291762,6849200,41228078
20254,발달상권,선릉역,골프연습장,153831429,2567,117144271,36687158,102635435,17229435,0,5566851,35842091,33585006,31619844,13251076
20254,전통시장,성내전통시장,육류판매,3701293165,94086,2434576597,1266716568,1523638999,2161499224,0,132070559,396258077,869389268,839813976,1447606345
20254,발달상권,"양재시민의숲역(양재동꽃시장, aT센터)",화초,14065130489,158736,11789698945,2275431544,2464584185,5901090015,4806944,1011689295,1200781963,1126503506,2220668396,2801224095
20254,발달상권,경찰청앞교차로,패스트푸드점,397096267,26553,331343296,65752971,184456927,136571288,1771812,39291802,110728403,97308064,51129337,20798797
20254,발달상권,언주역(차병원),스포츠클럽,133314770,295,132481652,833118,57456039,75546868,0,30981043,84382810,6995640,10643414,0
20254,골목상권,강서구다솔마을,커피-음료,33045786,3950,30711956,2333830,17453267,10513311,0,1588022,7456138,9204862,6884462,2833095
20254,발달상권,종로3가역,편의점,4398144916,673300,3120612558,1277532358,2990429321,1299308402,34799846,929637402,1239493337,867152142,719223348,499431654
20254,골목상권,증산역 4번,치킨전문점,11092165,290,8198406,2893759,8533105,1112180,0,327727,1945443,1549730,2785680,3036705
20254,골목상권,대방역 6번,한식음식점,126347873,9643,107682472,18665401,75439143,20166808,0,3308620,13225302,19212622,30872965,28986439
20254,골목상권,새절역 3번,일반교습학원,39207562,132,30430904,8776658,23030661,16176901,0,0,0,15598149,21731118,1878295
20254,골목상권,새절역 3번,치과의원,179298133,1250,143851989,35446144,121263986,58034147,0,24568477,1663979,19818327,48816384,84430966
20254,골목상권,난곡중학교,한식음식점,35036468,1345,26291543,8744925,20136839,12022057,135653,1815436,2507798,3576302,6399304,17724402
20254,발달상권,화곡역,일반교습학원,188708001,437,188708001,0,29300318,159407683,0,39067090,32090825,111969073,5581013,0
20254,발달상권,남영동 먹자골목,편의점,544288919,81596,391610090,152678829,361802672,159689354,3646516,109744444,181093823,103355537,95188279,28463428
20254,골목상권,새절역 3번,미용실,115194165,4045,65015597,50178568,57012062,56217464,239850,5794194,15472192,22139689,34321436,35262165
20254,발달상권,서울시흥동우체국(홈플러스시흥점),커피-음료,160425349,27621,103626879,56798470,71068794,88441933,2533153,27602882,37279481,30680706,31076209,30338296
20254,골목상권,새절역 3번,치킨전문점,79984456,2942,56718811,23265645,50917873,23654202,708750,4168796,11142092,16437164,22490141,19625134
20254,골목상권,KB국민은행 망원동지점,세탁소,25254148,1411,19923734,5330414,11251656,14002492,0,1417865,3420598,6496552,7934061,5985072
20254,골목상권,새절역 3번,분식전문점,160191714,7039,120714788,39476926,81611517,61552441,394560,16423635,35663019,31629882,34409310,24643553
20254,골목상권,장승배기역 4번,예술학원,4676732,29,3951224,725508,3634978,1041754,0,0,1283589,2667635,725508,0
20254,골목상권,거여역 1번(거여공원),일반교습학원,44386200,96,44386200,0,20868888,23517312,0,0,2944591,16167930,25273679,0
20254,전통시장,인왕시장(홍제골목형상점가),반찬가게,1069397013,60741,775507695,293889318,354274572,715122441,121990,17587189,33783148,86440330,365282588,566181768
20254,발달상권,구로전화국,편의점,265931108,34959,190219339,75711769,167723042,98208066,2561313,53513016,76660022,49970880,49555652,33670225
20254,골목상권,신풍역 3번,중식음식점,68606953,2617,32224661,36382292,51481603,16118984,1328677,4731408,10282909,10949795,11417301,28890498
20254,발달상권,신림역(신림),일반의원,8752596085,246306,7453559809,1299036276,3817146555,4935375894,17123481,1572809890,2341322631,1312602489,1412964543,2095699415
20254,골목상권,문정역 2번,자동차수리,105707644,824,77208953,28498691,84521117,14249346,0,0,5062267,1124948,43498002,49085246
20254,골목상권,화곡역 2번,커피-음료,5100008,862,3882625,1217383,2449290,2650718,0,490585,1672546,1169550,1007295,760032
20254,골목상권,신사1동주민센터,호프-간이주점,102396085,2511,74863169,27532916,66864640,34096150,1937944,12742379,19783251,26187117,22563043,17747056
20254,전통시장,신아타운,한식음식점,34933607,1884,33050120,1883487,12684728,17452125,112049,1411733,8337482,7122215,6200966,6952408
20254,골목상권,마천역(마천초등학교),치킨전문점,238380749,6834,148104673,90276076,135987557,90415819,419803,9939852,26939977,58048706,68942120,62112919
20254,발달상권,한남오거리,제과점,409687397,18491,304028415,105658982,141894277,197991332,922025,28816204,81377274,74447821,80885628,73436657
20254,골목상권,신사1동주민센터,스포츠 강습,478226619,1835,461409187,16817432,109262348,338387122,0,0,78940008,335074596,33634865,0
20254,골목상권,마포구청역 7번,미용실,158950472,3584,94445620,64504852,71193020,87757452,0,24292495,36000120,35124838,43681669,19851350
20254,골목상권,미성동주민센터,한식음식점,276476279,6504,206583323,69892956,180665654,86486837,578623,14442291,32499916,39956862,84830799,94843999
20254,발달상권,방배역,당구장,28914921,1772,18565317,10349604,18738154,5625126,1330756,3010742,2536398,5334132,5762466,6388784
20254,골목상권,신사1동주민센터,한의원,24047233,590,20927879,3119354,2595331,21451902,0,417802,2653162,1542564,17314008,2119697
20254,발달상권,잠실역,일반의원,17090879877,125513,13601939003,3488940874,4775421794,12315458083,21581031,2419693449,5166650955,4787528472,2949949050,1745476920
20254,골목상권,강동구립성내도서관,조명용품,413312077,16955,362849289,50462788,241577668,54394058,0,2844998,44341733,77837989,63877384,107069622
20254,골목상권,선정중학교,세탁소,19508419,733,18233181,1275238,8858830,10649589,135664,108531,3771447,2129918,4951720,8411139
20254,발달상권,독산동,양식음식점,43155606,1376,40061115,3094491,14692959,18978428,0,1875060,9230082,9760220,8675765,4130259
20254,발달상권,국회의사당역(국회의사당),서적,325946,39,325946,0,325946,0,0,0,0,73726,252220,0
20254,발달상권,성신여대,당구장,130497931,8140,89867837,40630094,79327881,50939648,7563827,32069863,18151817,29635181,28061547,14785295
20254,발달상권,구로전화국,화장품,128019345,4549,111681300,16338045,36014283,80236881,0,2690704,1719456,2508579,43707541,65624884
20254,전통시장,비단길현대시장(현대시장),시계및귀금속,73566333,116,60755737,12810596,35872603,37693730,0,0,3389047,2658519,9022395,58496372
20254,골목상권,선정중학교,커피-음료,7046617,1057,3816789,3229828,2183429,4863188,52839,1666410,966780,1935352,1425767,999469
20254,전통시장,영동전통시장,당구장,71351674,3511,51221288,20130386,61260754,7923702,480930,7575088,12053909,14381275,25161717,9531537
20254,발달상권,발산역(마곡),반찬가게,473716555,4393,470007900,3708655,84152554,377691542,0,4053528,6046422,35066579,48271755,368405813
20254,골목상권,역촌노인복지관,제과점,241747662,19078,163943277,77804385,89854530,126398288,2256246,13222831,31223884,48218982,57438557,63892318
20254,골목상권,관악구 중앙길,슈퍼마켓,924343444,126278,655264251,269079193,620925819,303417625,7492462,217059354,279374759,168630155,121222466,130564248
20254,골목상권,역촌노인복지관,일반교습학원,279369048,922,217958952,61410096,182624204,96744844,0,0,20743540,246741596,11883912,0
20254,골목상권,홍대땡땡거리,세탁소,62191146,3885,47292336,14898810,32779629,29411517,0,8441646,13910132,8823865,18555260,12460243
20254,골목상권,방이역 1번,분식전문점,378208031,39188,265279745,112928286,159504765,199692014,2520506,24621068,82534616,95317386,80236119,73967082
20254,골목상권,역촌노인복지관,애완동물,4653070,124,3960215,692855,510524,4142546,0,474059,36466,0,1480523,2662022
20254,골목상권,우리은행응암동지점,치과의원,195753076,2203,137386918,58366158,77758727,117994349,0,36909647,2983845,42467552,74758275,38633757
20254,발달상권,구역삼세무서,화장품,423050926,4334,319819031,103231895,177666906,221934529,0,59734425,110422425,121395262,77606238,30443085
20254,전통시장,방이시장,피부관리실,4461403,42,1509004,2952399,4461403,0,0,328044,1968266,984133,0,1180960
20254,발달상권,군자역,여관,346971286,9456,210909416,136061870,280098277,65382745,1103567,40652821,79429102,68472130,53706856,102116546
20254,골목상권,신정역 5번,육류판매,457034887,7209,279297909,177736978,90629982,363118902,0,539579,10529916,51902644,38514494,352262251
20254,전통시장,봉천중앙시장,한식음식점,1030126357,48341,780319416,249806941,585672824,354148212,1776039,97099578,172237674,126345594,175007852,367354296
20254,골목상권,천호공원(해공체육문화센터),호프-간이주점,66497164,1231,31385022,35112142,43134591,19619709,0,8889979,13020724,12665259,10872586,17305751
20254,발달상권,서초3동사거리,편의점,2779198725,454747,2106511443,672687282,1816761050,893290944,72241210,421832127,578341796,751672683,626748652,259215528
20254,골목상권,역촌노인복지관,의약품,896226059,84598,764990501,131235558,407026337,489199722,4572181,33686985,106202428,150335119,146437623,454991723
20254,발달상권,상봉역,전자상거래업,718479840,1835,718479840,0,0,718479840,0,0,0,718479840,0,0
20254,전통시장,통인시장,분식전문점,36000000,2606,20298600,15701400,10546442,25453558,1038664,12377941,7673822,6273305,5896432,2739836
20254,전통시장,방학동도깨비시장,반찬가게,873932560,64311,546885589,327046971,355741860,500937382,948962,14535852,48615390,111603957,283966957,397008123
20254,골목상권,역촌노인복지관,자동차수리,34941514,215,33603761,1337753,23716026,7218048,0,0,63979,6153661,17856087,6860343
20254,골목상권,KB국민은행 망원동지점,스포츠 강습,93876694,167,93876694,0,0,93876694,0,30322869,48559000,14994825,0,0
20254,발달상권,"강남구청(청담역_8번, 강남세무서)",한식음식점,3395717079,69840,2658347257,737369822,1327204794,996751766,4277182,144887227,456331861,516701387,660607253,541151646
20254,골목상권,역촌노인복지관,한식음식점,884915052,17839,544610481,340304571,521257279,303378892,1900378,61807377,177820967,210402897,215810114,156894433
20254,발달상권,구역삼세무서,한식음식점,9540597916,260864,8294490818,1246107098,3829075869,2060870113,12022260,712098995,1711187388,1464555709,1276654296,713427323
20254,발달상권,동묘앞역(동묘),커피-음료,477153908,53651,321449037,155704871,178832997,266541363,6044073,77941965,112488802,84924866,80312312,83662340
20254,발달상권,군자역,서적,96000000,6539,45458666,50541334,11179083,84820917,3710021,53287679,22462231,5949061,7789000,2802008
20254,골목상권,문현중학교(장지역 1번),자동차수리,1015398328,5800,836311925,179086403,616149606,215204862,0,13924181,107438525,145130167,332762223,232099370
20254,발달상권,방이역,외국어학원,104242432,406,92693692,11548740,43745228,60497204,0,0,0,96338247,7904185,0
20254,골목상권,구산보건지소,세탁소,65846399,5061,49577302,16269097,31747570,27273213,0,5392276,7764460,16912129,18172663,10779256
20254,전통시장,면곡골목시장,일반의류,3402132,85,3402132,0,0,3402132,0,0,0,0,0,3402132
20254,발달상권,거여역,일반의원,6282005603,244602,4994229273,1287776330,2817665245,3464340358,10603565,370866380,751628995,1707617995,1633140417,1808148251
20254,발달상권,영등포역(영등포),슈퍼마켓,5061140931,443105,3205820262,1855320669,2327246701,2642330045,14466132,690531140,1421837820,975746426,934945475,932049752
20254,발달상권,본서부병원,육류판매,700227989,9519,491337709,208890280,156037319,340178922,0,10131709,27623185,31406454,59946795,367108099
20254,발달상권,영등포역(영등포),일식음식점,2999099033,75990,1815151801,1183947232,1441694738,1435409334,36700642,679609078,1073435490,625796836,315030351,146531675
20254,발달상권,언주역(차병원),한의원,1110928534,5781,1105495312,5433222,127728669,983199865,0,32056318,304382685,433623720,258776084,82089727
20254,골목상권,구산보건지소,패스트푸드점,19686850,1952,15287768,4399082,6095740,10096930,391695,2818271,3744524,4428608,3480962,1328611
20254,골목상권,구로디지털단지역 4번,의약품,95341202,6998,76389125,18952077,52491193,42850009,188616,6879606,19477466,12429400,18455075,37911039
20254,발달상권,충무로역,부동산중개업,177875290,27492,157530976,20344314,76703564,36289858,0,12371542,31341241,36564781,20344314,12371542
20254,골목상권,구산보건지소,자동차수리,498526034,2330,415494987,83031047,333564701,114710088,0,5610791,13994780,66933456,164321937,197413825
20254,전통시장,동남상가,한식음식점,203434219,4975,130230733,73203486,139217138,60277200,0,4083291,34161331,3693316,17538691,140017710
20254,골목상권,성산중학교,인테리어,48274777,651,48274777,0,1787955,1787955,0,0,1430364,0,2145546,0
20254,골목상권,길동주민센터(강동도서관),수산물판매,539452577,29106,400251039,139201538,136297226,391237475,348488,4157022,15945165,30476215,118078828,358528983
20254,전통시장,도화동 상점가,제과점,140235297,13338,103962130,36273167,54084558,72706980,195069,10142677,23512326,26828372,26506550,39606545
20254,전통시장,인헌시장(원당종합시장),커피-음료,226380039,19770,144126210,82253829,80600655,108334356,874184,23845709,70227011,24155715,24043645,45788748
20254,골목상권,남가좌파출소,반찬가게,48000000,2683,34470057,13529943,23205714,24794286,31225,1321618,3359015,10599635,14556578,18131929
20254,골목상권,예일여고,화초,17360296,408,11855811,5504485,2933708,10494812,0,0,3538596,1587831,3402497,4899596
20254,발달상권,송파사거리(송파역),일반교습학원,4024706966,6854,2350485926,1674221040,2265274679,1759432287,0,0,0,2476651690,1540617164,7438112
20254,골목상권,예일여고,미용실,45973509,1541,34500741,11472768,21635600,24337909,47601,2015541,5633908,8325322,17603256,12347881
20254,전통시장,강남개포시장,일반의류,2175602,62,2175602,0,2175602,0,0,0,0,0,0,2175602
20254,골목상권,예일여고,편의점,358107611,44944,250831031,107276580,251613337,106494274,1851463,47126190,79856966,90668402,87387116,51217474
20254,골목상권,예일여고,자동차수리,67361037,612,56186298,11174739,44022112,19646683,0,505736,3239290,21413766,17684550,20825453
20254,골목상권,예일여고,일반의류,6725120,156,6059781,665339,771527,5953593,0,53391,312134,1700310,3187922,1471363
20254,발달상권,강서농산물도매시장,육류판매,20733107176,183193,17122966103,3610141073,8518500847,8571607135,0,93967714,1183492655,2706801237,4282822707,8823023669
20254,골목상권,영등포역 2번,분식전문점,18503170,2510,14568615,3934555,10766543,7736627,153729,4930423,9644991,1983993,1702296,87738
20254,발달상권,"강남구청(청담역_8번, 강남세무서)",미용실,556843872,4663,360745193,196098679,227272383,292589592,5785552,53729347,87056655,132095720,118581380,122591946
20254,골목상권,충정로역 6번,한식음식점,1270113332,37377,1085176960,184936372,617885073,332146133,2987698,96372383,229282279,193677234,267399887,160311723
20254,발달상권,국회의사당역(국회의사당),한식음식점,28746111855,643023,25604555232,3141556623,9723145095,5975200473,17290370,1548408570,4327227214,4049750831,3392938356,2362730226
20254,전통시장,상계주공1단지(가)상가,미용실,31625549,942,22325569,9299980,9735806,21889743,351473,365532,2516548,3303847,9011770,16076379
20254,골목상권,선일여고,일반교습학원,405957258,1396,373264283,32692975,162445104,243512154,17327387,1517922,20401693,225257218,141453038,0
20254,전통시장,"한양대앞상점가(한양시장, 왕십리맛골목)",미용실,1126254,28,673270,452984,1126254,0,195465,654655,0,0,0,276134
20254,골목상권,선일여고,일반의원,416514974,27125,338760278,77754696,153317848,263197126,10319064,15865490,49874430,188645508,127330802,24479680
20254,발달상권,천호역,시계및귀금속,1354778072,1204,956273751,398504321,383752972,480480104,0,18783312,208680214,248698958,265737799,122332794
20254,골목상권,선일여고,편의점,179920488,26491,128757728,51162760,121461598,58458890,1204295,14795318,68732202,28634772,37419902,29133999
20254,골목상권,경의선책거리,미용실,247033528,3755,140158612,106874916,146205403,100828125,2377930,86449495,83453692,29248482,28869529,16634400
20254,발달상권,아차산역,문구,124563509,3217,102664861,21898648,49690392,74873117,4254487,5562420,4495294,34270792,28925352,47055164
20254,골목상권,고덕동성당,한식음식점,1367535484,32378,914901550,452633934,787722242,494209758,911295,67056461,187099137,333400746,356829235,336635126
20254,전통시장,창동역상점가,노래방,265684593,22879,163907037,101777556,197847795,56454372,5062222,39701238,92529946,51516718,30287113,35204930
20254,골목상권,선일여고,분식전문점,47346510,8783,38845667,8500843,20752617,25908803,6860650,5544680,8210465,14456370,8488045,3101209
20254,골목상권,신림우방아파트,한식음식점,98270954,4439,65784339,32486615,63795566,26596674,0,16141707,25160722,12234941,21272945,15581924
20254,발달상권,방이동먹자골목,한의원,47159891,1011,45613422,1546469,9942165,37217726,0,3912688,15553678,20248362,6311266,1133897
20254,전통시장,신원시장,노래방,5136284,69,4222200,914084,4831589,304695,0,0,0,0,3917505,1218779
20254,전통시장,홍대 걷고싶은 거리,화초,129547176,6297,82521581,47025595,49442414,66651649,4896167,55289231,27789226,14716686,9817745,3585009
20254,골목상권,삼성중앙역 7번,피부관리실,6120000,16,6120000,0,2256364,3863636,0,0,0,6120000,0,0
20254,골목상권,응암역 2번,한식음식점,249361359,9396,177237088,72124271,123322904,115626262,490757,14405754,34749849,37228339,66404890,85669579
20254,발달상권,동묘앞역(동묘),호프-간이주점,501647980,7977,310088389,191559591,377381576,115417404,3149030,55261328,110391939,59843343,174781410,89371932
20254,발달상권,상계백병원,치과의원,421863446,2454,353097950,68765496,156587098,265276348,0,23292212,28545661,69279506,96535563,204210504
20254,전통시장,동화동 골목형상점가,일반의류,421432389,3942,152567996,268864393,41195880,380236509,0,0,0,279831178,42637371,98963840
20254,골목상권,응암역 2번,서적,73324922,1657,66634990,6689932,13179270,19626977,1389022,2696493,1984553,14556585,7720517,4459077
20254,골목상권,한겨레신문사,슈퍼마켓,30165536,3336,23087309,7078227,16762879,12269810,80458,663430,4827799,5275087,6520292,11665623
20254,골목상권,신림현대아파트,호프-간이주점,37319309,878,25526509,11792800,29918123,5759929,0,1187752,539180,5685012,16810883,11455226
20254,골목상권,서강대역 1번,중식음식점,55352360,4308,41270852,14081508,36005170,15812297,780889,15231981,5564731,5728529,12807216,11704120
20254,발달상권,한티역,수산물판매,9849918,481,8213020,1636898,4809125,5040793,0,417079,786359,2269262,1276869,5100349
20254,전통시장,강남개포시장,양식음식점,131545659,3681,99869306,31676353,52766825,55779514,1315643,6432540,14792421,39219676,28430536,18355525
20254,발달상권,종로구청,여관,11167720,60,8158941,3008779,2602187,7427076,0,0,8348684,1030032,650547,0
20254,발달상권,명동역(명동재미로),호프-간이주점,494020368,10466,360535532,133484836,197273161,198096623,9607668,124682496,112045163,76597800,47658497,24778161
20254,골목상권,구산역 4번,노래방,65142174,778,54449496,10692678,19186112,45554541,0,716018,42588457,4506179,5380436,11549563
20254,골목상권,한성백제역 3번,편의점,189166018,27194,140010995,49155023,115210180,73955838,1556510,29299916,57172654,43477308,28222480,29437150
20254,발달상권,당산2동(영등포우체국),커피-음료,1092746920,132372,908553530,184193390,425031343,511672471,4626034,177721441,377311358,186747122,139688523,50609331
20254,발달상권,둔촌역,시계및귀금속,55941020,378,37660814,18280206,24061378,31879642,0,12637946,6005287,1211181,2413907,33672699
20254,발달상권,홍대입구역(홍대),일반교습학원,221541316,688,174132877,47408439,131901083,89640233,0,7760210,37769710,91843899,77377314,6790183
20254,발달상권,이태원(이태원역),핸드폰,1671130,66,1671130,0,88654,1582476,0,0,1418466,252664,0,0
20254,골목상권,신사은행나무공원,커피-음료,18000000,577,11747869,6252131,4759694,9498619,0,2968255,7015587,2492233,1199792,582445
20254,발달상권,연남동(홍대),커피-음료,7319806249,771128,4605430489,2714375760,2203871064,4719385479,205122136,2830123276,2163020816,792340346,687752228,244897749
20254,발달상권,남부터미널역,전자상거래업,923372387,81998,518281249,405091138,675123217,201835339,14030447,252202017,328249615,167159301,99823329,15493845
20254,골목상권,구산역 4번,미용실,196034886,7467,128915477,67119409,70874086,124241211,448946,6747520,15218242,50734819,67051740,54914031
20254,전통시장,정릉아리랑시장,미용실,53039444,1271,30808806,22230638,15977146,37062298,0,4022722,497752,15052801,22164660,11301509
20254,골목상권,흑리단길,미용실,57189522,2897,47534650,9654872,19676512,37513010,88435,1633612,877526,5428855,13560909,35600185
20254,발달상권,신정네거리역,한식음식점,7168339671,190260,4574648244,2593691427,4271992532,2449145791,24854365,583679381,1290998266,1412067444,1712162392,1697376470
20254,골목상권,경의선책거리,한식음식점,1092379105,30439,748003446,344375659,451709203,376744004,15151651,291076929,231891418,117351680,118139937,54841590
20254,발달상권,강남구청역,컴퓨터및주변장치판매,93690544,419,89301783,4388761,34730199,5754722,0,1572329,951259,25304658,7955981,4700694
20254,골목상권,구산역 4번,편의점,651160493,84934,458574602,192585891,409700940,241459553,9256162,61900259,135813887,170776100,148967736,124446349
20254,골목상권,미근동,커피-음료,151505778,16851,151403160,102618,59745357,60295496,55341,10540974,41000274,41454528,21883899,5105838
20254,발달상권,등나무근린공원,의약품,2108820126,174872,1748240224,360579902,1014708938,1094111188,6387845,86997627,280532601,575738635,541106782,618056636
20254,골목상권,문래예술촌(문래창작촌),일반의류,328477915,4207,320954628,7523287,42741147,229907295,0,2173394,6570454,16592484,204855772,42456338
20254,발달상권,신정네거리역,한의원,710861702,27544,601010627,109851075,292307233,391549159,0,15829244,61940973,136970519,130726360,338389297
20254,발달상권,방이동먹자골목,조명용품,5435200,265,5103785,331415,2644689,132566,0,159079,139194,689342,265132,1524508
20254,전통시장,황학동주방가구거리상점가,철물점,469433452,4936,341950385,127483067,378206072,19010080,0,0,205802499,10292751,25364278,155756625
20254,골목상권,화곡2동주민센터,세탁소,22818139,1391,18109085,4709054,10663777,12154362,0,2268309,3867484,7227304,5374024,4081018
20254,전통시장,쌍문시장(쌍문역골목시장),제과점,385011758,32268,283471221,101540537,138511187,246500571,1437961,52663303,87811978,76533092,87203837,79361587
20254,골목상권,새절역 2번,미용실,21881457,961,13257987,8623470,10521886,11359571,0,873786,961165,3901641,4824717,11320148
20254,골목상권,동일여자고등학교,세탁소,30674180,2339,24333117,6341063,12198725,18475455,0,792466,3346472,7127734,11383688,8023820
20254,골목상권,국제신학대학원대학교(남서울중학교),호프-간이주점,387769887,7709,307021704,80748183,278174953,105291515,616257,40779203,87391293,29957722,140952531,83769462
20254,전통시장,남성사계시장(남성시장),육류판매,5505677808,170088,3919309875,1586367933,1854135470,3599471613,3497505,117744467,339796276,717630347,1412723140,2862215350
20254,전통시장,면목골목시장(면목시장),일반의원,130485253,4800,116799111,13686142,32985134,97500119,0,4240224,5026458,11698602,44008534,65511435
20254,골목상권,한겨레신문사,한식음식점,621076354,11020,452179887,168896467,284968244,196196437,1240952,86382437,211183991,73639685,64114780,44602834
20254,발달상권,휘문고교사거리,커피-음료,280892294,46388,197954605,82937689,121442168,134107209,8097650,33859326,68588481,79209372,43747800,22046748
20254,골목상권,갈현건영아파트,커피-음료,10740504,1818,10740504,0,1506571,3280857,0,134859,219627,564406,1105846,2762689
20254,전통시장,선유도역 골목형상점가,한식음식점,5804611600,119564,4365181831,1439429769,2394493873,1640206141,3847771,257474216,826596485,774080733,917021208,1255679604
20254,골목상권,상도역 5번,일반의류,97242862,1449,88954611,8288251,23900553,73342309,0,270773,2789591,1079225,11477382,81625891
20254,발달상권,길동역,여관,886932967,21724,634063251,252869716,589499729,109589972,3884676,75354191,130211775,160563364,195665955,133409743
20254,골목상권,관악구 중앙길,인테리어,4741957,52,4741957,0,1384513,3357444,0,0,0,2595962,1384513,761482
20254,골목상권,서원동주민센터(신관중학교),치킨전문점,15024044,615,9480866,5543178,9604554,4155605,0,1526573,3026574,3787905,3146586,2272520
20254,발달상권,구로디지털단지,육류판매,621480088,4311,464740492,156739596,236165793,42581767,0,30724604,43927563,79555716,58646311,65893367
20254,전통시장,석촌시장,미용실,731923070,11560,428719442,303203628,299459612,432463458,27704582,88360867,185099930,188827879,126413054,115516758
20254,골목상권,연신내역 5번,일식음식점,85019080,1291,48296400,36722680,48695629,33071354,695417,27611011,36849742,9362891,5821437,1426487
20254,골목상권,백산초등학교,일반의류,2220693094,6448,1775849904,444843190,1168643449,913450022,0,58728879,121050544,147230563,616203269,1138880217
20254,발달상권,회기역,양식음식점,458319918,14288,283467453,174852465,243346917,192837361,6369384,48722326,87690916,107916231,118683366,66802052
20254,전통시장,영등포시장기계공구상가,한식음식점,285210958,4936,203408399,81802559,147939463,85150756,191720,28424729,79278908,48364360,45749397,31081104
20254,발달상권,거여역,의약품,3760883234,275638,3075490729,685392505,1970197895,1790685339,9068501,189075374,441951707,642119155,952204018,1526464479
20254,골목상권,계남근린공원,미용실,49118982,1481,27345234,21773748,28131589,20987393,0,316794,1966826,14144993,21005231,11685138
20254,발달상권,송파사거리(송파역),호프-간이주점,469331929,12163,250165026,219166903,345797545,110840898,4409903,60906527,95640875,105834114,131032338,58814685
20254,전통시장,세종마을음식문화거리(금천교시장),패스트푸드점,129776458,11186,97579673,32196785,44578370,68747934,1672651,25949086,44455108,20056552,14079148,7113760
20254,전통시장,"동원전통종합시장(동원시장, 동원전통시장 상점가)",예술학원,8064803,29,8064803,0,0,8064803,0,0,7703679,361124,0,0
20254,발달상권,내방역,편의점,699759288,89038,528766980,170992308,388209559,274509783,8977750,99731807,177413049,154736968,123705204,98154563
20254,골목상권,연신내역 5번,커피-음료,60476753,5797,38912373,21564380,26165552,31716022,2720534,15075741,16720329,11064688,7128818,5171464
20254,발달상권,한티역,일반의원,8006505523,174642,6363350043,1643155480,3359909287,4646596236,41928766,359785993,970521363,3401123919,2032512438,1200633044
20254,골목상권,녹번동근린공원,미용실,71646989,1902,47226618,24420371,26115843,45531146,205659,4367959,6057538,17847052,16027513,27141268
20254,골목상권,천호공원(해공체육문화센터),의약품,15882829245,150051,15607369206,275460039,1422249761,14460579484,430007,31627539,166089803,585821775,593097987,14505762134
20254,골목상권,연희대우아파트앞,슈퍼마켓,685850644,91581,497082592,188768052,334452458,336808707,19038514,171444926,168752118,117282866,120670181,74072558
20254,골목상권,남구로역 3번,중식음식점,992893522,30932,601896805,390996717,653430437,308652188,3502534,45532558,173846248,269652683,264782178,204766424
20254,골목상권,문성초등학교,청과상,421066873,13861,299507385,121559488,196291299,217214569,0,3179723,22450519,47353594,192076352,148445681
20254,발달상권,용산전자상가(용산역),편의점,2037109332,302867,1739151289,297958043,1432789628,460714737,8658534,197340082,612617649,532267842,348944164,193676100
20254,골목상권,연신내역 7번,의약품,698221624,39554,635861942,62359682,331819564,366402060,810900,11494397,40747409,58714262,131080344,455374312
20254,골목상권,연신내역 7번,육류판매,385098552,15061,262977361,122121191,160127869,224970683,0,19533570,51212054,68528730,108569004,137255194
20254,골목상권,합정역 8번,일식음식점,489598843,13213,334161188,155437655,244320629,194845798,1041661,138587038,182474068,70269901,35417053,11376702
20254,골목상권,연신내역 7번,일식음식점,110592,4,110592,0,0,110592,0,0,0,0,110592,0
20254,골목상권,연신내역 7번,미용실,74408215,1526,50885591,23522624,52343153,22065062,2078494,15443257,25495681,10632419,16850145,3908219
20254,발달상권,강남구청역,세탁소,67922331,671,66546187,1376144,20054786,42057837,0,1376144,3272539,25376284,11109848,20977809
20254,발달상권,연남동(홍대),자동차수리,196829737,485,134657904,62171833,127022966,5261065,0,0,5910505,6748825,27604415,92020286
20254,발달상권,서초3동사거리,컴퓨터및주변장치판매,1134000000,2816,1034710325,99289675,352833428,146444606,122007,1096390,24598854,458973349,2251293,12236140
20254,전통시장,조원동 펭귄시장(신림중앙시장),한식음식점,246196858,9110,185981175,60215683,139250548,75134671,343178,16843509,39474472,35622162,46447195,75654708
20254,전통시장,문정동 로데오거리 상점가(문정동 로데오거리),치과의원,322946976,1345,321670873,1276103,167740802,155206174,0,299665,40791171,62660583,123970747,95224810
20254,전통시장,마장축산물시장,한식음식점,3093814774,39485,2207256715,886558059,1533418732,681533891,4915276,150737206,444393309,522578872,614426693,477901260
20254,발달상권,국회의사당역(국회의사당),편의점,3084437665,391120,2426997061,657440604,1629392279,1220435182,18100924,436751882,888698694,660374639,581615441,264285879
20254,전통시장,신영시장,일반의류,216244638,5108,136875909,79368729,80005630,136239008,382072,1339401,8431099,17676577,77260982,111154507
20254,발달상권,신설동역,PC방,47747032,11502,32229138,15517894,46091041,1655991,0,2140250,13049039,4181054,21458709,6917980
20254,골목상권,구산역 2번,슈퍼마켓,111582593,13748,83553675,28028918,70957871,40624722,241144,11770369,29593521,22884904,23117422,23975233
20254,골목상권,사당역 10번,피부관리실,1021050,17,1021050,0,0,1021050,0,0,0,0,0,1021050
20254,발달상권,디지털단지오거리,여관,159911553,2984,118550573,41360980,63390687,19486588,0,1467391,4941061,18613881,45095522,12759419
20254,발달상권,인사동,화장품,1075971730,47649,591139898,484831832,330222850,733748160,15796088,161277842,187722233,238921770,243081664,217171414
20254,골목상권,구산역 2번,미용실,187014199,4035,116864802,70149397,70179664,115922146,2065799,26221745,37717815,40485449,48902647,30708355
20254,골목상권,구산역 2번,일반교습학원,373000682,955,342539114,30461568,137020516,235980166,0,0,10453203,242816992,115635418,4095069
20254,골목상권,미성동주민센터,세탁소,33889447,1658,25959799,7929648,12150753,21738694,0,1959799,6753769,4190955,14713567,6271357
20254,골목상권,신정역 5번,한식음식점,441756365,11094,264386573,177369792,271859665,136095003,311454,25855664,56686467,71695605,111721853,141683621
20254,골목상권,은평요양병원,커피-음료,17439700,1775,10017818,7421882,8121041,8296070,43678,1674028,3907956,2711758,4480998,3598692
20254,골목상권,푸른들청소년도서관,한식음식점,3045087729,105089,2037977469,1007110260,1761065948,1033359192,9112282,185125205,452332628,618728211,725936630,803190182
20254,골목상권,신월문화체육센터,육류판매,547053357,11341,395520831,151532526,271846026,265319427,2942,152076230,13824632,61150195,61748951,248362502
20254,발달상권,보라매역,호프-간이주점,601995078,8844,465282487,136712591,325787781,173200541,511211,75310290,137066025,117260265,118661786,50178745
20254,골목상권,상도역 5번,패스트푸드점,165061525,11554,123389262,41672263,76497955,65119435,3407605,39086834,26744290,27778869,28352344,16247450
20254,골목상권,은평요양병원,일반교습학원,44226563,159,44226563,0,23906250,20320313,0,0,0,20320313,23906250,0
20254,전통시장,신정2동 골목시장(오목교중앙시장),일반의류,38175093,813,33569668,4605425,15369914,22805179,0,92478,0,739827,12706535,24636253
20254,발달상권,장지역(가든파이브),피부관리실,12000000,163,10051010,1948990,1816449,10183551,0,2244574,3511275,1413643,3915487,915021
20254,골목상권,까치산역 1번,철물점,1529801,44,1529801,0,1529801,0,0,0,0,0,1529801,0
20254,골목상권,문래예술촌(문래창작촌),자동차수리,584457301,2729,487567456,96889845,419452131,93227382,0,13964457,85159501,102823869,143325850,167405837
20254,골목상권,묘곡초등학교(고덕아이파크아파트),당구장,22763200,1138,13657920,9105280,20259248,2503952,0,0,1365792,4666456,4211192,12519760
20254,발달상권,영등포역(영등포),피부관리실,128632628,2241,83339650,45292978,48509205,69495463,0,14983039,66932021,25206223,2227045,8656339
20254,전통시장,풍납시장,제과점,247980454,20518,185816891,62163563,92433756,113526958,889471,16119820,33957098,37299585,49315829,68378910
20254,발달상권,미아사거리,의약품,4065214508,172064,3143965130,921249378,1939726528,2113302673,10349182,134890235,522101214,1827964343,743090916,814633309
20254,골목상권,응암역 3번,호프-간이주점,379725920,8719,285822194,93903726,223703258,152205895,452861,33026636,104804525,101563863,76117461,59943806
20254,골목상권,응암역 3번,한의원,54192731,1850,51952050,2240681,21854334,32338397,0,786632,2979544,3533445,26999108,19894002
20254,발달상권,미아역,청과상,852155069,94134,704291038,147864031,278483520,573671549,4510194,12091877,34119337,83378786,199002542,519052333
20254,골목상권,응암역 3번,치킨전문점,43745532,1531,23285201,20460331,32619494,11126038,188811,2894203,11402184,10188599,9971689,9100046
20254,발달상권,동대문역사문화공원역,가방,96526427,2523,53232535,43293892,29874507,66651920,391053,16340200,13303403,16644639,28894839,20952293
20254,전통시장,사당1동먹자골목상점가(사당1동먹자골목),일식음식점,516647296,5197,385654772,130992524,306328730,123385798,59996,84933112,169006561,80561715,62845769,32307375
20254,발달상권,한남오거리,네일숍,34163517,157,32013516,2150001,4063502,30100015,0,0,2150001,10750006,10513505,10750005
20254,발달상권,고속터미널(고속터미널역),화초,852924486,19623,527867513,325056973,258854218,396803447,4386002,26425447,66731751,155044633,175391619,227678212
20254,골목상권,응암역 3번,편의점,1129465910,140459,796985479,332480431,768209769,361256141,19822297,135427446,236949611,409462711,223301122,104502723
20254,발달상권,선릉역,외국어학원,1691706790,2605,1508073496,183633294,576819364,1114887426,0,16809008,569086722,903062343,158201199,44547518
20254,발달상권,개나리아파트,의약품,1514238819,102685,1380396936,133841883,648203882,866034937,1884007,84237542,214246554,398785283,438544800,376540633
20254,골목상권,남가좌파출소,스포츠 강습,42000000,188,42000000,0,22223595,19776405,0,0,7829283,32938558,1232159,0
20254,골목상권,응암역 3번,화초,31220435,772,23069063,8151372,908231,21684011,0,204352,0,953642,1180699,20253547
20254,발달상권,양재화물트럭터미널앞,자동차미용,145693868,1125,141568688,4125180,60227632,48752131,0,0,4125180,4125180,51977272,48752131
20254,골목상권,홍은종합사회복지관,한식음식점,144409383,4935,109206478,35202905,80139259,45630229,211288,6938881,20660981,25883814,41599270,30475251
20254,골목상권,국립국악고등학교,세탁소,28595775,1891,23335040,5260735,13554671,15041104,0,2004986,6734993,6510230,10530516,2815050
20254,발달상권,잠실역,치킨전문점,196517332,2930,196517332,0,118176173,36669482,0,8569498,44053201,67579463,27170093,7473400
20254,전통시장,창동골목시장,일반의원,220877439,8108,188652958,32224481,76540154,144337285,0,1987320,9357154,11073266,82532920,115926779
20254,발달상권,을지로4가역,조명용품,37007351048,307248,33006024094,4001326954,14629127976,6921624744,0,268567152,2327110167,7049665006,6211603431,5693806965
20254,발달상권,미아사거리역,핸드폰,1344606396,41575,1230108624,114497772,145184494,1199421902,1979789,7919154,54774150,27717040,880345979,371870284
20254,발달상권,신당역,분식전문점,803059483,57417,628160234,174899249,294288742,381812414,9151681,148833060,194097113,134833071,112829984,76356245
20254,골목상권,신길2동우편취급국,호프-간이주점,56277359,977,30944931,25332428,44831067,10391612,0,402330,3388194,20636660,5362486,25433009
20254,전통시장,연신내상점가(연빛거리),양식음식점,369475002,13401,233313319,136161683,142344802,218661943,13287686,86217226,110693548,68554443,56113789,26140054
20254,전통시장,이대 앞 스타트업 상점가,일식음식점,201325005,9034,179929147,21395858,33386213,120238707,12450297,66622057,22190516,19313995,25704769,7343284
20254,골목상권,응암정보도서관,치킨전문점,15871535,568,8395181,7476354,7699506,7058775,184226,590794,998469,2811585,6861082,3312126
20254,전통시장,비단길현대시장(현대시장),의약품,3199919303,147648,2749568439,450350864,1536379021,1663540282,2428285,90120046,218684603,490763128,725686666,1672236575
20254,골목상권,응암정보도서관,일반의류,751030617,12875,569528767,181501850,116802907,623389668,0,815829,22608162,72023242,366319963,278425379
20254,발달상권,청량리역(청량리),중식음식점,566731378,28800,368398728,198332650,342964566,194323066,3443511,60110046,109129005,102297262,126124919,136182893
20254,발달상권,청량리역(청량리),편의점,2798231742,419854,1914259727,883972015,1793953902,891642002,26540460,500624431,741951981,606407049,556380515,253691469
20254,전통시장,청량리청과물시장,슈퍼마켓,10611195,533,8441685,2169510,3925782,6685413,0,0,140877,0,2174207,8296111
20254,골목상권,말미고개,스포츠 강습,53686117,159,50316881,3369236,22166026,31520091,709313,9841716,15693546,14407918,4255877,8777747
20254,골목상권,응암정보도서관,한의원,473368409,14384,414796203,58572206,115700737,357667672,0,2023628,17622037,64748144,158549967,230424633
20254,골목상권,마천1치안센터,한식음식점,12342838,461,7946758,4396080,10006461,2336377,0,0,1122076,307418,2198039,8715305
20254,골목상권,응암정보도서관,화장품,233627825,3785,186441801,47186024,50012820,183615005,0,636545,76163452,29266680,26299867,101261281
20254,골목상권,응암정보도서관,네일숍,1284495,56,1061104,223391,0,1284495,0,0,0,0,223390,1061105
20254,골목상권,응암정보도서관,여관,48897228,936,20254133,28643095,32139950,10640000,6080000,20996971,746010,3393373,10071578,1492019
20254,발달상권,연신내역,슈퍼마켓,3218946533,201783,2276151203,942795330,1271179580,1947766953,5698998,236672506,516558053,539884080,884857331,1035275565
20254,발달상권,등촌역,의료기기,161851930,863,160831503,1020427,153688516,8163414,0,0,0,0,132004449,29847481
20254,전통시장,묵1동도깨비시장,일식음식점,154135862,1757,101729781,52406081,90476839,50405934,555281,10459684,29339246,31299728,37209506,32019327
20254,골목상권,남가좌파출소,철물점,5662628,400,4162594,1500034,2925066,2600059,0,1200027,0,3000067,0,1325031
20254,골목상권,응암정보도서관,의약품,1191699608,59777,980061244,211638364,512114649,676770715,828697,29940873,211238833,175233093,250123082,521520787
20254,발달상권,송파나루역,조명용품,5271838781,82568,3931051941,1340786840,3290910172,772955290,0,23457825,422187569,164041156,1208612560,2245566353
20254,발달상권,인사동,예술학원,76228179,39,5646245,70581934,2499999,73728180,0,72248601,0,0,833333,3146245
20254,발달상권,신당역,가구,77909773,182,77909773,0,0,77909773,0,0,77909773,0,0,0
20254,발달상권,신당역,골프연습장,267720547,7182,188579733,79140814,182071765,56582391,0,5963175,23096097,61706758,77728308,70159818
20254,전통시장,"중곡제일시장(중곡제일골목시장, 광성시장)",의약품,1522862965,103130,1214421927,308441038,690157079,832705886,2442682,58134459,224751182,243049998,436678498,557806146
20254,골목상권,응암정보도서관,당구장,44650167,2258,28792850,15857317,42786981,1775721,832947,318463,775442,14002619,19355923,9364773
20254,골목상권,관악소방서(문영여고),한식음식점,544981076,30289,373311110,171669966,317423819,141075847,2554415,28905074,72874675,80668019,115407737,158089746
20254,골목상권,신월1동우편취급국,자동차수리,138002235,861,112813821,25188414,93497141,33175479,0,5058916,25291221,17247809,37687450,41387222
20254,발달상권,구역삼세무서,여관,294874753,6613,195951629,98923124,181740593,83527265,1046607,39871691,64864138,54101516,74126596,31257312
20254,골목상권,망원역 1번,한식음식점,1531789559,67522,1140010905,391778654,847543778,480349062,3017943,189711438,355232443,251508686,284056964,244365366
20254,전통시장,"수유전통시장(수유시장, 수유골목시장)",커피-음료,6375936,409,4164984,2210952,3146513,3229423,0,1211928,808636,1976551,1969385,409436
20254,골목상권,응암정보도서관,커피-음료,28709851,6040,18698188,10011663,10060574,18649277,135442,1154656,7126272,7330293,6781564,6181624
20254,골목상권,경기대학교,세탁소,62759619,3623,53003797,9755822,33672254,20903795,407640,2495422,7400147,8039068,20532311,15701461
20254,골목상권,신수동주민센터,슈퍼마켓,357567590,15218,303562788,54004802,101794199,94903771,586537,4526588,25289176,38723414,25888662,101683594
20254,발달상권,둔촌역,미용실,556504514,12218,347459342,209045172,265603454,277536084,4273258,50196029,97959886,153496228,154528457,82685679
20254,골목상권,신진과학기술고등학교,커피-음료,3902115,420,2948880,953235,1447790,1711211,0,457655,978860,390006,302371,1030110
20254,골목상권,마포구청역 4번,자전거 및 기타운송장비,43912273,834,14186042,29726231,29563221,14349052,223505,566214,6705164,18997968,12650411,4769011
20254,발달상권,방이역,패스트푸드점,50599751,3022,31562418,19037333,25363801,21196769,1805729,8501433,10641901,7670630,11451597,6489282
20254,발달상권,신용산역(용산역),일반의원,1911692161,25189,1682256153,229436008,720453810,1191238351,4744485,186183040,762292714,516204216,252317563,189950143
20254,발달상권,한강성심병원,슈퍼마켓,18523289,3124,18095996,427293,4592839,13930450,0,2194169,3718751,5591872,6569976,448521
20254,골목상권,신진과학기술고등학교,예술학원,134820635,947,130806056,4014579,50287798,84532837,0,0,13613881,108186152,0,13020602
20254,골목상권,응암동우체국,스포츠 강습,72000000,310,72000000,0,21389309,50610691,0,0,0,55693067,16306933,0
20254,발달상권,목동역 8번출구,컴퓨터및주변장치판매,8265913,843,7686453,579460,3374026,3583126,0,972790,1910685,765256,2410282,898138
20254,발달상권,신사역,화초,145595702,1784,115250515,30345187,11719186,11832937,0,4879123,10190201,4097023,1204237,3181539
20254,전통시장,돈암시장(돈암제일시장),수산물판매,470808473,18368,369977544,100830929,153354980,313123007,207494,2932602,22137846,52376686,118293780,270529580
20254,골목상권,응암동우체국,의약품,1596119054,78562,1375644504,220474550,825038807,771080247,2364600,94041518,92264590,228095744,454726581,724626021
20254,발달상권,상계백병원,의약품,2360127017,67309,2253342472,106784545,1298809505,1061317512,1302624,35314253,131344948,267909964,470768386,1453486842
20254,전통시장,양재시장,호프-간이주점,113322968,2100,96507444,16815524,62558493,25992916,790522,12326491,25621371,16848274,21149277,11815475
20254,골목상권,언북초등학교,화장품,62725476,142,32067219,30658257,60684911,2040565,0,1121726,65471,59291794,542808,1703677
20254,발달상권,당산역,스포츠클럽,247759239,858,219590883,28168356,102245236,124508104,2198292,37675816,107172097,21438518,46101495,12167122
20254,발달상권,내방역,의약품,1028230833,65044,901451357,126779476,494471237,513290650,1531912,50376397,105534506,143306421,214395629,492617021
20254,골목상권,응암동우체국,미용실,94001834,2203,65856043,28145791,41920200,46890956,0,278556,11393302,16887976,31011041,29240281
20254,골목상권,양평역 2번,화장품,69000000,552,69000000,0,69000000,0,0,0,0,11500000,46000000,11500000
20254,발달상권,사가정역,네일숍,72282832,1110,65072268,7210564,2804109,69478723,0,19805942,15884813,21724138,4622157,10245782
20254,골목상권,응암동우체국,일반의류,2648912,24,2648912,0,1435859,1213053,0,0,0,1435859,1213053,0
20254,골목상권,응암동우체국,제과점,26027067,2583,21685011,4342056,10227450,15317686,0,3189743,4582898,8483424,5903643,3385428
20254,발달상권,몽촌토성역,스포츠 강습,33123750,55,18219771,14903979,13358888,16243969,0,0,11731755,14903979,2967123,0
20254,발달상권,연희동,네일숍,120683673,1402,102462882,18220791,25097235,87177999,0,995736,39718813,27044970,19848342,24667374
20254,전통시장,강남개포시장,피부관리실,2083402,14,2083402,0,2083402,0,0,0,0,69,2083333,0
20254,골목상권,연신내역 4번,자동차수리,81911207,448,75530817,6380390,53051759,10752139,0,0,2599418,10752139,7916409,42535931
20254,발달상권,서촌(경복궁역),의료기기,2267991980,3632,2101208084,166783896,1309253584,528328342,0,941522,0,365848546,200409682,1270382176
20254,골목상권,연신내역 4번,편의점,168677214,21317,121731967,46945247,95738708,72938506,0,16481992,37780292,62733032,27005823,24676075
20254,골목상권,연신내역 4번,네일숍,1042581,35,1042581,0,526452,516129,0,0,0,0,526452,516129
20254,발달상권,장지역(가든파이브),스포츠클럽,16620020,93,16620020,0,0,13986566,0,0,0,5337133,4283751,4365681
20254,발달상권,수서역,치과의원,1363042187,9876,1200002968,163039219,598442570,747465338,2562347,120321076,146346468,216085469,431149936,429442611
20254,골목상권,연신내역 4번,미용실,173525723,4283,117534218,55991505,60657195,112868528,236673,6971275,20890764,36700474,51941227,56785310
20254,전통시장,목동깨비시장(목3동시장),당구장,29761719,1835,21602592,8159127,26408604,3129678,54490,2694920,1522226,1908048,12474986,10883612
20254,발달상권,천호역,의약품,6019996494,425696,5032766966,987229528,2792473285,3227523209,15097866,592648663,1108214764,1026967036,1039339192,2237728973
20254,골목상권,연신내역 4번,패스트푸드점,10765255,328,6797708,3967547,6464472,2575150,0,0,2273203,3776679,1924323,1065418
20254,골목상권,연신내역 4번,일반의류,209800882,1527,161347462,48453420,16248874,174243437,0,4420973,0,12104798,71309663,102656877
20254,골목상권,연신내역 4번,일반교습학원,10408783,33,8168918,2239865,4479730,5929053,0,0,0,10408783,0,0
20254,골목상권,홍대입구역 3번,미용실,11957486,245,7784925,4172561,3782815,7516790,0,2130139,2995353,2620559,1385538,2168017
20254,골목상권,송파나루역 2번,세탁소,56758583,2514,44658042,12100541,22467562,31018561,0,3912437,14054736,10706944,16027722,8784284
20254,골목상권,연신내역 4번,안경,150851084,1849,93152533,57698551,65033998,85817086,1476356,27809564,31455693,31653051,33809119,24647301
20254,골목상권,연신내역 4번,한식음식점,1419118819,51723,1049954349,369164470,751197957,558466345,5100502,88194318,228033261,264341845,354394823,369599554
20254,골목상권,연신내역 4번,화장품,71783908,2436,63139006,8644902,26028793,45755115,0,1817588,3635782,6995207,16985045,42350286
20254,골목상권,강일동주민센터,분식전문점,146852810,11874,103217203,43635607,73197590,63239630,1382807,8578811,33278075,43479555,28175864,21542110
20254,전통시장,장미제일시장(중화동제일시장),커피-음료,9830581,1191,6277882,3552699,5358420,4096714,22987,676827,2370168,1864464,1711221,2809467
20254,발달상권,발산역(마곡),노래방,566750459,13755,413316477,153433982,438051639,60423335,1769976,33819803,72188164,121590926,165258895,103847209
20254,발달상권,사가정역,중식음식점,123063600,7417,87197854,35865746,58400244,62289944,2410023,26126618,22443761,24923648,21977381,22808757
20254,골목상권,신풍역 1번,미용실,34184906,1489,19329488,14855418,16655435,17529471,75370,879828,7228146,5691080,11225859,9084623
20254,골목상권,구산역 1번,커피-음료,30299395,2694,18666375,11633020,9599962,19535615,759694,8904780,8084480,3686746,6915552,784326
20254,발달상권,성수역,피부관리실,104511111,1521,83158715,21352396,29590968,74809032,1534346,25128690,28818382,23810245,12634920,12473418
20254,발달상권,이태원(이태원역),안경,91927834,797,72658183,19269651,44694680,45920086,0,11685831,31334313,21629628,15068019,10896975
20254,발달상권,오류동역,시계및귀금속,58640927,189,58532621,108306,42665754,15975173,119137,0,779805,0,34235043,23506942
20254,발달상권,천호역,제과점,419745355,38105,302194836,117550519,155225914,235315760,1923578,44993537,94363317,84120151,82437955,82703140
20254,골목상권,홍대땡땡거리,예술학원,744962714,1016,561692682,183270032,359255189,364410518,687779,73249715,18285107,163900554,444582245,22960305
20254,골목상권,KB국민은행 망원동지점,한식음식점,1929851647,51126,1311441015,618410632,1094325936,646327396,2612889,190045905,438719482,349148527,403035935,357090592
20254,발달상권,보라매역,골프연습장,138718640,4568,81664042,57054598,112174377,6328120,0,3578602,9610619,34565238,51205315,19542721
20254,골목상권,온수역 5번(온수산업단지),세탁소,4996575,278,4996575,0,2177980,2818595,0,147660,874599,305542,1908216,1760558
20254,골목상권,관악구 중앙길,일반교습학원,269053623,645,224784578,44269045,97394691,171658932,0,63806375,19384215,77219606,69008240,39635187
20254,전통시장,제일시장,제과점,3149518610,380244,2154348774,995169836,1154316502,1571535998,14753188,289563409,451581298,486861550,688577473,794515582
20254,골목상권,망원역 1번,일반의류,3501828,10,3501828,0,0,3501828,0,0,0,0,3501828,0
20254,발달상권,잠실새내역(신천),미용실,3642329605,42302,2275651368,1366678237,1463382745,2177582330,37729465,396088939,571840420,1147182960,1010871282,477252008
20254,골목상권,서대문구보건소별관,자동차수리,283815803,2125,258995494,24820309,187296407,44845355,0,4168478,38831571,38381544,48074676,102685493
20254,골목상권,구산역 1번,슈퍼마켓,618484762,47131,450307384,168177378,290352484,231902184,297995,13232232,64418732,104276168,153978171,186051371
20254,골목상권,경성고등학교,세탁소,144954137,19944,96498670,48455467,59386768,83251297,219000,21944091,41916019,21285082,32603329,24670545
20254,발달상권,가락시장역,커피-음료,1108868415,146379,881427938,227440477,450080824,471119935,4139846,138603093,283998116,180206296,176908288,137345121
20254,발달상권,신도림역,호프-간이주점,1848883390,43318,1205799667,643083723,1094284444,626117874,9415752,367744285,601624929,308300990,285332713,147983648
20254,발달상권,당산2동(영등포우체국),한식음식점,2035664703,63423,1836310014,199354689,724910941,387688501,1290538,106672057,298503401,252383873,269291790,184457783
20254,골목상권,남가좌파출소,의약품,1385556049,98508,1100287412,285268637,683034589,702521460,3940906,60413683,136326644,335123845,294922653,554828318
20254,발달상권,응암역,의약품,1027190923,71324,842810225,184380698,447951224,579239699,1151726,87126863,156922447,163621102,230055135,388313650
20254,전통시장,영등포역지하도상점가,커피-음료,650784887,93912,420828500,229956387,269463487,379734079,5047787,144640015,173936131,140585913,106367788,78619932
20254,골목상권,세명컴퓨터고등학교,한식음식점,90127167,2773,79871439,10255728,50521608,14147080,0,878763,6101869,8770483,17955581,30961990
20254,골목상권,백련산해모로아파트,일반의원,669025085,26541,492061237,176963848,289753827,379271258,429438,17119743,158856019,211187640,149052507,132379738
20254,발달상권,강남역,화장품,15868860020,122399,13235077713,2633782307,4410101328,11391859246,22976850,2586426128,3840324884,4124716867,2963874473,2263641373
20254,골목상권,굽은다리역 3번,예술학원,1243844,8,1243844,0,0,1243844,0,0,0,1243844,0,0
20254,골목상권,우장산역 4번,골프연습장,500240457,3813,380226439,120014018,204751513,79419471,0,7269185,29664073,135637046,95048601,16552079
20254,골목상권,오류2동버들시장,중식음식점,263276931,10124,164046384,99230547,156796310,87321203,1640973,25183764,31894152,57161225,52095359,76142041
20254,골목상권,백련산해모로아파트,커피-음료,42510272,3258,31588313,10921959,9583392,23109497,247802,4402103,6763761,8535305,9295286,3448631
20254,골목상권,백련산해모로아파트,일반의류,15570511,95,13953573,1616938,8024802,7545709,0,0,3233875,6407865,1392363,4536408
20254,골목상권,삼전역 4번,슈퍼마켓,475602107,43500,335927749,139674358,228142139,232520360,969381,40442597,94592510,68976130,98930672,156751209
20254,골목상권,구립대학경로당(관악산샘말공원),스포츠클럽,19500000,84,17611888,1888112,9087198,10412802,0,552147,5664336,0,9058625,4224892
20254,골목상권,백련산해모로아파트,당구장,50287928,354,42912811,7375117,21963086,27509182,0,6185806,17591775,3262572,10717965,11137151
20254,골목상권,백련산해모로아파트,스포츠 강습,44423838,236,40577776,3846062,22748517,21675321,0,990847,10626706,19426665,10222682,3156938
20254,전통시장,강남개포시장,일식음식점,412533072,6798,281930716,130602356,215774878,111215965,1857984,17267029,38426521,69049233,107520114,92869963
20254,골목상권,신곡초등학교,예술학원,45629280,342,45629280,0,36699039,8930241,0,0,16584735,22665801,6378744,0
20254,골목상권,역촌역 2번,미용실,10591497,332,10175601,415896,3188539,7402958,0,0,0,831792,1580407,8179298
20254,발달상권,오목교역,치킨전문점,907541168,20659,634854583,272686585,451897815,305203596,5281626,58822628,108755753,271061609,226701985,86477814
20254,골목상권,은평세무서,미용실,71964858,1890,43218669,28746189,39664271,32300587,1188163,6758898,24100184,20210475,7735647,11971491
20254,전통시장,우림시장,분식전문점,52077595,5677,35887918,16189677,27146993,22623694,42144,3643430,8171692,9907883,14477910,13527627
20254,전통시장,방학동도깨비시장,네일숍,4879196,80,4051310,827886,1154200,3724996,0,0,0,1478157,2357512,1043527
20254,골목상권,남강고등학교(남강중학교),치과의원,1384785775,8895,1216059861,168725914,720628965,638043494,1840611,83661244,124233244,216514758,388426910,543995691
20254,골목상권,구로4동주민센터,안경,99193890,987,67263008,31930882,45771775,52883812,0,892045,10725519,15787954,32920989,38329081
20254,전통시장,마천시장,한식음식점,226385527,9321,151437279,74948248,122365067,96441834,235340,3638155,16777939,27864824,62722181,107568463
20254,골목상권,은평세무서,노래방,71925300,926,35539991,36385309,61437534,8207280,1388563,324279,10939633,10445421,2819901,43727016
20254,전통시장,창동신창시장,일반교습학원,54000000,336,41488426,12511574,25994650,28005350,0,6537739,12214275,14374665,16662285,4211036
20254,골목상권,응암1동주민센터,스포츠 강습,30181602,128,30181602,0,15683992,14497610,0,1842105,3520468,8065954,11999781,4753294
20254,골목상권,석촌고분역 1번,제과점,134268480,13434,93417707,40850773,53180908,75325609,1286617,9635118,23290152,38509857,27938838,27845937
20254,골목상권,응암1동주민센터,인테리어,27887022,759,22854770,5032252,7474245,15566100,0,0,11514141,0,5955368,5570837
20254,골목상권,상도역 5번,치과의원,530276186,5683,441537413,88738773,191752202,338523984,0,24519991,110086887,190707824,43535261,161426223
20254,골목상권,응암1동주민센터,미용실,9563971,364,7979318,1584653,4035341,5528630,96805,0,0,1456260,2933920,5076986
20254,골목상권,마포구청역 7번,일반의원,692885072,22749,618188471,74696601,306827957,386057115,0,50347014,74847930,111028695,199218189,257443244
20254,발달상권,구의역,호프-간이주점,2730254760,69896,1929349152,800905608,1704457772,753222957,13064090,359389982,647867754,635389749,518390768,283578386
20254,발달상권,한남오거리,한식음식점,11897645045,163136,8151718394,3745926651,5229521821,3924071101,17861489,1996903426,3433734439,1625062801,1229509627,850521143
20254,전통시장,남성사계시장(남성시장),반찬가게,882340462,77287,614870934,267469528,326830969,536575117,33548,18840442,56915280,142162450,240007184,405447184
20254,골목상권,연신내역 2번,미용실,125538769,3933,82775641,42763128,36409750,88766532,160603,7117426,22330255,15147508,25666761,54753727
20254,골목상권,대흥역 3번,양식음식점,2028000000,52031,1483417670,544582330,706112417,1018644644,15952559,307834721,430700374,509929544,312135103,148204759
20254,전통시장,남대문시장(자유상가),커피-음료,2908972304,371814,2425389154,483583150,1072256984,1420044033,3411776,168561262,645974004,582758752,484475626,607119604
20254,발달상권,건대입구역(건대),피부관리실,162905099,2593,128279002,34626097,26873075,136032024,2620641,69237084,57748260,11047002,15089789,7162323
20254,발달상권,을지로입구역,골프연습장,288280197,3485,263160462,25119735,223385349,21124295,532517,4144369,64629088,108517199,42708150,23978323
20254,발달상권,신사역,당구장,108142765,1160,72389697,35753068,81507494,25017212,1038417,24936097,39565572,26223195,6823958,7937467
20254,발달상권,노량진역(노량진),한식음식점,31448459473,603097,21065568542,10382890931,16094724894,8958847610,77812356,5145285792,8094166759,3908303336,3985652639,3842351623
20254,발달상권,상봉역,일반의원,2119822267,49733,1904110706,215711561,651399526,1468422741,759095,327111211,571422714,361695177,383922724,474911346
20254,발달상권,독산동,호프-간이주점,737850805,11551,566100616,171750189,514100122,199982849,0,82350232,155667131,188177206,162454583,125433818
20254,발달상권,수서역,문구,835593190,56731,784927219,50665971,162674954,162388842,2238303,30416243,67019361,72723999,60405034,92260856
20254,발달상권,합정역,슈퍼마켓,350684631,43306,244084788,106599843,189322706,115876642,507565,44125566,94442495,70373666,68965988,26784069
20254,발달상권,둔촌역,호프-간이주점,894975580,18037,588800120,306175460,580256575,208962695,241673,51975999,144625103,199216754,196176030,196983704
20254,골목상권,불광역 7번,편의점,122856219,18638,85693971,37162248,68893389,53962830,413133,23880051,37829009,26065684,23406852,11261490
20254,골목상권,가양역 10번,일반의류,449516777,4386,383639318,65877459,46399759,403117018,0,0,64551752,103303198,147051540,134610287
20254,골목상권,불광역 7번,스포츠클럽,38107916,312,32870960,5236956,21670251,16437665,811521,7959146,19892396,1903953,4787972,2752928
20254,골목상권,불광역 7번,제과점,106054808,10739,79787996,26266812,35934861,61165590,494935,8282369,20361438,13687782,24532689,29741237
20254,발달상권,신도림역,치과의원,463300483,4952,375362873,87937610,203725339,259575144,12029769,84676548,77661280,142173742,88008742,58750402
20254,발달상권,동대문역사문화공원역,반찬가게,1119128009,207574,966365233,152762776,507722612,555218708,49184195,181356299,429861531,233083067,135527467,33928758
20254,전통시장,사당1동먹자골목상점가(사당1동먹자골목),커피-음료,176427051,13662,131510944,44916107,95074944,69435485,411379,26431147,28734934,10986280,26537948,71408742
20254,발달상권,등나무근린공원,일반의원,7026849227,306809,5920297479,1106551748,3053500903,3973348324,29236748,250624293,890606718,2084895028,2090071383,1681415057
20254,골목상권,남구로역 5번,여관,81770847,3717,41575244,40195603,57543574,24227273,0,7357982,14651561,23469094,26995039,9297171
20254,발달상권,학동역,한의원,289650497,8524,250890241,38760256,79704590,209574394,3812051,16668771,56313430,85630944,28940644,97913145
20254,골목상권,불광역 7번,슈퍼마켓,1033153730,95360,749368002,283785728,464946307,560133732,1168329,72950370,193937995,163624831,223867111,369531403
20254,골목상권,구암초등학교,스포츠 강습,76427420,306,76427420,0,48338710,28088710,0,24387097,17854839,10233871,23951613,0
20254,발달상권,논현역,제과점,542578304,51668,428249544,114328760,181812500,294573436,2791992,88686845,125663972,85181343,79651920,94409865
20254,골목상권,신방화역 2번,세탁소,5036931,298,3451187,1585744,2185988,2850943,0,229621,449907,918356,2245982,1193065
20254,발달상권,등나무근린공원,화초,63305870,1838,36167503,27138367,26774441,31990692,0,7070532,16532567,17468374,14089074,3604585
20254,골목상권,연신초등학교,미용실,58254514,2462,38215518,20038996,24404934,33849580,590828,2937877,3638784,3365069,12699655,35022301
20254,발달상권,오목교역,자전거 및 기타운송장비,1784772055,18336,859419693,925352362,966211438,818560617,42198829,12484477,74262522,1186925368,293655821,175245038
20254,발달상권,경복아파트교차로,일반의류,5461141973,35642,3272304980,2188836993,3037137568,2343197723,829847,301582311,673079322,313827847,1294969914,2796046049
20254,골목상권,홍연시장,미용실,155201759,2916,115643143,39558616,64466847,90734912,0,9180149,8505434,21094683,32141913,84279580
20254,골목상권,남성역 1번,스포츠 강습,49774052,153,45675012,4099040,21432121,28341931,2108078,9369233,11828657,21197890,5270194,0
20254,발달상권,대림역,치킨전문점,22273108,433,16169923,6103185,10995617,9101437,0,1620982,2432774,8363365,5928856,1751076
20254,발달상권,교대입구교차로,커피-음료,1461233450,177637,1187647919,273585531,552524653,545133090,9514000,208642580,332233218,234125407,178296543,134846000
20254,골목상권,연천초등학교,편의점,154296319,22280,109032070,45264249,91516066,62780253,553012,24035180,30055184,28740045,36550191,34362707
20254,골목상권,연천초등학교,호프-간이주점,5237967,64,3135813,2102154,5237967,0,0,0,0,0,3641025,1596942
20254,골목상권,연천초등학교,당구장,18921761,1284,11670308,7251453,18619617,302144,0,0,339912,679824,4456623,13445402
20254,골목상권,신길3동주민센터,의약품,353732381,23517,259542112,94190269,196340051,157031136,734956,10774299,31543246,64281211,108291324,137746151
20254,발달상권,수유역,자동차수리,178313385,1369,154542914,23770471,139258200,18236341,0,470987,373173,63213631,29856965,63579786
20254,발달상권,성수대교남단,외국어학원,328419353,336,260357445,68061908,158219612,167236303,0,0,0,160208212,138649634,26598069
20254,발달상권,코엑스,슈퍼마켓,676582195,38374,386992173,289590022,384812036,79015175,848391,26045145,152736976,73871784,71861518,138463396
20254,전통시장,마포농수산물시장,커피-음료,134054864,11983,72675738,61379126,48668967,68432664,309224,6617403,30747219,25021028,18260736,36146021
20254,전통시장,관악중부시장,일반의원,1620230059,26748,1329274151,290955908,647913636,972316423,2139421,48329486,142800238,230527446,369684378,826749090
20254,골목상권,역촌역 3번,미용실,95230055,4039,60434568,34795487,41470447,53573321,237288,4123631,4535376,17568303,24791075,43788095
20254,골목상권,선유도역 1번,일반의원,28184228,1934,26255624,1928604,25379409,2335201,0,1154418,11550526,2463754,4584659,7961253
20254,골목상권,대방역 6번,분식전문점,288303510,34333,226534764,61768746,166965129,107217360,1861064,27215201,71238525,67826488,62985323,43055887
20254,발달상권,길동역,PC방,69000000,11680,43427490,25572510,53710780,15289220,2075485,21654153,26323527,10926883,3428445,4591507
20254,발달상권,뚝섬역,미용실,430749325,6832,230267053,200482272,117843298,312163570,7329784,177951597,90726587,51179693,75664234,27154973
20254,전통시장,청량리종합시장,인테리어,134192835,9172,91684167,42508668,53015253,78876224,105119,1519186,5128741,6067916,26191859,92878655
20254,발달상권,영등포청과시장교차로,의약품,35094274,5679,35094274,0,13345203,21749071,0,3871104,6494377,5354359,5270453,14103981
20254,골목상권,연신내우체국,분식전문점,15000000,1736,7688679,7311321,6759666,7362955,19600,421538,2581577,2792851,5342887,2964167
20254,발달상권,은행사거리,스포츠 강습,53288001,149,53288001,0,24440417,25088092,74446,1898358,0,33947092,13608614,0
20254,골목상권,말미고개,운동/경기용품,55957806,563,39464650,16493156,50789524,5168282,0,427716,216072,3038502,6410535,45864981
20254,발달상권,당산2동(영등포우체국),치킨전문점,236495967,14520,199982755,36513212,72669523,121292368,0,8974926,100870463,25476906,20166922,38472675
20254,골목상권,신방화역 2번,네일숍,21876068,385,18561929,3314139,4392438,17483630,0,193952,2512740,4688327,5041328,9439721
20254,전통시장,창동골목시장,일반의류,179346900,6152,121618108,57728792,58018839,121328061,0,733479,8249530,14373921,51046713,104943257
20254,발달상권,교대역(법원.검찰청),양식음식점,1655749059,53744,1475303909,180445150,515643674,455269945,4331280,94194954,261743521,245122593,219138659,146382616
20254,발달상권,고덕역,분식전문점,6910491537,556601,4559869107,2350622430,3218437083,3650202808,334327507,697425383,953589708,2592273092,1546479537,744544666
20254,골목상권,은평구청,분식전문점,180390868,13743,160518883,19871985,36052553,58462516,403283,3490424,9897550,22722187,30698017,27303614
20254,골목상권,문정초등학교,커피-음료,167085130,27916,121539522,45545608,71937870,80346168,1480852,19234086,49320824,32305933,20206733,29735606
20254,전통시장,고분다리전통시장,호프-간이주점,138389560,3139,87427665,50961895,100098632,38290928,0,11753470,35114931,28872872,33254414,29393873
20254,발달상권,개봉동 현대아파트,일반의원,1141185025,49810,995595404,145589621,549821980,587760629,935924,24640013,59036754,188968529,331784086,532217304
20254,발달상권,중구청(퇴계로4가),커피-음료,83635145,3496,66804548,16830597,10865086,72229873,399068,17890616,14597197,46483409,1788918,1935752
20254,골목상권,잠실나루역,세탁소,48262497,2336,34272630,13989867,22915778,25346719,0,1797470,5326611,15196322,15145901,10796193
20254,골목상권,망리단길,청과상,622459421,67727,377857157,244602264,241293914,381165507,1437429,36106671,77884979,107792306,140485085,258752951
20254,골목상권,은평구청,호프-간이주점,358643164,6093,240320958,118322206,218802002,129051147,3024184,43568219,104056779,77044496,90237412,29922059
20254,발달상권,"양재시민의숲역(양재동꽃시장, aT센터)",호프-간이주점,1207202701,18749,931708982,275493719,707443352,212490755,2071717,157107809,274778553,232564878,174128342,79282810
20254,골목상권,남구로역 5번,커피-음료,48135275,493,24166275,23969000,48135275,0,0,0,0,9962424,22883983,15288868
20254,전통시장,강남골목시장,한식음식점,565411979,15551,373265393,192146586,352981745,182506523,114856,36839351,90962505,79909490,131979411,195682652
20254,발달상권,왕십리역(왕십리),편의점,1679155705,318613,1222673787,456481918,988816949,689921968,48470616,458575471,483630899,246385828,269205287,172470816
20254,발달상권,수유역,커피-음료,2472665393,375364,1798296449,674368944,1007565370,1240843504,44820842,570573227,567308336,404670025,414371342,246665104
20254,골목상권,가산동우체국,슈퍼마켓,263953106,39871,188089953,75863153,180116565,83836541,453055,66788312,73355260,53879536,45008171,24468772
20254,전통시장,대림중앙 골목형상점가,미용실,37430435,1377,22053309,15377126,18173902,19256533,0,3704718,3384640,11460513,13351795,5528769
20254,전통시장,능동로골목시장,한식음식점,1553210859,30993,1045977200,507233659,891603046,421916335,1306000,136579041,259821116,218927933,320294505,376590791
20254,발달상권,청담사거리(청담동명품거리),치킨전문점,138393384,2427,120844960,17548424,52781885,38101511,278370,7110858,22557912,24455002,20364663,16116589
20254,전통시장,둔촌역전통시장,세탁소,58772061,3879,47831347,10940714,28497158,30274903,0,3048528,8581130,11278721,23251017,12612665
20254,골목상권,대흥역 3번,외국어학원,513452201,875,513452201,0,307588052,205864149,0,0,123675359,361874370,7133806,20768666
20254,발달상권,압구정역,시계및귀금속,180552179,343,127936320,52615859,59250788,121301391,15000000,65525084,30647697,18279843,18484315,32615240
20254,발달상권,서대문역,의약품,4510690414,130126,4325172800,185517614,2414216413,2096474001,2763173,148048566,380214304,746846063,1152262468,2080555840
20254,골목상권,불광역 8번,분식전문점,476630508,51101,345384331,131246177,221622590,224541704,1302207,37639204,79434620,89012351,145418528,93357381
20254,골목상권,우리은행응암동지점,커피-음료,19289211,1887,13002910,6286301,3651183,8849369,0,1367441,3405185,3624510,2691247,1412168
