대여일자,대여소번호,대여소명,대여구분코드,성별,연령대코드,이용건수,운동량,탄소량,이동거리(M),이용시간(분)
202606,01201,1201. 가락시장역 3번 출구,정기권,,30대,123,8750.55,78.97,339960.75,2621
202606,05339,5339. 은빛1단지 아파트 앞,정기권,M,~10대,15,517.56,4.65,20107.79,173
202606,03928,3928.고척아이파크아파트 106동 앞,일일권,,40대,7,444.12,4.00,17254.05,148
202606,00102,102. 망원역 1번출구 앞,가족권(2시간),M,~10대,1,181.72,1.64,7060.00,66
202606,02265,2265. 이수고가차도 남단,일일권,F,50대,6,660.63,5.96,25665.78,220
202606,05766,5766. 북위례1,정기권,M,20대,26,749.83,6.74,30385.49,153
202606,04091,4091. 방학역2번출구,정기권,M,30대,207,13492.29,121.57,524177.51,4372
202606,03935,3935. 고대구로병원 앞,정기권,M,50대,116,5737.48,51.70,222901.18,2351
202606,01286,1286. 위례중앙푸르지오 1단지 앞,정기권,M,30대,138,9275.83,83.64,360325.00,3129
202606,00254,254. 도림신협 앞,정기권,,30대,137,5980.24,53.94,232332.81,2713
202606,00334,334. 종로3가역 2번출구 뒤,정기권,F,30대,48,2591.54,23.37,100682.01,1001
202606,03931,3931. 천왕역 3번 출구 뒤,정기권,M,40대,140,7335.49,66.12,284591.69,2513
202606,00639,639. 서울시립대 후문,일일권,F,60대,3,79.11,0.71,3605.66,30
202606,04464,4464. 올림픽공원 북2문 A,정기권,,60대,4,322.09,2.91,12512.94,99
202606,00300,300. 정동사거리,일일권(비회원),,40대,3,249.20,2.25,9681.15,109
202606,04222,4222. 서울디자인고등학교 앞,일일권,F,~10대,11,734.28,6.62,28526.78,392
202606,04619,4619. 한강트럼프월드3차 앞,일일권(비회원),,30대,2,226.14,2.04,8785.34,54
202606,00830,830. 강변삼성스위트아파트 앞,일일권,M,20대,11,632.55,5.72,24573.76,161
202606,04536,4536. 양천해누리체육공원,정기권,,60대,1,55.87,0.50,2170.48,33
202606,01360,1360. 정릉역,일일권,M,60대,4,173.74,1.57,6750.06,44
202606,00774,774.등촌역 4번 출구 ,일일권,M,~10대,9,557.49,5.01,21657.95,183
202606,02410,2410. 포스코피앤에스타워 (역삼역 3번출구 부근),일일권,M,50대,4,294.08,2.63,11338.11,107
202606,02385,2385. 학동역,일일권,M,20대,19,1650.77,14.87,64134.09,713
202606,02359,"2359. 국립국악중,고교 정문 맞은편",일일권,,20대,16,1695.81,15.30,65881.87,438
202606,02008,2008. 노량진근린공원 대방공원,정기권,M,~10대,50,1065.58,9.63,41844.61,349
202606,03432,3432.종로2가 사거리,일일권,,20대,26,2042.18,18.41,82180.71,604
202606,04937,4937.개포래미안포레스트 126동 앞,가족권(2시간),,~10대,1,0.97,0.01,37.63,4
202606,02217,2217.아크로리버뷰 부지 앞,일일권,F,~10대,12,2058.39,18.55,79968.43,774
202606,03006,3006. 상암월드컵파크5단지(상암중학교),일일권,,20대,18,657.81,5.95,25556.30,246
202606,01532,1532. 번3동 주민센터 교차로,정기권,,60대,3,338.40,3.04,13147.23,80
202606,00559,559. 왕십리역 4번 출구 건너편,일일권,F,30대,36,3566.46,32.31,139282.89,1167
202606,03649,3649. 구룡역 5번 출구,정기권,M,50대,45,1299.90,11.71,50501.22,441
202606,01120,1120. 대림경동아파트앞,일일권,,20대,19,2429.13,21.89,94371.42,702
202606,00637,637. KAIST 경영대학 앞,일일권,,30대,6,262.79,2.38,10209.29,68
202606,03128,3128.동신병원 맞은편,일일권(비회원),,50대,1,215.21,1.94,8361.03,54
202606,00297,297.국회3문,정기권,,50대,2,421.53,3.80,16376.50,99
202606,04902,4902. 구역삼세무서 교차로,일일권(비회원),,40대,1,40.16,0.36,1560.05,12
202606,06054,6054.청구e편한세상아파트 113동 앞,일일권,M,50대,11,604.19,5.45,23472.27,187
202606,04020,4020. 중계동 성모빌딩 앞 ,일일권,F,40대,6,370.68,3.34,14400.77,131
202606,01140,1140. 목동사거리 버스정류장,일일권,M,50대,18,2701.83,24.33,104966.20,683
202606,02206,2206. 언남초등학교 앞,정기권,F,40대,78,4495.60,38.51,165872.08,1297
202606,02032,2032. 이수역 11번출구쪽,일일권(비회원),,20대,8,884.90,7.98,34378.20,257
202606,00576,576. 광나루역 3번 출구,일일권,M,60대,3,201.40,1.82,7824.05,59
202606,01403,1403. 중화빌딩 앞 (동부시장),일일권,M,30대,21,1125.21,10.12,43714.36,415
202606,02622,2622. 올림픽공원역 3번출구,일일권(3시간),F,40대,2,493.36,4.45,19167.27,441
202606,00971,971. 역촌 센트레빌 아파트,정기권,M,60대,7,340.87,3.07,13242.99,78
202606,02307,2307. 압구정 한양 3차 아파트,일일권,,20대,33,4895.24,44.12,191295.72,1562
202606,04603,4603. 한강GS에클라트 건너편 교통섬,정기권,F,30대,77,3757.02,33.68,147240.61,985
202606,05882,5882. 휴젠느,정기권,,60대,6,172.17,1.55,6688.82,92
202606,02007,2007. 유한양행앞,정기권,M,30대,4,233.68,2.12,9078.21,64
202606,00431,431. 청계천 영도교,일일권,F,~10대,15,1087.67,9.86,42463.89,402
202606,01849,1849. 대륭포스트타워5차,일일권,F,30대,4,170.68,1.54,6630.86,53
202606,05311,5311. 주공601동 상가 노원지하보도 앞,일일권,,60대,9,471.08,4.25,18301.48,115
202606,03545,3545.한양대역 1번출구,정기권,F,60대,5,223.28,2.01,8674.38,86
202606,00362,362. 청계8가사거리 A,일일권,F,기타,1,119.40,1.08,4638.62,45
202606,01373,1373. 성북구보건소 건너편,정기권,F,20대,69,10593.65,95.48,411563.78,2034
202606,02083,2083.흑석롯데캐슬에듀포레(107동),일일권,M,30대,5,1006.05,9.06,39085.42,157
202606,01009,1009. 천호역4번출구(현대백화점),정기권,,기타,69,2641.73,23.80,102632.17,1433
202606,02277,2277. 길마중4교 하부,일일권,,~10대,1,134.50,1.21,5225.20,47
202606,00643,643. 동대문구민체육센터 (육교아래),정기권,M,60대,82,8736.10,78.68,339273.38,2656
202606,04889,4889. 마천역 1번 출구 인근②,일일권,M,20대,9,443.59,3.99,17233.42,113
202606,00915,915. 증산역 4번출구,일일권,M,20대,48,5492.19,49.51,213345.13,1317
202606,02645,2645.잠실나들목2(엘스아파트136동),정기권,F,70대이상,1,322.76,2.91,12539.26,58
202606,01462,1462.동부시장 북문 앞,정기권,M,~10대,20,738.35,6.78,29176.85,245
202606,00602,602. 장안동 사거리,일일권,M,~10대,44,2147.56,19.59,84457.11,749
202606,00903,903. 은평뉴타운 아이파크,일일권,F,30대,9,271.61,2.45,10552.21,118
202606,01188,1188. 롯데중앙연구소,정기권,,기타,1,16.71,0.15,649.06,4
202606,04062,4062. 평화도봉공원 주변,정기권,M,20대,82,5913.98,53.36,229492.01,1516
202606,03402,3402.이화공영주차장,정기권,,20대,20,689.25,6.21,26777.24,177
202606,01650,1650. 중계근린공원내,일일권,F,20대,44,2336.24,21.05,92940.48,932
202606,01274,1274. 영파여고 앞,정기권,,60대,21,937.16,8.43,36409.80,301
202606,03615,3615. 서울 논현동우체국 앞,정기권,F,40대,34,1472.89,13.26,57221.68,438
202606,02302,2302. 교보타워 버스정류장(신논현역 3번출구 후면),일일권,,~10대,1,12.44,0.11,483.27,5
202606,01004,1004. 삼성광나루아파트 버스정류장,정기권,,30대,97,5719.19,51.56,222190.24,2258
202606,01396,1396.래미안장위퍼스트하이(513동),가족권,F,~10대,5,365.83,3.29,14212.94,145
202606,01660,1660. 서울시립과학관,일일권,M,20대,10,444.94,4.02,17285.87,124
202606,04153,4153. 흑석동효사정앞,일일권,F,40대,3,362.12,3.27,14068.59,98
202606,01336,1336. 성북3교 위,정기권,,기타,10,599.37,5.40,24518.32,379
202606,02025,2025. 흑석역 1번출구,일일권,F,~10대,13,1445.23,13.03,59381.33,599
202606,00480,480.약수역 6번 출구,정기권,F,30대,15,944.27,8.60,37120.97,295
202606,00452,452. 동대문 종합시장 버스정류장,일일권,F,40대,4,109.68,0.98,4808.84,127
202606,04013,4013. 중계 롯데마트,정기권,F,기타,4,216.25,1.94,8401.78,117
202606,01767,1767.방학초등학교 앞,정기권,M,~10대,203,9810.82,88.46,381148.80,2529
202606,01379,1379.길음뉴타운푸르지오아파트 3단지,정기권,,60대,3,132.30,1.19,5140.00,78
202606,02215,2215. 반포종합운동장 입구,일일권,M,~10대,16,1409.73,12.51,53878.79,605
202606,01275,1275. 거여초등학교 옆,일일권,F,50대,15,1062.51,9.57,41278.54,381
202606,03588,3588.세종대학교(영실관),일일권,,50대,1,97.56,0.88,3790.13,35
202606,02281,2281. 서울교통공사 사당별관 건너편,정기권,F,40대,10,350.91,3.17,13633.07,125
202606,01325,1325. 상월곡역 4번출구,일일권,F,30대,8,634.42,5.72,24646.91,162
202606,00391,391. 시립미술관,정기권,M,70대이상,1,11.06,0.10,429.56,4
202606,02056,2056. 동작구민 체육센터,정기권,F,20대,56,1638.32,14.76,63648.66,525
202606,01027,1027. 프라자 아파트 앞,가족권,M,~10대,1,28.86,0.26,1121.12,56
202606,00925,925. 불광역 2번출구,정기권,,40대,42,3178.50,28.66,123484.54,1120
202606,02383,2383. 보금자리정원,정기권,M,~10대,7,274.00,2.48,10644.10,82
202606,03559,3559.성동구민종합체육센터 앞,일일권,F,30대,80,6646.22,60.74,261788.01,2483
202606,01722,1722. 창동청소년수련관,정기권,F,40대,44,2184.96,19.68,84885.39,987
202606,04238,4238. 상암한샘빌딩앞,일일권,,50대,2,129.29,1.16,5022.93,58
202606,02205,2205. 내곡3단지 어린이공원 앞,정기권,F,30대,24,1030.22,9.26,40023.10,304
202606,03421,3421.혜화역 1번출구,정기권,F,40대,72,3536.16,31.87,138365.88,1313
202606,01552,1552. 강북구청사거리,일일권,F,기타,1,57.65,0.52,2239.88,15
202606,00564,564. 금호역 3번출구,일일권,,30대,8,290.06,2.61,11268.26,162
202606,00103,103. 망원역 2번출구 앞,정기권,,기타,15,1459.98,13.18,56719.52,605
202606,04213,4213. 마포구중앙도서관 정문 앞,정기권,F,70대이상,1,51.20,0.46,1989.08,27
202606,03612,3612. 은곡마을,정기권,M,40대,20,1026.12,9.14,39372.08,231
202606,00914,914. 새절역 2번출구,정기권,,40대,54,7062.28,63.66,274741.62,1819
202606,01459,1459. 용마한신아파트사거리,일일권,M,50대,1,26.33,0.24,1023.09,8
202606,04094,4094.도봉여성센터,일일권,M,30대,10,690.21,6.23,26814.05,234
202606,04353,4353. 코오롱디지털타워 3차앞,정기권,F,50대,64,6714.61,60.42,264109.47,2334
202606,03404,3404.서울특별시 중부교육지원청,일일권(3시간),M,60대,1,30.62,0.23,1004.26,72
202606,01210,1210. 롯데월드타워(잠실역2번출구 쪽),일일권(3시간),M,60대,1,390.29,3.52,15162.64,130
202606,04888,4888. 둔촌오륜역 2번출구,일일권,F,50대,2,179.67,1.62,6980.11,55
202606,00971,971. 역촌 센트레빌 아파트,일일권,M,50대,2,120.84,1.08,4694.76,43
202606,03911,3911. 항동하버리안2단지아파트 후문,정기권,,30대,3,118.95,1.08,4621.12,25
202606,04097,4097.숭미파출소 사거리,일일권,F,20대,13,646.00,5.87,25274.29,234
202606,00103,103. 망원역 2번출구 앞,정기권,M,70대이상,3,168.83,1.52,6558.71,54
202606,03760,3760. 발산역 8번 출구,정기권,,50대,102,3988.19,35.88,154941.88,1249
202606,05089,5089. LG사이언스파크 E10동,일일권,,30대,19,491.73,4.52,19386.66,151
202606,05895,5895.생각공장당산,일일권,,20대,28,1147.80,10.35,44591.88,424
202606,00588,588. 뚝섬 유원지역,일일권(비회원),,기타,23,3457.39,31.17,134319.26,1620
202606,01610,1610. 화랑대역 2번출구 앞,일일권(비회원),,20대,2,38.65,0.35,1899.47,66
202606,01079,1079.강일동입구교차로,가족권,,~10대,1,218.27,1.97,8479.72,61
202606,04306,4306. 서래공원 앞,정기권,F,50대,21,1227.45,11.06,47686.58,458
202606,00834,834. 효창공원앞역 3번출구 앞,정기권,,기타,34,564.81,5.11,21942.32,203
202606,05778,5778. 북위례3,정기권,F,30대,8,485.62,4.38,18866.93,149
202606,00307,307. 서울역사박물관 앞,일일권(3시간),M,20대,1,355.32,3.20,13804.08,78
202606,01288,1288. 문정중교 사거리,일일권(3시간),M,40대,1,174.29,1.57,6771.11,97
202606,00558,558. 성동광진 교육지원청 앞,정기권,F,60대,5,158.52,1.43,6158.50,60
202606,04138,4138. 조일빌딩 앞,정기권,F,40대,44,2665.62,24.43,105211.71,928
202606,03131,3131.연가교 교차로,일일권,F,20대,37,4307.85,38.85,167360.69,1250
202606,00818,818. 숙명여대 입구 교차로,일일권,F,~10대,12,656.78,6.38,27481.38,458
202606,04957,4957. 신명초교 교차로,정기권,F,30대,54,2111.52,19.04,82032.45,771
202606,05877,5877. 문래동 꽃밭정원,정기권,,60대,5,96.70,0.88,3756.52,46
202606,02524,2524.반포쇼핑타운 8동 앞,정기권,,60대,3,359.14,3.24,13952.39,103
202606,04137,4137. 답십리역 4번출구,일일권(비회원),,30대,3,307.44,2.77,11943.64,82
202606,03220,3220.래미안에스티움 앞 (신풍로),일일권,M,30대,12,663.77,5.97,25787.91,228
202606,06171,6171. 월드빌딩 앞,일일권,F,40대,5,155.08,1.39,6024.88,46
202606,01467,1467.sk신내 주유소앞(용마산로),일일권,,20대,6,709.77,6.40,27574.77,168
202606,00428,428. 명보사거리,일일권(3시간),,30대,1,462.43,4.17,17965.43,186
202606,01208,1208. 풍납현대아파트쉼터,정기권,F,30대,275,10337.92,93.22,413025.24,4578
202606,01349,1349. 월계2교 버스정류장 앞,일일권,M,40대,5,243.61,2.19,9464.71,146
202606,03757,3757. 신방화역 6번출구,일일권(비회원),,기타,12,592.51,5.35,23018.86,156
202606,01011,1011. LIGA 아파트 앞,정기권,M,70대이상,15,899.03,8.10,34927.44,447
202606,02615,2615. 테라타워2,일일권(3시간),F,20대,1,469.07,4.23,18223.55,122
202606,03646,3646. 선정릉역 4번 출구,정기권,M,~10대,3,64.10,0.58,2490.16,13
202606,00661,661. 경희대학교 청운관,가족권,M,~10대,3,336.86,2.64,11342.00,154
202606,00946,946. 독바위역 ,정기권,,30대,35,2014.56,18.16,78266.39,1529
202606,03757,3757. 신방화역 6번출구,일일권(비회원),,30대,1,32.69,0.29,1270.00,4
202606,00829,829. 한강대교 북단 교차로,일일권,,50대,8,1446.26,13.04,56187.58,317
202606,03573,3573.광나루안전체험관,일일권,F,20대,62,3604.79,32.47,139855.82,1229
202606,03509,3509. 세종사이버대학교,정기권,F,40대,113,6943.49,62.58,269753.11,1648
202606,01841,1841. 가산동 주민센터,일일권,M,20대,35,2637.74,23.69,102100.40,886
202606,03853,3853. 어린이대공원역 2번출구,일일권,,~10대,1,168.44,1.52,6543.99,47
202606,01158,1158. 가양역 8번출구,일일권(3시간),F,20대,3,706.82,6.37,27460.14,286
202606,03781,3781. 강서아동복지센터,정기권,F,20대,1,25.11,0.23,975.36,6
202606,04719,4719. 종로문화원 건너편,일일권,,40대,14,628.09,5.65,24401.65,201
202606,00272,272. 당산육갑문,일일권(3시간),F,20대,6,2104.77,18.98,81770.54,688
202606,00457,457. 종로꽃시장 입구 옆,일일권,F,~10대,2,267.09,2.41,10376.75,95
202606,03543,3543. 세종대학교(학술정보원),정기권,F,50대,3,78.34,0.71,3043.81,109
202606,01702,1702. 녹천역 1번출구 앞,정기권,F,30대,23,737.07,6.64,28634.92,229
202606,01656,1656. 중앙하이츠 아파트 입구,정기권,M,30대,190,6249.89,55.80,240765.13,3164
202606,04102,4102. 휘경1동주민센터 앞,정기권,M,40대,134,9308.25,81.42,354999.68,2575
202606,04857,4857. 올림픽공원 장미광장,일일권(3시간),M,~10대,1,111.60,1.01,4335.54,55
202606,04809,"4809. 동성1,2차 아파트 앞",일일권,,40대,3,517.65,4.67,20111.20,151
202606,02730,2730.마곡메가박스 앞,정기권,,70대이상,1,47.64,0.43,1850.92,12
202606,05760,5760. 풍납사거리 성내유수지,일일권,,40대,4,296.57,2.67,11521.75,133
202606,00752,752. 성원2차 아파트,정기권,,50대,28,1419.98,12.79,55165.95,511
202606,01726,1726. 삼익세라믹아파트교차로,일일권,M,50대,3,82.48,0.75,3204.13,48
202606,01450,1450. 화랑대역 7번출구,일일권(비회원),,기타,5,409.44,3.69,15906.74,173
202606,00105,105. 합정역 5번출구 앞,일일권,F,20대,24,2159.96,19.64,84731.36,703
202606,00279,279. 영등포 푸르지오 아파트 B,정기권,F,40대,82,3885.08,35.12,151279.57,1596
202606,01153,"1153. 발산역 1번, 9번 인근 대여소",정기권,F,~10대,77,3754.31,33.82,145853.69,1066
202606,01682,1682. 중계종합사회복지관 교차로,정기권,M,30대,48,2301.68,20.77,89420.74,820
202606,04036,4036. 하계역 6번출구,정기권,,30대,131,3998.07,35.99,155326.60,2508
202606,00815,815. LIG강촌아파트 103동앞,일일권,F,60대,1,186.28,2.27,9800.00,63
202606,05753,5753. 호반써밋,정기권,,30대,39,1194.93,10.76,46422.79,489
202606,04041,4041. 공릉역3번출구,정기권,F,30대,117,5579.12,50.42,218144.12,2496
202606,00370,370. 시청역(2호선) 9번출구 뒤,일일권,F,~10대,1,24.91,0.22,967.78,9
202606,00745,745. 강서초등학교,가족권,,~10대,2,83.12,0.75,3229.30,102
202606,00513,513. 뚝섬역 5번 출구 정류소 옆,일일권,M,30대,36,2019.13,17.50,76639.60,917
202606,02339,2339. 현대아파트 정문 앞,일일권,,30대,17,2083.50,18.78,80943.97,474
202606,00754,754. 목동1단지아파트 118동 앞,일일권,,20대,22,899.14,8.10,34931.91,225
202606,00602,602. 장안동 사거리,가족권,F,~10대,5,747.43,6.74,29037.62,257
202606,03806,3806. 낙성대 교수아파트,정기권,F,20대,11,412.83,3.71,16037.67,213
202606,01510,1510. 번동주공5단지 관리사무소 앞,정기권,F,50대,9,314.29,2.83,12210.17,93
202606,01684,1684. 태릉입구역 5번출구,정기권,,30대,296,16996.36,153.25,667999.06,6043
202606,04149,4149.제기동역 5번출구,일일권(비회원),,기타,11,1252.02,11.28,48641.31,334
202606,02503,2503. 반포1동 서초빌딩 앞,정기권,F,20대,32,2587.95,23.31,102062.66,636
202606,04836,4836. 양원역 1번 출구,일일권(비회원),,기타,4,104.47,0.93,4058.42,57
202606,03786,3786. 강서힐스테이트 상가 앞,정기권,,60대,4,173.29,1.57,6732.35,162
202606,01063,1063.강동롯데캐슬퍼스트 아파트(관리동),정기권,F,50대,56,2198.00,19.82,85393.63,1277
202606,02032,2032. 이수역 11번출구쪽,정기권,F,50대,24,909.75,8.20,37970.30,288
202606,00410,410. 상암중학교 옆,정기권,F,~10대,3,85.03,0.77,3303.40,21
202606,01259,1259. 방이역 1번출구,일일권,,60대,1,95.57,0.86,3712.79,26
202606,01812,1812. 갑을그레이트밸리 앞,일일권(비회원 3시간),,기타,1,150.40,1.36,5843.07,129
202606,05309,5309. 월계 롯데캐슬아파트 뒤,일일권,F,40대,3,289.44,2.62,11244.64,95
202606,00852,852. 청암자이아파트 앞,일일권,M,20대,70,8559.31,76.03,327903.66,1932
202606,00742,742. 등촌역 5번 출구 뒤,일일권,M,20대,70,3669.49,33.12,142558.72,1010
202606,00543,543. 구의공원(테크노마트 앞),정기권,M,50대,210,13416.27,120.73,519972.27,4279
202606,00841,841. 신용산역 1번 출구,일일권(3시간),M,20대,1,144.25,1.30,5603.97,166
202606,01734,1734. 쌍문현대1차아파트 108동 앞,일일권,,~10대,1,43.79,0.39,1701.40,38
202606,00930,930. 구 서부경찰서 건너편,일일권,F,30대,7,512.19,4.62,19898.20,175
202606,05768,5768.방이삼거리,일일권,M,기타,1,23.54,0.21,914.35,5
202606,01461,1461.동양엔파트 앞,일일권,F,60대,1,42.42,0.38,1648.08,16
202606,01526,1526. 강북종합시장 앞,가족권(2시간),F,~10대,1,310.28,2.80,12054.40,96
202606,00578,578. 성동세무서 부근,정기권,,50대,18,1799.10,16.24,69894.96,469
202606,00398,398. 을지로3가역 3번출구,정기권,F,30대,97,5693.78,51.47,227391.18,2063
202606,04062,4062. 평화도봉공원 주변,정기권,,50대,33,1511.80,13.60,58733.99,392
202606,05334,5334. 화랑대역 3번출구,정기권,F,30대,19,605.86,5.48,23537.47,425
202606,02274,2274. 양재시민의숲역 3번출구,일일권(비회원),,50대,1,91.42,0.82,3551.73,43
202606,03533,3533. 건대입구역 사거리(롯데백화점),일일권,M,50대,38,3778.35,33.91,146205.42,1028
202606,00106,106. 합정역 7번출구 앞,일일권,,~10대,2,444.70,4.01,17276.58,144
202606,00106,106. 합정역 7번출구 앞,일일권,,기타,24,5305.23,47.81,206109.33,1642
202606,04558,4558. 대영중고 후문,정기권,F,50대,38,2263.33,20.43,87931.94,680
202606,05763,5763. 세륜초등학교 건너편,정기권,M,60대,5,211.89,1.92,8231.68,60
202606,06060,6060. 신한은행 본점,일일권(비회원),,20대,2,219.27,1.98,8518.31,45
202606,00956,956. 응암시장교차로,일일권(비회원),,30대,1,362.14,3.26,14069.18,53
202606,04452,4452. 삼성SDS,정기권,,40대,380,32427.22,292.31,1269943.25,8431
202606,04938,4938.LH수서2단지 201동 앞,정기권,F,30대,183,8559.66,77.18,334786.80,3201
202606,01720,1720. 도봉구청 옆(중랑천변),일일권,,50대,11,1406.85,12.69,54656.05,317
202606,00965,965. 서울특별시 은평병원,일일권,,30대,19,1099.62,9.92,42720.42,284
202606,02901,2901.공릉동풍림아파트 101동,정기권,F,60대,20,1656.74,14.93,64363.61,420
202606,03506,3506. 영동대교 북단,일일권(비회원),,40대,13,378.60,3.41,14708.37,102
202606,01382,1382.래미안월곡아파트 입구,정기권,F,40대,39,1752.58,15.78,68088.16,519
202606,00904,904. 은평뉴타운 푸르지오,정기권,M,40대,72,4270.13,38.48,165893.31,1102
202606,05751,5751. 송파여성축구장,일일권(비회원),,기타,1,25.68,0.23,997.76,20
202606,00106,106. 합정역 7번출구 앞,일일권(3시간),F,20대,6,1440.62,12.99,55967.94,615
202606,02812,2812.항동프라자,일일권,F,~10대,2,261.99,2.36,10178.54,124
202606,01088,1088.풍납사거리(강동),정기권,M,70대이상,6,249.56,2.25,9695.22,60
202606,01169,1169. 염창역 1번 출구,정기권,F,20대,104,2870.90,25.94,111533.88,1074
202606,05897,5897.여의도공작아파트,정기권,F,30대,40,3022.79,27.26,117435.23,1044
202606,04545,4545. 청소년음악센터,정기권,M,60대,22,853.73,7.69,33167.52,207
202606,05861,5861. 보라주유소 앞,정기권,F,30대,31,1143.63,10.31,44430.69,385
202606,03797,3797. 마곡수명산파크7단지 710동 앞,일일권,M,60대,1,12.73,0.11,494.54,4
202606,03765,3765. 문소빌딩,정기권,,50대,14,912.17,8.21,35438.56,261
202606,04547,4547. 목동역 2번 출구,정기권,M,60대,69,2374.04,21.38,92230.81,1076
202606,00850,850.KCC용산웰츠(WELLTZ)타워,일일권(비회원),,70대이상,6,284.79,2.55,11063.73,109
202606,01429,1429. 장안중학교,정기권,M,30대,81,4080.36,36.80,158404.30,1827
202606,00406,406. 상암월드컵파크 7단지 앞,정기권,F,~10대,22,443.09,4.01,17213.94,137
202606,00576,576. 광나루역 3번 출구,일일권,M,기타,1,474.10,4.27,18418.66,88
202606,02189,2189. 봉천역 4번출구,일일권,,20대,17,1019.71,9.19,39615.77,432
202606,02806,2806.항동지구 4단지 입구,정기권,M,30대,19,1471.66,13.27,57174.45,279
202606,03658,3658. 프라이어팰리스아파트,정기권,,50대,26,2018.22,18.20,79344.41,1213
202606,05334,5334. 화랑대역 3번출구,일일권(3시간),F,40대,1,20.08,0.18,780.00,59
202606,04509,4509. 서울영상고교 입구,정기권,,40대,152,6656.56,60.00,258607.47,2464
202606,01174,1174. 강서구청사거리(부민병원),정기권,F,기타,1,25.96,0.23,1008.59,4
202606,05504,5504.아현교회,일일권,F,40대,3,44.13,0.40,1714.58,9
202606,04964,4964.암사역사공원역 1번출구 A,일일권,F,~10대,3,83.19,0.75,3231.74,26
202606,00750,750. 연의근린공원 건너편,일일권(비회원),,~10대,1,88.06,0.79,3420.98,23
202606,03763,3763. 등촌태영아파트,일일권,,40대,2,345.15,3.11,13409.20,65
202606,02271,2271. 내방역 8번출구 앞,일일권,,40대,3,234.93,2.12,9127.11,70
202606,00288,288. 쌍용예가(구청별관),정기권,,30대,101,3814.04,34.38,152597.04,1646
202606,03634,3634. 국악고교 앞 교차로,일일권,,20대,6,653.14,5.89,25374.32,138
202606,01028,1028. 포레스 주상복합 빌딩,정기권,,40대,70,1921.27,17.33,76497.34,794
202606,01946,1946. 구로역 광장,정기권,,20대,157,6433.20,57.97,249932.03,2229
202606,02347,2347. 두산건설 본사,일일권,F,30대,18,1898.74,17.13,74698.81,684
202606,04394,4394.서울시립24시간게스트하우스,정기권,,40대,35,1435.80,12.96,55780.43,509
202606,00433,433. 을지로입구역 2번출구,가족권,M,~10대,2,33.07,0.30,1284.53,10
202606,01514,1514. 강북구청 사거리 버스정류소 앞,일일권,M,20대,32,2748.73,24.78,106787.39,612
202606,00407,407. 마포구 육아종합지원센터,일일권,,20대,10,272.17,2.45,10573.65,152
202606,03425,3425.광화문 풍림스페이스본 1단지앞,정기권,M,60대,20,1103.24,9.93,42861.01,487
202606,03661,3661. 명일동신동아아파트 앞,정기권,M,20대,17,672.58,6.07,26130.42,184
202606,00777,777.신월6차보람아파트 앞,일일권,M,20대,40,3277.81,29.52,127343.56,778
202606,00283,283. 아크로타워 스퀘어(영등포시장),정기권,,~10대,1,104.47,0.70,2997.79,15
202606,03780,3780. 등촌서광아파트,정기권,F,~10대,4,223.90,2.02,8698.70,91
202606,00860,860.LG한강 자이아파트 앞,일일권(비회원),,20대,9,1111.11,10.03,43166.29,233
202606,03612,3612. 은곡마을,일일권,M,30대,9,870.34,7.85,33812.88,171
202606,00848,848. 삼각지12번 출구,일일권,M,40대,6,1601.14,14.45,62204.45,364
202606,01516,1516. 우이동길마을마당,일일권,M,30대,8,179.91,1.63,6989.69,51
202606,00569,569. 응봉현대아파트 정류소,정기권,,60대,1,133.85,1.21,5200.16,62
202606,02538,2538.사평리근린공원,정기권,,60대,3,416.75,3.76,16190.58,109
202606,00259,259. 대방역6번출구,일일권(비회원),,60대,1,52.94,0.48,2056.83,20
202606,02109,2109. 은천로입구 가로공원,일일권,F,기타,1,299.68,2.70,11642.77,51
202606,00820,820. 청파동입구 교차로,일일권(비회원),,50대,2,102.94,0.93,3999.05,43
202606,01332,1332. 석계역 5번출구 건너편,정기권,F,30대,73,5202.75,46.91,202127.11,2404
202606,04569,4569. 힐스테이트클래시안아파트,정기권,F,60대,2,79.31,0.71,3081.38,58
202606,02187,2187. 현대시장사거리,일일권,,40대,4,163.84,1.48,6364.96,103
202606,01708,1708. 도봉보건소사거리,일일권(3시간),M,40대,4,3735.61,33.66,145128.57,772
202606,03647,3647. 구룡역 1번 출구,정기권,M,40대,57,1829.08,16.44,71060.23,700
202606,03534,3534. 건대입구역 5번출구 뒤,일일권,,~10대,7,1111.41,10.02,43178.26,308
202606,00417,417. DMC역 2번출구 옆,정기권,F,40대,51,2413.73,21.77,93774.91,767
202606,04841,4841. 중화수경공원,일일권,,~10대,1,475.72,4.29,18481.93,97
202606,01403,1403. 중화빌딩 앞 (동부시장),일일권,M,40대,7,1079.94,9.75,46464.60,281
202606,02263,2263. 바우뫼문화복지회관,일일권,F,20대,10,823.47,7.43,31991.69,190
202606,00457,457. 종로꽃시장 입구 옆,일일권(비회원 3시간),,기타,1,165.38,1.49,6424.86,148
202606,05857,5857. U레지던스 앞,정기권,,50대,13,1575.86,14.19,61222.31,486
202606,00263,263. 근로자회관 사거리,일일권(비회원),,기타,7,284.81,2.57,11064.78,171
202606,01380,1380.월곡역 5번출구 앞,일일권,M,30대,35,3884.77,35.01,150923.82,753
202606,00766,766. 신목동역 3번출구,정기권,M,~10대,10,1013.29,9.14,39366.21,351
202606,03690,3690. 강일역 4번출구,정기권,M,~10대,18,478.64,4.33,18629.42,167
202606,04220,4220. 신촌 청년주택,정기권,M,30대,183,13642.60,122.82,529024.14,3856
202606,04401,4401.뚝섬유수지 공영주차장,일일권,F,40대,6,819.60,7.39,31841.59,207
202606,00704,704. 남부법원검찰청 교차로,일일권,,30대,16,1092.43,9.85,42441.35,302
202606,00307,307. 서울역사박물관 앞,정기권,M,20대,52,3124.27,28.16,121329.94,942
202606,00107,107. 수협 연남동지점,정기권,F,60대,2,141.82,1.27,5509.65,90
202606,01611,1611. 과기대 입구(우),일일권(비회원),,30대,2,160.62,1.45,6240.09,68
202606,04520,4520. 대성유니드아파트,정기권,M,30대,73,3486.50,31.43,136453.70,1205
202606,00107,107. 수협 연남동지점,정기권,M,20대,145,6409.33,58.04,254644.76,3872
202606,00643,643. 동대문구민체육센터 (육교아래),일일권,F,~10대,2,250.47,2.26,9730.93,93
202606,01010,1010. 강동세무서,정기권,,40대,126,5242.86,47.25,206152.02,2028
202606,00614,614. 용두동 사거리,일일권,F,50대,2,97.54,0.88,3789.19,74
202606,00643,643. 동대문구민체육센터 (육교아래),일일권,F,50대,14,1643.15,15.07,65036.62,648
202606,04007,4007. 노원 을지대학교 병원,일일권,M,~10대,25,1404.39,12.67,54559.88,387
202606,01750,1750. 창포원 남쪽 입구,정기권,,50대,55,9451.67,85.19,367199.37,2164
202606,01503,1503. 강북구청사거리(수유역 8번출구),정기권,,20대,134,5576.89,50.22,216439.59,2248
202606,00993,993.은평뉴타운 은뜨락아파트앞,일일권(비회원),,20대,3,565.76,5.10,21979.65,166
202606,03609,3609. 언주초등학교 입구,일일권,,40대,3,79.94,0.72,3105.97,66
202606,01641,1641. 한내근린공원 남측,일일권,M,~10대,47,2464.70,22.38,96553.08,890
202606,02626,"2626.경찰병원역 1,2번 출구 사이",정기권,M,60대,37,1713.74,15.42,66578.05,508
202606,00497,497.합정동주민센터 앞,일일권(3시간),F,50대,1,48.72,0.44,1892.73,84
202606,00654,654. 전농동 텃골공원,일일권,,기타,2,130.61,1.18,5074.51,40
202606,00588,588. 뚝섬 유원지역,일일권(비회원 3시간),,기타,2,443.41,3.99,17226.44,193
202606,02036,2036. 정금마을 마을버스정류장,일일권,F,20대,10,529.31,4.77,20564.13,222
202606,04571,4571. 문래동롯데캐슬아파트,일일권,,40대,6,176.00,1.58,6837.25,56
202606,01263,1263. 장지공영차고지,정기권,,40대,28,1274.66,11.48,49520.71,277
202606,04385,4385. 용답동 우체국 주변,정기권,M,40대,248,11729.91,105.11,453245.72,3886
202606,04558,4558. 대영중고 후문,일일권,,20대,6,433.48,3.91,16840.92,148
202606,04620,4620. 삼각지역 14번 출구 앞(교통섬),정기권,,20대,76,6013.76,54.15,233633.79,2154
202606,00346,346. 맥스타일 앞,정기권,F,40대,60,3304.76,29.73,128389.02,1289
202606,01121,1121. 가양레포츠센터 앞,일일권,M,50대,8,863.05,7.78,33529.26,227
202606,04086,4086. 도봉로 534,일일권,F,~10대,3,228.90,2.06,8892.76,80
202606,04632,4632. 용산 푸르지오 파크타운 1단지 앞,일일권,,30대,2,230.19,2.08,8942.87,69
202606,00407,407. 마포구 육아종합지원센터,일일권,F,50대,8,604.54,5.46,23486.93,156
202606,01646,1646. 삼육대 입구,일일권,M,30대,1,125.56,1.13,4877.85,26
202606,04937,4937.개포래미안포레스트 126동 앞,일일권,,50대,1,64.12,0.58,2491.12,18
202606,00108,108. 서교동 사거리,일일권(비회원),,20대,5,514.97,4.64,20006.63,265
202606,01472,1472.영성빌딩(PAT),정기권,M,~10대,102,2313.20,20.79,89867.15,1276
202606,03416,3416.동묘앞역 6번출구,정기권,,50대,70,8213.86,74.01,319108.34,1979
202606,01174,1174. 강서구청사거리(부민병원),정기권,F,30대,228,7648.73,67.70,305468.78,2752
202606,02644,2644. 성내5교,일일권,M,~10대,6,486.77,4.35,18733.72,214
202606,00921,921. 신도고등학교,정기권,F,50대,8,504.83,4.55,19612.49,168
202606,00806,806. 전자랜드 본관 앞,일일권,M,50대,9,563.97,5.08,21910.17,138
202606,00108,108. 서교동 사거리,정기권,,60대,2,146.60,1.32,5695.48,73
202606,01304,1304. 만해공원,정기권,M,20대,28,1584.78,14.30,61569.76,313
202606,04418,4418. 종암동 동덕여대 제2생활관 앞,일일권,F,50대,1,59.62,0.54,2316.34,22
202606,00815,815. LIG강촌아파트 103동앞,일일권(비회원),,~10대,2,442.02,3.98,17172.69,160
202606,00835,835. 남영역 건너편,일일권(3시간),M,30대,1,41.70,0.38,1619.99,13
202606,05886,5886.신풍역 2번출구,일일권,F,50대,5,180.33,1.61,7005.60,48
202606,00748,748. 목동운동장,가족권,M,~10대,1,142.60,1.29,5540.00,43
202606,01671,1671. 인덕대학교,정기권,F,20대,42,2709.31,24.43,105254.54,678
202606,00450,450. 효자동 삼거리,정기권,,20대,44,2196.92,19.84,89558.02,842
202606,01113,1113. 서남환경공원 버스정류장,일일권,M,50대,2,98.76,0.89,3836.72,25
202606,04611,4611. 국제루터교회 앞,일일권,F,40대,3,390.16,3.52,15157.85,115
202606,02637,2637. 아시아지하보도 14번 출구,정기권,M,50대,210,10611.59,95.48,415442.78,4081
202606,04544,4544.경창시장,일일권,M,50대,4,63.90,0.57,2482.45,19
202606,03529,3529. 어린이대공원정문,일일권,F,30대,17,1147.17,10.33,44567.39,378
202606,04537,4537. 서울남부지방검찰청 후문 ,일일권(비회원),,30대,2,121.45,1.10,4718.20,39
202606,06060,6060. 신한은행 본점,일일권,F,20대,20,1463.84,13.19,56870.56,541
202606,04958,4958. 고덕래미안힐스테이트 아파트 211동,일일권,M,50대,3,114.77,0.95,4091.89,24
202606,02732,2732.마곡수명산 1-2단지 ,정기권,F,~10대,47,960.59,8.63,37317.24,417
202606,00296,296.KT플라자 영등포점,일일권(3시간),M,20대,1,84.60,0.76,3286.79,178
202606,00544,544. 광남중학교,일일권(3시간),F,40대,4,2551.32,22.99,99118.82,709
202606,01224,1224. 아시아지하보도 2번 출구,일일권,F,20대,53,4310.47,39.37,175888.71,1374
202606,06059,6059. 덕수중학교,정기권,F,20대,47,1753.05,15.83,72767.15,900
202606,05508,5508. 성산유수지공원,일일권,,기타,2,552.25,4.98,21455.04,131
202606,01962,1962. 가리봉동주민센터,일일권,,40대,5,423.81,3.82,16465.05,211
202606,04752,4752. 삼성사이버빌리지아파트,일일권(비회원),,기타,3,179.99,1.62,6992.67,46
202606,01503,1503. 강북구청사거리(수유역 8번출구),정기권,M,40대,209,10877.37,97.94,422089.20,3878
202606,02199,2199.신봉천주유소 A,일일권,M,~10대,2,68.18,0.61,2648.81,26
202606,04514,4514. 목동성당 앞,정기권,F,20대,158,4652.98,42.01,184461.97,2123
202606,04108,4108. 답십리파크자이아파트 앞,정기권,M,40대,340,11254.49,101.66,437242.72,3750
202606,00805,805. 문배어린이공원 앞,정기권,F,20대,62,2150.44,19.40,83545.46,982
202606,01044,1044. 굽은다리역,일일권,F,40대,26,2263.13,20.63,88993.70,721
202606,03010,3010.홍대입구역 3번출구,정기권,F,30대,232,11000.41,99.29,427800.16,3849
202606,01937,1937. 한진아파트 입구,일일권,M,30대,15,2081.04,18.56,80052.89,602
202606,00111,111. 상수역 2번출구 앞,일일권,M,70대이상,1,264.61,2.38,10280.00,279
202606,01163,1163. 방화동강서기동대앞,일일권,M,30대,3,120.36,1.09,4675.91,29
202606,04556,4556. 리버뷰신안인스빌1차 후문,정기권,M,50대,135,8653.62,78.04,336509.73,3437
202606,00600,600. 휘경2동 주민센터,정기권,F,50대,9,260.71,2.36,10128.16,141
202606,03511,3511. 응봉역 1번출구,일일권,M,20대,192,27007.22,243.22,1048487.35,6603
202606,01920,1920. 서울미래초등학교 사거리,일일권,,40대,10,491.26,4.43,19085.83,210
202606,05752,5752. 풍납백제문화공원 옆 인근,정기권,F,60대,34,1849.85,16.69,71866.32,2227
202606,05315,5315. 불암산역 앞,정기권,,60대,5,268.39,2.42,10426.50,58
202606,01365,1365. 선잠단지 앞,일일권,,50대,1,167.79,1.51,6518.83,48
202606,01373,1373. 성북구보건소 건너편,일일권,M,~10대,22,3214.36,28.97,124885.36,715
202606,01539,1539. 4.19민주묘지역,정기권,M,~10대,52,1538.98,14.59,62684.54,991
202606,00111,111. 상수역 2번출구 앞,일일권(비회원),,~10대,2,164.38,1.48,6385.84,128
202606,04840,4840. 서울시 북부병원 앞,일일권,,70대이상,2,84.48,0.76,3281.98,34
202606,02156,2156. 신림푸르지오아파트,정기권,M,20대,68,5994.37,54.04,232881.91,1515
202606,00630,630. 동대문구 보건소,일일권,,30대,39,2684.79,24.18,104303.66,950
202606,04464,4464. 올림픽공원 북2문 A,일일권(비회원),,30대,1,35.78,0.32,1390.00,9
202606,03517,3517. 용마사거리,일일권,,50대,2,101.83,0.92,3956.00,32
202606,01928,1928. 고척스카이돔구장 광장,정기권,M,40대,141,12026.04,108.34,467116.01,2846
202606,01742,1742. 북한산 코오롱 하늘채,일일권,F,20대,48,3299.09,29.74,128170.32,1185
202606,00413,413. 상암월드컵파크 3단지 후문,일일권,,60대,1,162.97,1.47,6331.43,49
202606,02050,2050. 노량진역 5번출구,일일권,M,30대,72,7172.44,64.58,278312.15,2007
202606,02050,2050. 노량진역 5번출구,정기권,M,60대,85,4790.55,43.20,196973.07,1786
202606,03539,3539. 서원마을,일일권,,30대,4,388.20,3.50,15081.56,109
202606,04396,4396. 마장축산물시장 서문 인근,정기권,,30대,49,2778.60,25.03,127449.77,1417
202606,02190,2190.도원맨션,일일권,F,40대,1,0.00,0.00,0.00,34
202606,00111,111. 상수역 2번출구 앞,정기권,M,20대,197,17917.16,160.79,693437.37,4689
202606,01275,1275. 거여초등학교 옆,정기권,F,50대,26,2053.65,18.53,79784.42,1102
202606,04078,4078. 원당공원 앞,일일권,,50대,3,98.89,0.88,3841.93,31
202606,03202,3202.당산롯데캐슬프레스티지,정기권,M,70대이상,8,557.47,5.02,21658.03,396
202606,00111,111. 상수역 2번출구 앞,정기권,M,60대,8,856.37,7.72,33270.06,401
202606,02648,2648.헬리오시티 112동 앞,정기권,M,60대,49,2953.77,25.97,113737.53,767
202606,00642,642. 신답역 사거리,일일권(비회원),,~10대,1,259.57,2.34,10084.19,38
202606,01248,1248. 방이초등학교,일일권,M,40대,40,2554.27,22.87,98528.29,778
202606,00858,858.녹사평역3번 출구,정기권,,40대,8,324.92,2.93,12623.14,62
202606,03006,3006. 상암월드컵파크5단지(상암중학교),정기권,M,20대,45,1775.30,15.92,68700.89,535
202606,01867,1867.대륭포스트타워6차 앞,일일권,,20대,51,2313.21,20.98,90458.50,841
202606,04108,4108. 답십리파크자이아파트 앞,정기권,F,50대,126,6530.61,57.25,247039.08,4267
202606,03629,3629. 청담사거리(신한오피스텔빌딩 앞),정기권,,30대,10,1846.65,16.65,71742.57,356
202606,03692,3692. 둔촌오륜역 1번 출구,일일권(3시간),M,40대,1,72.26,0.65,2807.31,126
202606,03575,3575. 자양사거리(서원빌딩),일일권,,기타,11,677.47,6.11,26319.37,250
202606,01684,1684. 태릉입구역 5번출구,정기권,F,40대,185,11064.58,99.89,430321.20,3954
202606,04253,4253. 홍은도담도서관,정기권,,기타,1,22.34,0.20,867.96,4
202606,02173,2173. 당곡사거리,일일권,,60대,1,66.29,0.60,2575.34,16
202606,01610,1610. 화랑대역 2번출구 앞,정기권,M,50대,165,20214.04,182.16,785316.56,4482
202606,01067,1067.한영중고앞사거리,일일권,F,40대,2,70.53,0.63,2740.00,21
202606,03623,3623. 일원에코파크 앞(개포로 방면),일일권,,30대,9,1314.19,11.84,51056.35,420
202606,02415,2415.한티역 롯데백화점 앞,정기권,M,60대,12,481.88,4.33,18720.98,199
202606,03120,3120.DMC엘가아파트 앞,정기권,,기타,16,687.23,6.19,26699.09,177
202606,00726,726. 목동3단지 시내버스정류장,정기권,M,30대,331,12215.78,110.10,477396.77,4251
202606,02189,2189. 봉천역 4번출구,정기권,M,30대,255,7844.78,70.72,324702.17,3694
202606,01027,1027. 프라자 아파트 앞,일일권(비회원),,20대,3,305.21,2.75,11857.18,114
202606,02635,2635.잠실새내역 1번출구,정기권,F,70대이상,1,19.85,0.18,771.06,11
202606,05877,5877. 문래동 꽃밭정원,정기권,F,50대,111,5685.07,51.20,220883.98,1647
202606,05881,5881. 세계청소년NGO교육문화원,일일권,M,50대,4,675.82,6.10,26255.59,148
202606,00113,113. 홍대입구역 2번출구 앞,일일권,M,기타,1,187.20,1.69,7272.74,36
202606,03804,3804. 낙성대공원,정기권,M,50대,18,1265.16,11.41,49292.66,577
202606,04023,4023. 월계역 1번 출구,일일권,,40대,1,79.55,0.72,3090.57,24
202606,00642,642. 신답역 사거리,일일권,,기타,4,389.88,3.51,15146.96,106
202606,04573,4573. 두산위브아파트,일일권,F,20대,3,693.29,6.26,26934.10,169
202606,00648,648. 장안동위더스빌옆,일일권(3시간),F,30대,4,502.10,4.52,19506.59,210
202606,00800,800. 목월공원 앞,일일권,F,30대,32,4109.29,37.02,159646.81,1343
202606,03101,3101. 서대문구청,정기권,F,50대,28,3262.85,29.47,127018.57,922
202606,00612,612. 시립동부병원 앞 사거리,일일권,F,~10대,5,189.30,1.71,7354.30,85
202606,04625,4625. 용산공원갤러리앞,정기권,,50대,5,493.62,4.45,19177.14,133
202606,00113,113. 홍대입구역 2번출구 앞,일일권(비회원),,20대,6,381.48,3.44,14820.75,123
202606,04304,4304. 서울고앞,정기권,F,30대,8,293.10,2.65,11386.77,543
202606,01625,1625. 상계역 3번출구,정기권,F,20대,107,5931.26,53.51,236521.30,1786
202606,02266,2266. 서초역 3번출구,일일권(비회원),,~10대,1,36.04,0.32,1400.00,9
202606,01616,1616. 하계2동 공항버스정류장 옆,정기권,M,~10대,32,522.68,4.72,20989.00,215
202606,01352,1352. e 편한세상 보문아파트 내,일일권,M,20대,8,488.32,4.39,18971.05,266
202606,00769,769.CBS방송국 앞,정기권,,60대,64,3440.86,31.03,142912.83,1917
202606,04609,4609. 파크타워 104동 앞,일일권,M,20대,13,1639.58,14.30,61660.35,492
202606,01187,1187. 강서수산물도매시장,정기권,M,50대,132,4867.87,43.88,190771.95,1237
202606,02392,2392. 구룡산 입구 (구룡산 서울둘레길 입구),정기권,M,60대,18,1142.67,10.30,44392.47,270
202606,04598,4598. 오목교 동측 지하보도,정기권,M,70대이상,23,916.18,8.25,35594.41,296
202606,02657,2657.송파 파인타운 11단지 ,정기권,F,60대,34,1245.61,11.24,48392.37,1189
202606,02384,2384. 자곡사거리,정기권,F,50대,11,1095.17,9.87,42547.40,360
202606,04346,4346.장학재단빌딩 앞,일일권(3시간),F,30대,1,27.84,0.25,1081.50,10
202606,03516,3516. 구의아리수정수센터앞,일일권,F,40대,25,1340.56,12.07,59979.32,404
202606,05513,5513. 마포음식문화거리,일일권,M,40대,42,5782.57,52.12,224652.49,1737
202606,00363,363. 신설동역 11번출구 뒤,일일권(3시간),F,~10대,2,399.39,3.60,15516.30,80
202606,01930,1930. 개봉지구대 개봉치안센터,정기권,,~10대,3,89.15,0.81,3463.13,16
202606,04685,4685. DMC역 5번 출구(수색역 방향),정기권,,기타,6,200.63,1.82,7794.69,189
202606,03207,3207.양남사거리1,정기권,M,30대,231,12681.23,104.47,450509.62,3379
202606,00113,113. 홍대입구역 2번출구 앞,정기권,M,30대,711,31022.63,278.80,1204559.90,14916
202606,04304,4304. 서울고앞,일일권,,50대,2,110.81,0.99,4304.80,30
202606,01111,1111. 마곡엠밸리6_7단지 마곡중학교,일일권,M,20대,41,1411.74,12.71,54845.08,574
202606,01157,1157. 강서구청,일일권(비회원),,30대,1,29.55,0.27,1148.09,8
202606,05870,5870. LG트윈타워 앞,일일권,M,30대,97,8802.41,79.36,341972.81,3013
202606,00818,818. 숙명여대 입구 교차로,정기권,F,40대,33,1326.96,11.96,51552.90,494
202606,02501,2501. 서초 포레스타5단지,정기권,,40대,30,1788.61,16.16,74282.84,434
202606,04062,4062. 평화도봉공원 주변,일일권,,20대,25,2271.50,20.45,88248.34,615
202606,01546,1546. 송천동우체국,일일권,,50대,1,18.09,0.16,702.75,18
202606,05153,5153.한강버스 뚝섬 선착장,일일권,F,30대,227,31862.13,289.32,1255312.96,9152
202606,01468,1468.먹골역 7번 출구,정기권,M,30대,72,5971.16,53.81,231980.27,2487
202606,00421,421. 마포구청 앞,가족권,M,~10대,3,345.17,3.12,13410.00,98
202606,04411,4411. 동산어린이공원 앞,정기권,,60대,5,594.73,5.37,23105.59,257
202606,01692,1692. 온곡초교 교차로,정기권,M,~10대,100,4603.09,38.98,168018.11,1909
202606,00114,114. 홍대입구역 8번출구 앞,일일권,F,30대,36,4316.15,39.17,168841.49,1264
202606,01998,1998. 고척교 교차로,일일권(3시간),M,20대,1,136.68,1.23,5310.00,31
202606,00543,543. 구의공원(테크노마트 앞),정기권,F,~10대,35,870.69,7.88,34251.97,325
202606,04096,4096.창동역2번출구 하나은행365 앞,정기권,F,20대,115,3656.05,32.94,142037.98,1028
202606,02319,2319. 포스코사거리 서측(수협 삼성동 지점),정기권,,20대,21,2060.05,18.56,80033.27,778
202606,03508,3508. 화양사거리,일일권,,40대,6,308.76,2.78,11995.23,92
202606,00473,473.을지로4가역 9번출구,일일권(비회원),,기타,17,1550.74,14.00,60246.28,709
202606,00114,114. 홍대입구역 8번출구 앞,일일권,M,50대,5,326.73,2.95,12693.35,136
202606,05086,5086. 가양테크노타운,일일권,F,~10대,10,735.64,6.63,28579.68,202
202606,04340,4340. 방배래미안아트힐아파트 앞,일일권(비회원),,50대,2,50.14,0.45,4060.93,19
202606,04565,4565. 영등포 신세계백화점,일일권,F,70대이상,1,20.73,0.19,805.29,9
202606,04957,4957. 신명초교 교차로,정기권,F,기타,3,62.35,0.57,2422.62,20
202606,04905,4905. 강남경찰서,정기권,F,70대이상,2,155.97,1.41,6059.46,112
202606,05866,5866.포레나 당산,일일권,F,40대,7,272.10,2.45,10571.01,172
202606,03586,3586.군자역 비채온 오피스텔,정기권,,30대,119,9116.01,82.14,354155.77,2561
202606,01758,1758.솔밭공원역 1번출구 주변,정기권,,20대,42,3576.25,32.26,138937.18,778
202606,00827,827. 국군복지단,일일권,F,40대,1,44.92,0.40,1745.26,9
202606,00515,515. 광양중학교 앞,일일권,F,~10대,1,22.39,0.24,1028.23,6
202606,00114,114. 홍대입구역 8번출구 앞,일일권(비회원),,~10대,3,619.69,5.59,24075.24,173
202606,01925,1925. 동양미래대학교 정문 옆,정기권,,기타,49,3131.87,28.23,124599.97,717
202606,02349,2349. 역삼빌딩 앞(하나은행 옆),일일권,F,40대,5,285.31,2.58,11084.80,93
202606,00114,114. 홍대입구역 8번출구 앞,정기권,,30대,136,8434.89,75.99,331900.74,3794
202606,04657,4657. 본 서부병원 교차로 사거리,정기권,F,40대,53,2492.53,22.45,96834.38,1189
202606,01904,1904. 도림천역 1번 출구 앞,일일권,,기타,5,487.42,4.39,18936.15,176
202606,05756,5756. 극동아파트,일일권,,~10대,2,48.70,0.44,1891.79,41
202606,04719,4719. 종로문화원 건너편,정기권,M,30대,147,7821.97,70.48,303883.29,2936
202606,01306,1306. 한성대입구역2번출구,일일권,M,70대이상,1,144.07,1.30,5597.23,47
202606,02359,"2359. 국립국악중,고교 정문 맞은편",일일권(비회원),,30대,1,47.51,0.43,1845.89,15
202606,01727,1727. 서울도봉초등학교인근,정기권,F,50대,75,4721.47,42.52,183429.14,1715
202606,03819,3819. 서울대벤처타운역,정기권,,40대,95,10223.62,92.14,397187.54,2593
202606,03959,3959. 시흥사거리(시흥동 994-3 앞),일일권(비회원),,20대,1,118.02,1.06,4584.91,324
202606,03815,3815. 광일빌딩,정기권,,60대,3,28.25,0.25,1097.29,8
202606,01080,1080.천호지하주차장 5번 출입구,일일권,,기타,8,801.87,7.23,31152.66,246
202606,00949,949. 연신내역 1번 출구 ,정기권,,50대,39,1507.75,13.57,58575.89,753
202606,00441,441.염천교사거리,정기권,M,70대이상,1,10.17,0.09,394.98,3
202606,01529,1529. 미아동 한국전력공사,일일권,F,30대,14,622.25,5.58,24174.71,293
202606,00114,114. 홍대입구역 8번출구 앞,정기권,M,40대,173,13486.22,121.54,526137.70,5252
202606,01637,1637. KT 전화국 버스정류장 옆,정기권,M,20대,330,15556.72,139.94,603070.52,5321
202606,00368,368. SK 서린빌딩 앞,일일권(3시간),M,20대,1,34.33,0.31,1333.78,37
202606,04710,4710. 자교교회 앞,일일권,F,20대,22,1907.06,17.49,75404.61,767
202606,02907,2907. 월계중학교,정기권,,60대,49,2302.97,20.77,89470.38,778
202606,02339,2339. 현대아파트 정문 앞,정기권,,50대,5,552.44,4.97,21462.37,93
202606,00643,643. 동대문구민체육센터 (육교아래),일일권(3시간),M,40대,3,1745.56,15.74,67815.46,326
202606,00115,115. 마스타 빌딩 앞,일일권,,50대,1,189.65,1.71,7367.82,45
202606,05333,5333. 노원역9번-10번 출구 앞,일일권,,~10대,2,117.63,1.06,4570.15,52
202606,00296,296.KT플라자 영등포점,일일권,,~10대,1,27.84,0.25,1081.58,16
202606,00115,115. 마스타 빌딩 앞,일일권,F,20대,30,2209.29,19.94,86006.81,774
202606,04028,4028. 한일유앤아이아파트 105동 인근,정기권,,40대,56,2316.43,20.88,89992.91,948
202606,03005,3005.마포구청 청사내,일일권,M,20대,22,1676.14,15.09,72243.99,576
202606,05760,5760. 풍납사거리 성내유수지,정기권,F,40대,75,3392.18,30.71,132403.42,1255
202606,02032,2032. 이수역 11번출구쪽,일일권,F,기타,1,190.74,1.72,7410.33,45
202606,04032,4032. 불암주유소 앞,정기권,,30대,29,1461.56,13.15,56781.49,640
202606,00984,984.상신초등학교앞 버스정류장,정기권,F,40대,38,4237.17,38.19,164613.39,1145
202606,03586,3586.군자역 비채온 오피스텔,정기권,M,20대,312,16274.45,146.61,632034.19,5810
202606,03606,3606. 신사동주민센터 옆,정기권,M,70대이상,5,162.16,1.51,6533.94,109
202606,00623,623. 서울시립대 정문 앞 B,정기권,,20대,204,10364.23,93.15,403117.53,5728
202606,00331,331. 을지로2가 사거리 북측,일일권(비회원),,기타,3,224.27,2.02,8712.92,68
202606,00839,839. 보광동 삼성리버빌아파트 앞,일일권,,20대,33,3641.94,32.82,141489.50,881
202606,05087,5087. 연세강서빌딩,정기권,,20대,103,3734.18,33.64,146735.34,1526
202606,04143,4143.서울동물복지지원센터 동대문,정기권,M,40대,61,3933.78,35.46,152827.14,1232
202606,02205,2205. 내곡3단지 어린이공원 앞,일일권,,50대,2,392.28,3.53,15240.00,57
202606,00474,474.동대문역사문화공원역 1번출구 뒤편,가족권(2시간),M,~10대,1,43.06,0.39,1672.74,16
202606,00243,243. 이앤씨드림타워 앞,일일권(비회원),,50대,1,30.51,0.27,1185.24,15
202606,02302,2302. 교보타워 버스정류장(신논현역 3번출구 후면),정기권,F,50대,18,1277.78,11.50,51179.05,1203
202606,01870,1870.독산3동주민센터 앞,정기권,F,30대,2,55.82,0.50,2168.56,18
202606,04512,4512. 목동13_14단지 사거리,정기권,,기타,48,1174.47,10.99,47191.60,537
202606,01715,1715. 서울특별시교육청도봉도서관,정기권,F,30대,69,4612.21,41.60,179183.84,1461
202606,04382,4382. 페코텍글로벌허브빌딩 앞,정기권,,70대이상,1,36.18,0.33,1405.48,7
202606,02909,2909. 석계역 3번 출구,일일권,,50대,4,475.76,4.29,18483.27,172
202606,00295,295.영등포공원 분수대 앞,일일권,,50대,2,74.85,0.67,2907.98,44
202606,01377,1377. 한국과학기술연구원 북문,정기권,M,60대,9,2009.46,18.13,78067.71,410
202606,01646,1646. 삼육대 입구,일일권,M,20대,23,2000.78,17.93,77368.72,469
202606,02070,2070. 노량진역 2번 출구 앞,정기권,F,50대,23,2613.27,23.53,101525.80,830
202606,01708,1708. 도봉보건소사거리,정기권,M,30대,147,6067.35,54.54,235348.70,1780
202606,02370,2370. 한티역 3번출구,정기권,M,50대,29,1346.92,12.15,52327.58,478
202606,00279,279. 영등포 푸르지오 아파트 B,일일권,F,30대,20,1116.84,10.08,43389.74,399
202606,00740,740. 으뜸공원,일일권,F,~10대,5,287.79,2.69,11635.05,137
202606,04781,4781. 브라운스위트레지던스,일일권,M,~10대,1,183.57,1.65,7131.69,47
202606,03726,3726.삼양동사거리,정기권,M,60대,38,1922.45,17.33,74687.92,915
202606,00908,908. 구산역 4번출구,일일권,,60대,2,340.77,3.07,13238.89,61
202606,03641,3641. 대청역,일일권,,30대,15,481.97,4.35,18724.10,290
202606,04177,4177. 롯데캐슬 101동 앞,정기권,F,40대,16,1508.57,13.59,58608.04,344
202606,01564,1564.4.19민주묘지역 1번출구,정기권,M,60대,18,1212.67,10.94,47113.09,671
202606,00785,"785.양천구청, 보건소 사잇길",정기권,F,50대,272,11255.46,101.54,437643.19,5199
202606,05765,5765. 삼전동주민센터 건너편,일일권,M,60대,13,673.90,6.08,26180.85,221
202606,01974,1974. 신도림2차e편한세상아파트 203동 앞,일일권(3시간),M,40대,3,457.60,4.12,17777.89,230
202606,01953,1953. 천왕역 4번출구 뒤,일일권,,30대,6,486.23,4.37,18889.95,96
202606,01738,1738. 창동주공17단지 상가앞,정기권,,40대,63,3031.81,27.33,117784.25,924
202606,04417,4417. 성북청소년문화의집,정기권,,50대,5,292.13,2.64,11349.31,54
202606,02388,2388. 강남구 도시관리공단,정기권,F,40대,15,868.56,7.83,33743.81,347
202606,01088,1088.풍납사거리(강동),일일권(비회원),,60대,1,26.06,0.23,1012.44,7
202606,03910,3910. 목양전원교회 앞 로터리,일일권(3시간),M,40대,1,108.86,0.98,4229.03,150
202606,00285,285. 콤텍시스템 앞,정기권,M,50대,49,4543.71,40.94,176523.27,1227
202606,02645,2645.잠실나들목2(엘스아파트136동),일일권,M,~10대,16,1793.82,16.18,69690.43,954
202606,04014,4014. 불암산역 3번 출구,정기권,,30대,48,2663.92,24.36,105061.14,960
202606,02372,2372. 대치역 사거리,일일권,M,50대,18,2758.60,27.67,119289.64,856
202606,04131,4131. 베네스트 오피스텔 앞,일일권,F,40대,5,433.65,3.91,16847.08,118
202606,02423,2423.영희초교 사거리(래미안개포루체하임),정기권,F,70대이상,6,171.29,1.55,12577.86,104
202606,01627,1627. 수락산역 4번출구,일일권,M,20대,43,2775.21,25.05,107818.44,825
202606,04099,4099.창동역 이마트 건너편,정기권,,50대,12,363.98,3.29,14140.69,129
202606,00433,433. 을지로입구역 2번출구,정기권,M,60대,50,1970.40,17.79,76549.26,906
202606,05891,5891.한강버스 여의도 선착장,일일권(비회원),,20대,60,7844.86,70.72,304773.73,2202
202606,00117,117. 홍은사거리,일일권,M,60대,4,200.39,1.81,7785.04,102
202606,01182,1182. KBS 스포츠월드,일일권,,~10대,1,46.51,0.42,1806.85,10
202606,00117,117. 홍은사거리,일일권,M,~10대,23,4041.66,36.45,157139.53,959
202606,04887,4887. 호돌이상가,일일권,F,기타,1,357.57,3.22,13891.53,146
202606,04537,4537. 서울남부지방검찰청 후문 ,일일권,,20대,17,537.77,4.85,20893.04,192
202606,01929,1929. 고척근린공원 고척도서관 앞,정기권,F,30대,24,2875.76,25.92,111724.32,713
202606,02617,2617. 가락삼환아파트 앞,일일권,M,~10대,4,80.55,0.73,3129.23,18
202606,03411,3411.종묘,정기권,F,30대,55,1957.12,17.69,76208.53,1118
202606,00400,400. 상암한화오벨리스크 1차 앞,일일권,,30대,9,583.66,5.26,22675.02,214
202606,04344,4344. 양재대로(구룡지하차도 앞),일일권,,50대,1,40.52,0.37,1574.35,14
202606,01149,1149. 신방화역환승주차장,정기권,F,70대이상,7,52.67,0.46,2046.08,19
202606,03417,3417.창신3동주민센터,일일권,,60대,3,312.86,2.83,12154.69,53
202606,02127,2127. 난곡종점,정기권,,20대,20,706.48,6.37,27447.08,196
202606,04619,4619. 한강트럼프월드3차 앞,정기권,,기타,2,90.45,0.81,3514.11,28
202606,06190,6190.마곡광장(마곡나루역 6번출구),정기권,M,40대,290,8178.61,73.22,317825.16,2765
202606,02119,2119. 중앙동 동진빌딩,정기권,,20대,49,2986.59,26.91,118805.47,702
202606,04926,4926. 대치우성아파트 사거리,정기권,,30대,81,5099.03,45.97,198096.88,1333
202606,01222,1222. 잠실새내역 5번 출구 뒤,일일권,F,40대,93,8563.51,77.28,336411.14,3235
202606,03936,3936. 힐스테이트 신도림역,일일권,,40대,4,319.25,2.89,12402.79,82
202606,01032,1032. 선사고등학교,정기권,,기타,5,398.08,3.59,15465.32,180
202606,03636,3636. 삼성중앙역·플래티넘아파트 정류소,가족권,M,~10대,2,90.37,0.81,3510.94,41
202606,00710,710. 금옥여고보도육교,일일권(3시간),F,40대,1,78.39,0.71,3045.32,104
202606,00731,731. 서울시 도로환경관리센터,일일권,M,50대,16,1481.34,12.68,54686.04,418
202606,01867,1867.대륭포스트타워6차 앞,정기권,,50대,120,8044.40,72.48,313711.27,2421
202606,04811,4811. 한양수자인아파트 앞,일일권(3시간),M,30대,2,252.82,2.28,9822.28,229
202606,01985,1985. 구로도서관,일일권,M,60대,1,506.90,4.57,19692.91,95
202606,00326,326. 안국역 5번출구 앞,일일권,,30대,32,1693.00,15.25,65773.67,827
202606,03726,3726.삼양동사거리,일일권,F,20대,2,169.82,1.53,6597.80,49
202606,05314,5314. 월계1동주민센터 앞,정기권,,30대,77,4388.41,39.54,170489.53,1176
202606,02342,2342. 대청역 1번출구  뒤,정기권,M,30대,236,17663.76,159.23,689324.01,5131
202606,00977,977.신도중학교앞,일일권,,30대,2,146.20,1.31,5680.00,32
202606,02737,2737.까치산역 3번 출구,정기권,,30대,78,9657.89,87.04,375209.54,2936
202606,00117,117. 홍은사거리,정기권,,~10대,4,260.69,2.34,10127.98,108
202606,02815,2815.항동지구 7단지 정문,일일권,M,50대,9,523.32,4.62,19871.86,128
202606,01227,1227. 거여역 8번출구 뒤,정기권,,70대이상,5,123.49,1.10,4797.98,36
202606,03422,3422.성균관대 정문,일일권,M,50대,8,491.08,4.24,18286.71,173
202606,05310,5310. 목련아파트,일일권(비회원),,~10대,1,11.83,0.11,459.74,5
202606,00256,256. 동아에코빌입구,정기권,,기타,13,348.12,3.15,13523.76,136
202606,01729,1729. 도봉한신아파트 버스정류장,일일권,F,30대,16,1787.40,16.09,69440.48,469
202606,00267,267. 삼성화재 사옥 옆,일일권,F,~10대,3,251.50,2.27,9770.78,64
202606,03900,3900. 건국대학교 신공학관,정기권,,20대,203,6005.68,54.15,233322.27,2063
202606,00577,577. 광진청소년수련관,정기권,F,40대,72,6560.16,59.30,255792.19,1656
202606,03680,3680. 강동역3번출구,일일권,M,50대,4,618.35,5.57,24022.80,143
202606,01911,1911. 구로디지털단지역 앞,일일권,M,40대,52,6512.55,58.59,252552.15,1527
202606,00950,950. 구산역 2번 출구 예일여고 버스정류장,일일권,M,20대,47,2976.19,26.84,115624.53,984
202606,01375,1375. 생명의 전화 종합복지관 앞 교차로,일일권,F,30대,7,601.33,5.42,23361.81,164
202606,00806,806. 전자랜드 본관 앞,일일권,,기타,3,931.11,8.39,36173.21,278
202606,05099,5099. LG사이언스파크 E7동,정기권,,40대,111,4047.44,36.47,157243.70,1191
202606,00586,586. 마장동 주민센터,일일권,F,20대,14,1659.30,14.96,64464.08,474
202606,03923,3923. 구로공구상가 앞,일일권,F,50대,1,111.09,1.00,4316.02,20
202606,01288,1288. 문정중교 사거리,일일권,M,~10대,18,1992.91,17.97,77424.76,528
202606,05758,5758. 올림픽선수기자촌아파트 123동 근처,정기권,F,60대,4,71.07,0.63,2760.94,18
202606,00867,867.서빙고역 광장(1번출구),일일권,,기타,3,609.05,5.48,23661.48,200
202606,05753,5753. 호반써밋,일일권,F,50대,2,310.31,2.80,12055.27,74
202606,02354,2354. 청담역 2번출구,일일권,M,40대,1,236.16,2.13,9174.68,54
202606,04798,4798. 황학동롯데캐슬,정기권,,60대,20,2859.39,25.77,111087.14,849
202606,00937,937. 상림마을 롯데캐슬2단지 옆,정기권,F,30대,11,704.93,6.35,27386.62,213
202606,02349,2349. 역삼빌딩 앞(하나은행 옆),정기권,M,60대,31,1720.34,15.51,66835.93,816
202606,03514,3514. 왕십리교회옆,정기권,M,20대,182,7876.31,70.83,305895.65,2695
202606,03798,3798. 그랜드아이파크아파트 앞,정기권,,50대,121,5486.95,49.44,217699.77,2455
202606,00247,247. 당산역 10번출구 앞,일일권,,60대,1,32.85,0.30,1276.14,34
202606,03681,3681. 길동 마루빌딩,일일권,F,~10대,23,1094.19,9.84,42510.40,365
202606,06178,6178. 마스터밸류에이스 지식산업센터,일일권(비회원),,30대,1,148.48,1.34,5768.27,39
202606,04083,4083.도봉아이나라도서관 앞,정기권,F,20대,45,5689.43,51.27,221034.33,992
202606,03671,3671. 둔촌동역교차로,일일권,,50대,2,122.56,1.10,4761.38,28
202606,01477,1477.면목삼익아파트 앞,일일권,,40대,5,644.12,5.81,25024.28,183
202606,01336,1336. 성북3교 위,일일권,F,~10대,2,113.17,1.02,4396.91,30
202606,00543,543. 구의공원(테크노마트 앞),일일권(3시간),,30대,1,35.25,0.32,1369.41,10
202606,01906,1906. 신도림역 1번 출구 앞,일일권,M,40대,55,5557.90,50.02,215581.63,1381
202606,03109,3109.북한산더? 106동 앞,정기권,F,50대,8,673.96,6.08,26183.98,149
202606,00309,309. 광화문역 6번출구 옆 B,일일권,M,20대,13,1346.68,12.05,51914.77,419
202606,02344,2344. 리엔파크 2단지 앞,일일권,,40대,7,1056.42,9.53,41041.15,288
202606,03880,3880. 홍련봉 공원,일일권,,30대,13,799.59,7.20,34700.76,262
202606,03652,3652. 한영외국어고등학교,일일권,,20대,3,160.62,1.45,6240.12,38
202606,00429,429. 송도병원,정기권,,50대,7,289.33,2.60,11240.18,325
202606,01708,1708. 도봉보건소사거리,일일권,F,20대,35,1964.65,17.69,76327.77,674
202606,01084,1084. 윤선생빌딩(JYP사옥),일일권(비회원),,20대,7,566.00,5.11,21989.40,169
202606,04968,4968.강동구 자원순환센터,일일권,F,20대,1,164.39,1.48,6386.57,50
202606,02242,2242.양재역 10번 출구 앞,일일권,M,30대,17,1543.91,13.88,59844.98,327
202606,02067,2067. 보라매역?동작세무서 버스정류장(강남중학교방면),일일권,,60대,1,45.46,0.41,1766.11,19
202606,01259,1259. 방이역 1번출구,정기권,F,40대,216,10510.31,94.69,408326.01,5314
202606,06184,6184. 한강버스 마곡 선착장,가족권,M,~10대,4,527.58,4.75,20496.45,115
202606,04041,4041. 공릉역3번출구,일일권,F,30대,30,2320.56,21.01,90533.42,816
202606,00952,952. 서울연신중학교,정기권,,60대,1,8.42,0.08,327.27,6
202606,03573,3573.광나루안전체험관,일일권(비회원),,20대,3,107.63,0.97,4181.45,32
202606,02255,2255. 양재시민의숲역 1번출구,일일권,F,30대,29,3193.11,28.80,125515.25,1089
202606,00578,578. 성동세무서 부근,일일권(비회원),,기타,1,167.95,1.51,6524.89,24
202606,04886,4886. 배명고등학교 건너편,일일권,,40대,3,181.37,1.63,7045.98,47
202606,02377,2377. 수서역 5번출구,일일권(비회원),,기타,33,2416.03,21.78,93862.29,866
202606,00754,754. 목동1단지아파트 118동 앞,정기권,F,~10대,64,2285.92,20.58,88807.19,1096
202606,02413,2413.도곡역 1번 출구,정기권,F,~10대,20,862.94,7.79,34962.82,386
202606,01433,1433. 중화역 2번출구,일일권,F,40대,2,70.00,0.63,2719.82,26
202606,05766,5766. 북위례1,일일권,,30대,3,295.54,2.66,11481.48,110
202606,06053,6053. 중부세무서 앞,정기권,,50대,16,1412.87,12.72,54889.60,385
202606,03905,3905. 희훈타워빌 앞,일일권(비회원),,기타,10,741.58,6.70,28809.99,403
202606,00544,544. 광남중학교,정기권,F,50대,31,4428.04,39.88,172030.15,1151
202606,04944,4944.젠빌딩,정기권,M,70대이상,1,50.94,0.46,1978.84,54
202606,00359,359. 원남동사거리,일일권,,30대,12,1024.65,9.24,39808.05,243
202606,01382,1382.래미안월곡아파트 입구,일일권,,30대,9,634.34,5.72,24643.37,121
202606,03785,3785. 마곡14단지 1408동앞,일일권,M,~10대,24,1026.40,9.25,39875.99,413
202606,02524,2524.반포쇼핑타운 8동 앞,정기권,F,~10대,22,360.76,3.27,14016.21,113
202606,00626,626. 군자교 서측 녹지대,정기권,,30대,206,12416.12,111.86,482367.43,3529
202606,04098,4098.창동역 1번출구 인근,정기권,,60대,20,1611.77,14.52,62617.10,678
202606,03792,3792. 화곡본동시장 입구,정기권,M,40대,46,2223.91,20.02,86399.36,681
202606,04905,4905. 강남경찰서,정기권,F,기타,2,275.21,2.52,10882.97,136
202606,00307,307. 서울역사박물관 앞,정기권,M,60대,32,1737.64,15.66,67506.75,828
202606,01906,1906. 신도림역 1번 출구 앞,일일권(3시간),F,30대,2,395.28,3.57,15356.51,86
202606,02119,2119. 중앙동 동진빌딩,일일권,M,40대,6,310.91,2.80,12078.74,156
202606,01850,1850. 코오롱테크노밸리,정기권,F,40대,2,17.75,0.16,689.79,7
202606,02505,2505. 우성아파트사거리 (기업은행앞),정기권,F,20대,29,1680.98,15.15,65305.79,658
202606,05154,5154.광진구청 앞,일일권,F,40대,13,405.57,3.66,15756.25,158
202606,00119,119. 서강나루 공원,일일권,M,~10대,19,1484.70,13.48,58063.06,414
202606,00534,534. 금호사거리,일일권(3시간),,20대,1,282.86,2.55,10988.94,72
202606,01297,1297. 석촌호수교차로(동호 팔각정 앞),일일권,,20대,84,7696.54,69.38,299012.55,2432
202606,04272,4272. 홍남교 사거리,일일권(비회원 3시간),,기타,1,77.57,0.70,3013.56,68
202606,05090,5090. 대상연구소,일일권,M,20대,11,467.04,4.21,18143.76,136
202606,01456,1456. 상아빌딩(우림시장 교차로),정기권,F,60대,7,314.70,2.83,12226.00,122
202606,00593,593.자양중앙나들목,정기권,F,40대,40,3397.69,32.63,140614.51,1093
202606,00549,549. 아차산역 3번출구,일일권,M,50대,10,1016.85,9.15,39504.86,290
202606,03415,3415.동대문역6번출구,일일권,,~10대,1,74.77,0.67,2904.93,14
202606,00339,339. 종로4가 사거리,정기권,M,50대,202,10118.43,91.35,393686.32,6908
202606,04931,4931. 디에이치퍼스티어아이파크 124동 앞,일일권(비회원),,30대,1,33.19,0.30,1289.32,8
202606,04145,4145.청량리동 주민센터,일일권(비회원),,50대,1,11.58,0.10,450.00,5
202606,02516,2516.본마을 노인복지센터 앞,정기권,,20대,7,436.91,3.94,16973.64,115
202606,00735,735. 영도초등학교,정기권,F,60대,37,1478.48,13.30,57439.12,462
202606,01503,1503. 강북구청사거리(수유역 8번출구),일일권(3시간),F,20대,1,343.15,2.68,11553.99,107
202606,01393,1393.돈암육교 하단,정기권,F,20대,13,765.59,6.90,29743.31,187
202606,02732,2732.마곡수명산 1-2단지 ,일일권,F,~10대,5,185.60,1.67,7210.65,67
202606,00959,959. 구파발10단지 인근,정기권,F,40대,28,1832.03,16.50,71173.71,563
202606,04618,4618. 풍전아파트 건너편,일일권,F,~10대,2,210.29,1.90,8169.88,56
202606,05152,5152.이스트폴 105동 방면 입구,정기권,M,~10대,10,650.64,5.87,25277.25,245
202606,02256,2256.양재동 꽃시장 입구,일일권(비회원),,기타,2,29.55,0.26,1148.08,15
202606,02618,2618. 삼전역 1번출구,정기권,,기타,16,559.91,5.34,22908.29,365
202606,03759,3759. 이대서울병원,일일권,M,20대,36,2618.93,23.59,101744.71,648
202606,03121,3121.가좌삼거리,일일권(3시간),M,50대,1,435.13,3.92,16905.00,102
202606,01771,1771.성원APT버스정류소,정기권,,40대,112,4587.05,41.29,178205.44,2491
202606,00119,119. 서강나루 공원,정기권,M,20대,95,9296.14,83.79,361155.99,2081
202606,00338,338. 세운스퀘어 앞,일일권,F,50대,2,107.27,0.96,4167.60,42
202606,01274,1274. 영파여고 앞,정기권,F,~10대,223,6619.10,60.07,261386.56,2237
202606,00781,781.신정보도육교 아래,정기권,F,~10대,140,4135.89,37.29,163059.48,1844
202606,03113,3113. 독립문 앞,정기권,,60대,5,335.91,3.03,13050.29,94
202606,04041,4041. 공릉역3번출구,정기권,F,60대,6,335.19,3.02,13022.00,91
202606,00713,713. 양서중학교 옆,정기권,F,~10대,8,437.15,3.93,16983.15,94
202606,04414,4414. 안암역 3번 출구,정기권,,50대,13,548.28,4.94,21300.35,428
202606,00640,640. 동대문경찰서 교차로,일일권,M,50대,13,917.39,8.06,34735.04,321
202606,00670,670.삼육서울병원 버스정류장,정기권,M,50대,139,13883.70,124.64,537298.27,3124
202606,01765,1765.쌍문역 1번출구 주변,일일권,,20대,29,1665.07,15.03,64689.18,485
202606,01275,1275. 거여초등학교 옆,정기권,F,30대,27,1263.72,11.69,50481.39,635
202606,01184,1184. 마곡13단지,정기권,M,30대,738,31105.92,280.40,1211157.58,8605
202606,04567,4567. 한림대학교 강남성심병원 신관,일일권(비회원),,20대,1,31.40,0.28,1219.78,6
202606,00443,443.호암아트홀,정기권,,20대,11,278.25,2.50,10810.66,84
202606,00282,282. 신한은행 대림동지점,일일권(3시간),F,30대,1,704.87,6.35,27384.05,189
202606,04486,4486. 홈플러스 잠실점,정기권,,60대,18,959.02,8.65,37258.48,356
202606,00741,741. 화곡로 입구 교차로,정기권,,기타,6,417.27,3.75,16210.76,110
202606,03010,3010.홍대입구역 3번출구,일일권,M,~10대,35,2990.30,27.79,119825.52,1027
202606,04474,4474. 가락현대 1차 11동 앞,일일권,M,20대,16,916.23,8.25,35596.04,284
202606,04420,4420. 성북구 한예종 캠퍼스 별관,일일권,,~10대,5,245.13,2.20,9523.37,179
202606,00254,254. 도림신협 앞,정기권,,40대,83,4382.37,39.46,170255.71,1658
202606,04906,4906. 섬유센터 앞,일일권,M,20대,56,6713.42,58.52,252437.21,1763
202606,02265,2265. 이수고가차도 남단,일일권(비회원),,기타,6,608.48,5.48,25743.45,225
202606,01846,1846. 롯데캐슬골드파크1차 동문,가족권,M,~10대,1,156.29,1.41,6072.03,51
202606,01761,1761.방학중학교 앞,가족권,M,~10대,1,74.65,0.67,2900.25,47
202606,04121,4121. 서울문화재단 앞,정기권,,60대,11,2480.37,22.36,96362.99,495
202606,00264,264. 교보생명보험 앞,일일권,,20대,37,1306.68,11.76,50764.56,696
202606,01703,1703. 도봉산광역환승센터앞 ,정기권,F,50대,24,1637.09,14.75,63600.93,517
202606,02064,2064. 흑석한강푸르지오 106동앞,정기권,,20대,1,82.11,0.74,3190.00,19
202606,00408,408. LG CNS앞,정기권,,40대,18,871.22,7.86,33847.59,260
202606,00679,679.전농SK아파트 앞,정기권,M,40대,7,671.90,6.06,26103.81,367
202606,00120,120. 신수동 사거리,정기권,F,60대,1,68.47,0.62,2660.00,19
202606,01628,1628. 노일초등학교 앞,정기권,M,40대,40,1486.77,13.40,57761.86,590
202606,01264,1264. 천호역 10번 출구 앞,정기권,M,40대,327,14756.08,132.80,574127.47,5176
202606,03511,3511. 응봉역 1번출구,정기권,F,30대,155,22272.19,200.88,865908.40,5277
202606,03694,3694. 강동리엔파크 13단지(1303동 앞),일일권,,30대,12,693.75,6.25,26951.57,403
202606,00737,737. 장수공원,정기권,F,50대,32,3084.17,27.81,119819.74,1061
202606,04214,4214. JTBC 앞,정기권,M,40대,122,6536.55,58.90,253828.36,2469
202606,04137,4137. 답십리역 4번출구,정기권,F,50대,182,15996.24,142.66,626325.49,5105
202606,03864,3864. 광진소방서 앞,정기권,F,50대,107,4723.61,42.53,183512.61,1382
202606,02084,2084.e편한세상 상도노빌리티 앞,일일권,M,~10대,8,401.29,3.63,15674.67,251
202606,02002,2002. 노들역 1번출구,일일권(비회원),,60대,1,103.22,0.93,4010.00,183
202606,02173,2173. 당곡사거리,정기권,,50대,34,1747.57,15.74,74970.50,570
202606,01444,1444. 면목4치안센터,정기권,M,30대,114,9605.11,86.58,377874.65,2562
202606,00819,819. 선린인터넷 고등학교,정기권,,20대,81,2579.91,23.26,103015.89,999
202606,00903,903. 은평뉴타운 아이파크,정기권,F,50대,44,2296.06,20.67,89201.78,860
202606,01250,1250.문정2동 주민센터,일일권,M,20대,3,96.36,0.86,3743.46,27
202606,04923,4923.수협대치동지점,일일권,M,~10대,8,227.00,2.03,9107.82,102
202606,01716,1716. 창동역 1번출구 건너편,일일권,M,70대이상,1,250.31,2.26,9724.72,59
202606,00255,255. 도림사거리,정기권,F,60대,31,1783.03,16.07,69269.37,457
202606,06059,6059. 덕수중학교,정기권,F,70대이상,1,46.07,0.42,1790.00,29
202606,01827,1827. 독산보도육교 앞 자전거 보관소,일일권,M,30대,33,8039.61,70.32,307802.89,1717
202606,00244,244. 영등포삼환아파트 앞,일일권,,20대,32,2576.20,23.19,100085.84,804
202606,03910,3910. 목양전원교회 앞 로터리,정기권,M,40대,25,2582.12,23.27,100316.25,809
202606,02537,2537.양재역 8번출구 앞,정기권,,20대,69,3545.46,31.97,137740.94,973
202606,04638,4638. 청파동삼거리 앞,일일권,M,30대,16,2376.63,21.34,91968.16,672
202606,05785,5785.한림연예예술고등학교,일일권,M,60대,1,41.82,0.38,1624.84,11
202606,01314,1314. 정릉꿈에그린1단지 201동 앞,정기권,,70대이상,1,5.15,0.05,200.00,1
202606,01338,1338. 용문2교 옆,정기권,F,50대,68,4234.84,38.19,164523.95,1169
202606,02173,2173. 당곡사거리,일일권,F,40대,18,2057.31,18.55,79926.85,788
202606,01214,1214. 오금역 7번 출구 인근,정기권,F,30대,48,2399.21,21.66,93401.67,666
202606,04211,4211. 시석빌딩 앞,일일권,M,50대,1,172.03,1.55,6683.50,68
202606,00853,853.용산역 맞은편,일일권,F,~10대,18,1960.25,17.67,76155.64,650
202606,02813,2813.항동지구 3단지 302동 앞,일일권,F,30대,5,720.40,6.08,26209.05,321
202606,01931,1931. 개봉역2번출구 A,일일권,M,20대,45,1749.39,15.79,67963.61,490
202606,01627,1627. 수락산역 4번출구,일일권,F,30대,15,1221.94,11.03,47471.78,378
202606,04652,4652. 신사두산위브2차아파트 앞,정기권,,30대,80,5179.95,46.72,209891.87,1578
202606,02331,2331. 동영문화센터앞,정기권,M,30대,93,6049.93,53.61,233571.88,2804
202606,00281,281. 대림신동아아파트 앞,일일권,M,50대,10,620.66,5.57,23934.62,330
202606,03767,3767. 대원빌딩,일일권(3시간),M,50대,1,554.56,5.00,21544.53,219
202606,00302,302. 경복궁역 6번출구 뒤,정기권,F,40대,83,4073.62,36.69,158259.25,1682
202606,02167,2167. 낙성대역 1번출구,일일권(비회원),,기타,2,281.90,2.54,10951.86,82
202606,00338,338. 세운스퀘어 앞,일일권,M,60대,2,104.34,0.94,4053.77,47
202606,02092,2092.흑석한강푸르지오(110동),정기권,F,30대,7,95.31,0.85,3702.48,33
202606,01424,1424. 양원역 2번출구,정기권,M,30대,21,824.51,7.44,32031.51,359
202606,02626,"2626.경찰병원역 1,2번 출구 사이",정기권,M,~10대,3,177.59,1.61,6899.37,59
202606,03673,3673. 강동리버스트6단지,일일권,,20대,6,708.25,6.39,27515.81,382
202606,01376,1376. 한국과학기술연구원 중문,일일권,,30대,6,273.06,2.46,10608.29,69
202606,01438,1438. 홈플러스 신내점 앞,일일권,M,70대이상,1,150.48,1.36,5846.11,36
202606,03794,3794. 안양천합수부(현대3차아파트),일일권(3시간),M,40대,1,530.67,3.66,15765.59,153
202606,05858,5858. 영등포역5번출구,정기권,M,70대이상,11,379.07,3.41,14726.91,204
202606,03658,3658. 프라이어팰리스아파트,정기권,,기타,7,703.61,6.33,27335.21,121
202606,04098,4098.창동역 1번출구 인근,정기권,M,~10대,128,4361.73,39.20,170317.18,1322
202606,04180,4180. 흑석동주민센터 입구,정기권,F,~10대,2,129.27,1.16,5022.41,37
202606,00473,473.을지로4가역 9번출구,일일권,,20대,16,812.08,7.32,31549.55,263
202606,01173,1173. 강서구청사거리(SH타워),정기권,,30대,538,19293.76,173.94,756467.02,5550
202606,04824,4824. 상봉신협 앞,정기권,F,30대,188,4919.04,44.73,193118.62,1509
202606,04226,4226. 마포프레스티지자이 1,일일권,,30대,11,477.85,4.31,18564.76,155
202606,04327,4327. 몽마르뜨공원입구,정기권,M,40대,46,3822.61,34.45,148508.85,1073
202606,03513,3513. 상왕십리역 1번출구,일일권,M,~10대,11,526.62,4.77,20535.85,189
202606,01149,1149. 신방화역환승주차장,일일권(비회원),,20대,4,124.03,1.11,4818.44,36
202606,00341,341. 혜화역 3번출구 뒤,정기권,M,~10대,17,823.59,7.44,32133.96,246
202606,03415,3415.동대문역6번출구,정기권,F,40대,42,4182.27,37.69,162481.65,1162
202606,04349,4349.삼성화재서초타워,정기권,F,~10대,2,216.14,2.12,9119.20,73
202606,03116,3116.신촌역 4번출구,일일권,M,~10대,4,612.82,5.64,24315.02,199
202606,01825,1825. 한신아파트 앞 육교 아래,정기권,F,50대,11,2821.66,25.43,109622.00,594
202606,00510,510. 뚝도아리수정수센터 버스정류소 옆,일일권,F,~10대,13,1285.56,11.84,51096.15,536
202606,05070,5070. 마곡13단지힐스테이트마스터 후문(1320동 앞),일일권(비회원),,기타,6,166.43,1.51,6465.89,140
202606,03864,3864. 광진소방서 앞,정기권,,기타,16,601.20,5.75,24801.14,186
202606,00122,122. 신성기사식당 앞,정기권,,40대,35,1243.59,11.20,48313.34,627
202606,00290,290. 새말소공원,일일권(비회원),F,기타,1,24.71,0.22,960.00,12
202606,01300,1300. 오륜사거리,정기권,M,50대,56,4793.14,43.05,187584.27,1666
202606,04238,4238. 상암한샘빌딩앞,정기권,M,60대,19,1736.66,15.65,67470.53,491
202606,04678,4678. 백련산로 녹번센트레빌 ,정기권,,40대,66,3388.04,30.52,131626.66,1625
202606,03623,3623. 일원에코파크 앞(개포로 방면),일일권,M,20대,24,4462.37,40.23,173363.10,846
202606,02550,2550.양재동 꽃시장 건너편,정기권,M,40대,116,7533.80,67.90,292689.07,2667
202606,03807,3807. 관악우체국 교차로,정기권,,30대,16,578.62,5.21,22479.71,467
202606,05777,5777. 호반써밋12단지,정기권,,60대,7,800.07,7.20,31082.62,198
202606,00431,431. 청계천 영도교,일일권,F,50대,6,735.31,6.77,29170.33,183
202606,06185,6185.가양나들목,정기권,F,~10대,13,723.38,6.54,28103.92,154
202606,05886,5886.신풍역 2번출구,정기권,,50대,29,1472.65,13.29,59318.66,958
202606,00971,971. 역촌 센트레빌 아파트,정기권,,기타,39,931.83,8.41,36200.90,264
202606,00617,617. 청솔우성아파트 앞,일일권,M,~10대,12,935.84,8.44,36358.54,292
202606,03214,3214.영등포 푸르지오 아파트 A,일일권,F,60대,1,24.30,0.22,943.94,6
202606,04113,4113. 한국국방연구원 앞,정기권,M,40대,124,11221.31,100.77,436664.09,4111
202606,02333,2333. 양재역 3번출구 주변,일일권,M,30대,32,2296.89,20.53,88556.32,640
202606,01775,1775.신원리베르텔 앞,일일권,M,~10대,25,808.00,7.30,31389.72,212
202606,02331,2331. 동영문화센터앞,정기권,,40대,8,333.77,3.00,12967.44,208
202606,02212,2212.서초현대4차아파트 201동 맞은편,일일권,,기타,1,193.37,1.74,7512.53,95
202606,04711,4711. 올림픽기념 국민생활관 로터리,일일권,,30대,6,762.56,6.86,29626.06,202
202606,05308,5308. 상계신동아아파트,정기권,F,~10대,2,150.21,1.36,5835.63,23
202606,00965,965. 서울특별시 은평병원,정기권,,기타,1,23.24,0.21,902.74,12
202606,04208,4208. 스타벅스(동교동) 앞,정기권,F,~10대,4,203.74,2.13,9151.29,60
202606,02392,2392. 구룡산 입구 (구룡산 서울둘레길 입구),정기권,F,60대,1,162.28,1.46,6304.45,87
202606,01265,1265. 문정동 근린공원,일일권,,20대,27,1777.03,16.00,72008.47,801
202606,00729,729. 서부식자재마트 건너편,일일권,,40대,4,204.04,1.84,7927.05,99
202606,03009,3009. 홍대입구역 사거리,일일권,M,기타,1,83.20,0.75,3232.23,60
202606,00584,584. 광진광장 교통섬,일일권(비회원),,~10대,1,,,6782.00,40
202606,01381,1381.석계역 4번출구 뒤,일일권,,40대,8,908.43,8.19,35293.14,259
202606,00339,339. 종로4가 사거리,정기권,M,70대이상,19,764.15,6.91,29687.31,240
202606,05870,5870. LG트윈타워 앞,가족권(2시간),F,~10대,9,1932.08,17.40,75061.26,826
202606,02276,2276. 영동1교 (양재천근린공원),정기권,F,30대,109,8997.53,81.45,351131.84,2758
202606,00259,259. 대방역6번출구,일일권(3시간),F,~10대,1,331.79,2.99,12890.00,183
202606,01846,1846. 롯데캐슬골드파크1차 동문,정기권,M,60대,58,5404.15,48.70,212528.63,1297
202606,00819,819. 선린인터넷 고등학교,정기권,M,~10대,11,413.89,3.74,16080.18,161
202606,01128,1128. 화곡역 6번출구,일일권(비회원),,20대,4,750.42,6.77,29153.46,188
202606,01240,1240. 문정 법조단지4,일일권,M,20대,15,1209.90,10.90,47005.22,310
202606,05773,5773. 송파시그니처롯데캐슬,일일권,F,20대,7,1448.36,13.06,80936.72,381
202606,01754,1754. 창동시장입구 사거리,정기권,M,~10대,14,587.64,5.30,22829.84,153
202606,02333,2333. 양재역 3번출구 주변,정기권,F,기타,1,18.60,0.17,722.57,7
202606,00268,268. 그랜드컨벤션센터 앞,정기권,F,30대,271,10071.35,90.71,391274.60,4092
202606,03573,3573.광나루안전체험관,정기권,F,50대,21,974.95,8.80,37876.45,351
202606,02525,2525.반포쇼핑타운 2동 앞,일일권,M,기타,2,178.12,1.61,6919.84,149
202606,01518,1518. 수유2동은행빌딩 앞,일일권,,50대,1,174.17,1.57,6766.44,27
202606,01707,1707. 도봉구민회관,일일권(3시간),,50대,1,377.78,3.40,14676.65,130
202606,01425,1425. 신성미소지움아파트,정기권,F,50대,33,1869.03,16.84,72611.10,651
202606,01540,1540. 가오리역,일일권,M,30대,13,1339.89,12.07,52054.38,297
202606,02810,2810.항동지구 3단지 311동 앞,정기권,F,50대,6,119.78,1.08,4652.84,93
202606,01705,1705. 도봉구청 정문앞,일일권,,50대,6,669.81,6.05,26022.05,193
202606,01287,1287. 위례아이파크 101동 맞은편,일일권,F,~10대,4,334.21,3.01,12984.23,98
202606,04923,4923.수협대치동지점,정기권,,30대,23,1802.41,16.24,70023.69,857
202606,03806,3806. 낙성대 교수아파트,정기권,,40대,12,532.04,4.80,20669.87,319
202606,00933,933. 역촌종합시장 버스정류장(예일여고 방면),일일권(비회원),,40대,1,,,4642.00,50
202606,01020,1020. 강동경찰서,일일권(3시간),M,30대,3,287.67,2.59,11176.02,201
202606,02205,2205. 내곡3단지 어린이공원 앞,정기권,,40대,31,3251.56,29.35,126322.67,536
202606,05320,5320. 국제 스케이트장,일일권,M,20대,5,240.61,2.17,9347.40,77
202606,01850,1850. 코오롱테크노밸리,정기권,F,20대,28,1737.43,15.65,67499.27,573
202606,00123,123. 문화촌 공원,정기권,,50대,111,11474.62,103.43,445788.91,2685
202606,00123,123. 문화촌 공원,정기권,,60대,33,2927.19,26.38,113722.39,1229
202606,00424,424. 롯데하이마트 (상암월드컵점) ,일일권,M,~10대,5,386.89,3.48,15030.53,88
202606,04518,4518. 청기와빌딩,정기권,F,50대,60,2586.50,23.31,100486.65,1246
202606,00123,123. 문화촌 공원,정기권,F,20대,78,12055.98,108.65,468375.30,3010
202606,00123,123. 문화촌 공원,정기권,F,30대,97,16394.48,147.62,636342.41,3722
202606,00574,574. 아차산역4번출구,정기권,,기타,53,3044.98,27.45,118297.76,742
202606,02215,2215. 반포종합운동장 입구,정기권,F,30대,24,1616.31,14.58,62793.74,431
202606,01806,1806. 에이스하이엔드타워9차 앞,정기권,,70대이상,1,83.22,0.75,3233.01,24
202606,02032,2032. 이수역 11번출구쪽,일일권,,40대,4,223.54,2.02,8684.06,59
202606,00123,123. 문화촌 공원,정기권,F,~10대,10,1040.70,9.38,40431.33,205
202606,02230,2230.이수역 4번 출구,일일권,,40대,8,413.37,3.73,16059.68,138
202606,04617,4617. 동원베네스트 건너편,일일권,,40대,3,47.76,0.43,1855.84,32
202606,01232,1232. 잠실주공 521동 건너편,일일권,F,40대,38,1491.76,13.62,61127.82,695
202606,01020,1020. 강동경찰서,일일권(3시간),,30대,1,247.11,2.23,9600.39,164
202606,02108,2108. 은천치안센터,정기권,F,40대,46,1850.68,16.69,71899.15,765
202606,03984,3984. 가산롯데아이티캐슬,일일권,M,30대,51,4094.31,36.89,159064.26,1112
202606,03212,3212.신풍역 6번출구,정기권,M,70대이상,1,39.95,0.36,1552.23,56
202606,00420,420. 서울시 공공자전거 상암센터,정기권,F,50대,38,5370.01,48.66,209708.53,1493
202606,03542,3542. 래미안 구의파크 스위트,일일권,,60대,3,82.12,0.74,3190.36,25
202606,04499,4499. 세양청마루 101동 앞,정기권,F,60대,8,438.28,3.99,17162.17,201
202606,05503,5503. 마포아트센터 앞,일일권,F,20대,19,1315.48,11.84,51107.58,492
202606,05870,5870. LG트윈타워 앞,일일권(비회원),,30대,1,57.14,0.52,2220.00,13
202606,00489,489.구룡근린공원,정기권,F,20대,62,1465.38,13.21,56930.51,476
202606,04815,4815. 중랑데시앙플렉스 앞,정기권,M,20대,25,1460.83,13.17,56753.12,356
202606,00502,502. 자양(뚝섬한강공원)역 1번출구 앞,일일권,F,50대,34,4171.04,38.33,165276.00,1339
202606,01849,1849. 대륭포스트타워5차,일일권,F,50대,1,43.25,0.39,1680.22,50
202606,05751,5751. 송파여성축구장,일일권(3시간),M,30대,1,86.24,0.78,3350.53,17
202606,00736,736. 오솔길공원,정기권,M,50대,131,11547.54,104.05,448624.52,2835
202606,04088,4088. 김근태도서관,정기권,M,~10대,3,191.62,1.73,7444.57,38
202606,06062,6062.서울역파출소,일일권,F,20대,18,1484.91,13.58,61140.75,504
202606,01542,1542. 삼양사거리역,일일권,M,~10대,14,718.00,6.11,26292.82,265
202606,04206,4206. 광흥창역5번출구,일일권,F,40대,6,925.59,8.35,35959.11,238
202606,00641,641. 용두역 4번출구,정기권,,40대,74,5115.69,46.07,198745.65,1358
202606,03797,3797. 마곡수명산파크7단지 710동 앞,일일권,M,50대,2,72.98,0.66,2835.05,17
202606,02164,2164. 관악우체국,정기권,F,20대,70,5955.84,53.97,232500.76,1548
202606,01326,1326. 상월곡역 1번출구,일일권,M,40대,1,135.97,1.23,5282.60,33
202606,01528,1528. 삼각산동 주민센터,일일권,,20대,10,305.78,2.74,11879.34,183
202606,02621,2621. 한성백제역 2번 출구,일일권(비회원),,30대,7,364.38,3.28,14156.56,295
202606,00124,124. 서강대 정문 건너편,일일권(비회원),,40대,3,124.32,1.13,4829.73,65
202606,02373,2373. 개포동역 사거리,일일권,,기타,4,356.95,3.21,13867.75,156
202606,00605,605. 신설동역8번출구,정기권,M,~10대,7,182.83,1.65,7102.86,43
202606,04175,4175. 대방역2번출구,정기권,F,70대이상,1,44.36,0.40,1723.55,118
202606,00391,391. 시립미술관,일일권(비회원),,20대,1,29.34,0.26,1140.00,9
202606,01951,1951. 천왕이펜하우스 4단지 후문,정기권,,30대,3,116.41,1.05,4522.71,28
202606,01388,1388. 돈암초교입구 버스정류장(한성대입구역 방면),일일권,F,20대,25,1600.69,14.58,62981.94,555
202606,03766,3766. 강서문화센터,정기권,M,~10대,25,1100.70,9.95,42761.83,273
202606,01306,1306. 한성대입구역2번출구,일일권,M,60대,2,126.31,1.14,4907.32,45
202606,02303,2303. 논현역 10번출구,정기권,,60대,13,261.37,2.35,10153.56,73
202606,01833,1833. 독산역 1번출구 A,정기권,M,40대,88,3070.58,27.69,122997.47,1209
202606,01137,1137. 등촌2동주민센터,정기권,,30대,53,3058.63,27.53,118827.76,1094
202606,00297,297.국회3문,정기권,,40대,9,923.46,8.32,35876.29,185
202606,01530,1530. 광산사거리,일일권,M,기타,4,84.90,0.77,3298.29,28
202606,00621,621. 전농초등학교 건너편,일일권,,20대,11,662.69,5.99,25746.05,222
202606,03220,3220.래미안에스티움 앞 (신풍로),일일권(3시간),F,20대,1,92.03,0.83,3575.20,164
202606,04117,4117. 휘경119안전센터 앞,정기권,M,50대,17,2610.60,23.51,101325.56,451
202606,06180,6180.양천향교역 3번출구,정기권,M,70대이상,1,7.30,0.07,283.77,3
202606,03774,3774. 마곡9단지 910동 상가앞,일일권,,50대,3,110.20,0.99,4281.14,57
202606,02740,2740.마곡레포츠센터,정기권,,30대,212,7930.28,71.47,308090.70,2244
202606,02172,2172. 나들목공원,일일권,F,20대,15,1316.26,11.85,51136.72,533
202606,04002,4002. 상계주공 14단지 상가 앞,일일권,M,30대,18,828.86,7.46,32200.54,286
202606,02337,2337. 대모산입구역 2번출구 앞,일일권,,50대,1,64.23,0.58,2495.36,26
202606,02720,2720.힐스테이트에코,정기권,F,20대,364,10162.49,91.69,397520.20,4233
202606,02542,2542.신논현타워 앞,일일권,F,30대,13,830.55,7.48,32266.80,364
202606,00339,339. 종로4가 사거리,정기권,,50대,50,2263.74,20.37,87946.87,783
202606,05853,5853. 여의도역2번출구 앞,일일권,,20대,15,1537.23,13.85,59721.11,423
202606,06176,6176. 유광사 여성병원 앞,정기권,F,40대,108,6394.99,57.64,248444.49,2233
202606,04267,4267. 서대문역 2번 출구,정기권,F,30대,32,2066.63,18.20,78419.31,617
202606,04589,4589. KRX한국거래소(1),일일권(비회원),,기타,4,303.17,2.74,11778.10,115
202606,01998,1998. 고척교 교차로,정기권,F,70대이상,1,194.51,1.75,7556.85,53
202606,04918,4918. 매봉역 1번출구,일일권,,50대,1,59.97,0.54,2330.00,24
202606,00864,864.순천향대학병원(한남오거리),일일권(3시간),,20대,1,326.96,2.95,12702.24,68
202606,01821,1821. 홈플러스 시흥점 맞은편 다비치안경 앞,정기권,M,~10대,8,601.59,5.48,23683.72,137
202606,01569,1569.수유역2번출구,일일권,,50대,2,68.04,0.61,2643.20,20
202606,01061,1061. 천호초교 입구 사거리(일주빌딩),일일권,M,40대,7,553.59,4.81,20674.98,129
202606,00126,126. 서강대 후문 옆,일일권,M,50대,1,16.22,0.15,630.20,5
202606,05318,5318. 극동의 푸른별 아파트 뒤(중계4동주민센터 앞),일일권,M,~10대,39,1913.69,17.18,74001.95,711
202606,03967,3967. 혜명양로원 담장 옆(2),일일권,F,50대,3,124.22,1.12,4826.16,88
202606,01474,1474.서울중랑우체국,일일권,,기타,2,171.71,1.55,6671.19,50
202606,00902,902. 진관동 은빛초등학교,정기권,,40대,8,164.40,1.48,6387.31,55
202606,02630,2630.서울방이동 고분군,정기권,,~10대,3,277.90,2.50,10796.26,76
202606,01121,1121. 가양레포츠센터 앞,정기권,,30대,143,9195.78,82.85,357256.47,3594
202606,05859,5859. 여의도 삼부아파트,일일권(비회원),,20대,1,22.90,0.21,889.69,12
202606,00251,251. 서울지방병무청 버스정류장,정기권,,70대이상,1,22.05,0.20,856.70,12
202606,01375,1375. 생명의 전화 종합복지관 앞 교차로,일일권,F,60대,7,120.20,1.10,4669.20,109
202606,02310,2310. 청담동 맥도날드 옆(위치),일일권,,30대,10,1935.17,17.43,75181.16,622
202606,00849,849. 삼각지 자이아파트,일일권,,20대,31,3380.61,30.45,131337.08,1042
202606,02716,2716.롯데 R&D 센터,정기권,,50대,5,282.28,2.54,10966.60,46
202606,00126,126. 서강대 후문 옆,정기권,F,20대,59,3343.97,30.32,132356.88,927
202606,00758,758. 한사랑교회 앞,정기권,F,40대,131,6056.33,54.57,235396.48,2622
202606,00299,299.여의도 순복음교회,일일권(3시간),M,30대,1,324.67,2.93,12613.41,141
202606,02069,2069. 숭실대 입구역3번 출구 앞,일일권,M,40대,2,145.54,1.27,5463.45,74
202606,00465,465. 삼청공원 앞,정기권,M,30대,11,686.53,6.20,26671.64,164
202606,01974,1974. 신도림2차e편한세상아파트 203동 앞,일일권,M,20대,57,4014.08,36.17,155947.40,1205
202606,03134,3134.SK리쳄블(서울아리수본부),일일권,M,50대,2,60.32,0.54,2343.70,66
202606,04509,4509. 서울영상고교 입구,일일권,F,60대,3,129.79,1.17,5042.46,36
202606,00126,126. 서강대 후문 옆,정기권,M,40대,36,1259.53,11.36,48932.59,629
202606,00510,510. 뚝도아리수정수센터 버스정류소 옆,가족권,M,~10대,3,536.20,4.83,20831.27,212
202606,04221,4221. 솔리스타오피스텔(공덕동주민센터),정기권,,20대,78,2566.29,23.17,99699.28,774
202606,00468,468.웨스틴 조선호텔,일일권(비회원),,~10대,1,271.59,2.45,10551.32,57
202606,01293,1293. 석촌호수 서호 사거리,정기권,F,30대,376,17934.53,161.63,696909.39,8621
202606,04940,4940.한강버스 압구정 선착장,일일권(비회원),,50대,9,1625.36,14.65,63145.13,273
202606,04246,4246. 상수역새마을금고,정기권,M,40대,60,8128.85,73.27,315807.28,1760
202606,04247,4247. 서울서부지방법원등기국앞,정기권,M,40대,85,3156.93,28.42,122425.70,1929
202606,02625,2625.가락종합 사회복지관,일일권,F,30대,5,176.93,1.60,6874.06,102
202606,00850,850.KCC용산웰츠(WELLTZ)타워,일일권,,30대,8,834.63,7.53,32425.42,209
202606,00776,776.목마공원,정기권,,기타,4,641.53,5.79,24923.85,162
202606,04625,4625. 용산공원갤러리앞,정기권,M,~10대,4,243.09,2.19,9444.18,56
202606,01426,1426. 면목도시개발아파트 1동 앞,정기권,,30대,16,1006.41,9.08,39098.39,414
202606,01820,1820. 신한은행 시흥대로금융센터지점,일일권,,~10대,1,8.59,0.08,333.59,12
202606,03923,3923. 구로공구상가 앞,일일권(비회원),,20대,1,116.35,1.05,4520.38,25
202606,04884,4884. H비즈니스파크,일일권,,기타,5,727.63,6.56,28269.23,249
202606,01287,1287. 위례아이파크 101동 맞은편,정기권,,40대,13,791.74,7.14,30759.91,224
202606,05892,5892.국회의사당본관 좌측,정기권,M,40대,58,5924.27,53.41,230157.90,1920
202606,00128,128. 신촌역(2호선) 1번출구 옆,일일권,M,30대,22,1223.20,11.02,47521.80,423
202606,02271,2271. 내방역 8번출구 앞,정기권,F,~10대,2,55.39,0.50,2152.00,53
202606,00128,128. 신촌역(2호선) 1번출구 옆,일일권,M,50대,1,58.46,0.53,2271.04,22
202606,03220,3220.래미안에스티움 앞 (신풍로),정기권,M,20대,82,2468.26,22.27,95895.15,1560
202606,04841,4841. 중화수경공원,정기권,M,~10대,49,3442.55,30.62,132005.93,1160
202606,00636,636. 세종대왕기념관 교차로,일일권,M,50대,4,336.07,3.03,13056.51,178
202606,02810,2810.항동지구 3단지 311동 앞,정기권,M,50대,2,141.11,1.27,5482.35,44
202606,04377,4377. 우영테크노센터 앞,일일권,M,50대,10,414.49,3.72,16103.01,138
202606,03130,3130.가재울사거리,일일권,M,40대,19,1982.05,17.72,76404.63,585
202606,03969,3969. 독산역 롯데캐슬 104동 앞,일일권,M,20대,20,1023.13,9.22,40386.67,358
202606,04567,4567. 한림대학교 강남성심병원 신관,일일권(3시간),M,40대,2,45.51,0.41,1768.12,16
202606,00903,903. 은평뉴타운 아이파크,일일권,M,30대,5,271.19,2.45,10535.46,63
202606,04281,4281.명지대사거리,일일권(3시간),F,~10대,1,297.14,2.68,11544.00,140
202606,02628,2628.문정역 1번출구,정기권,F,40대,143,7756.93,70.27,302971.27,2837
202606,01017,1017. 둔촌고교입구 교차로(길동주민센터 방면),일일권,,60대,1,36.99,0.33,1437.20,18
202606,03691,3691. 둔촌역 2번출구,정기권,F,70대이상,7,114.03,1.02,4429.84,35
202606,01969,1969. 궁동생태공원,일일권,,20대,1,112.22,1.01,4359.76,24
202606,02179,2179. 양녕로 입구,일일권,F,20대,32,1989.64,17.95,77297.92,583
202606,04169,4169. 신대방삼거리,일일권,M,40대,12,1440.58,12.83,55284.20,392
202606,00573,573. 구의문주차장 앞,정기권,F,20대,276,12217.87,110.18,474665.42,3157
202606,01224,1224. 아시아지하보도 2번 출구,일일권,F,~10대,5,362.04,3.26,14064.87,162
202606,02247,2247.섬들근린공원,일일권,,30대,14,1257.65,11.35,48859.53,322
202606,02742,2742.강서구민올림픽체육센터,정기권,F,70대이상,13,413.65,3.71,16070.13,141
202606,00259,259. 대방역6번출구,정기권,M,20대,195,10095.93,91.23,393492.59,3381
202606,00447,447. 신영동삼거리,정기권,,60대,2,72.23,0.65,2806.01,13
202606,00322,322. 명동성당 앞,일일권,,30대,12,865.81,7.81,33636.38,338
202606,01173,1173. 강서구청사거리(SH타워),정기권,,20대,268,10023.73,90.30,392283.31,3516
202606,00770,770.목동역5번출구,정기권,,30대,323,13389.17,120.61,521054.13,5161
202606,03129,3129.DMC래미안e편한세상203동옆,정기권,F,30대,28,1272.84,11.44,49450.09,644
202606,02621,2621. 한성백제역 2번 출구,정기권,M,20대,163,9087.99,81.89,352690.20,3136
202606,02618,2618. 삼전역 1번출구,일일권,F,40대,9,572.43,5.17,22262.98,359
202606,02729,2729.넥센 유니버시티 앞,정기권,,60대,2,16.65,0.15,646.85,5
202606,01707,1707. 도봉구민회관,정기권,F,60대,47,1525.30,13.76,59256.66,563
202606,04062,4062. 평화도봉공원 주변,정기권,F,60대,17,2237.10,20.14,86910.67,557
202606,02826,2826.가마산지하보도 옆,일일권,,20대,9,948.69,8.56,36856.76,346
202606,01957,1957. 구일고등학교 정문 ,일일권,F,30대,12,575.54,5.18,22359.87,193
202606,00518,518. 청계천 박물관 앞,일일권,,30대,8,1198.97,10.81,46580.20,258
202606,02389,2389. 경기여자고등학교 후문 (삼성로3길 입구),일일권,M,20대,14,1753.03,15.55,66981.61,381
202606,02405,2405. 청담공원앞 교차로,정기권,,70대이상,5,110.78,1.00,4304.10,53
202606,04944,4944.젠빌딩,정기권,F,40대,40,1550.38,13.96,60230.89,614
202606,02329,2329. 르네상스호텔사거리 역삼지하보도 2번출구,정기권,F,30대,39,2614.84,23.55,101585.99,934
202606,05877,5877. 문래동 꽃밭정원,정기권,M,기타,2,33.96,0.30,1319.24,18
202606,00493,493.홍대입구역 6번출구,일일권,F,50대,1,45.62,0.41,1772.24,13
202606,03529,3529. 어린이대공원정문,일일권,M,50대,1,97.49,0.88,3787.64,32
202606,03206,3206.문래동 주민센터,정기권,F,50대,51,2650.19,23.91,103500.69,858
202606,04316,4316. 고속터미널역 3번출구,일일권,F,30대,15,942.90,8.50,36631.28,471
202606,00411,411. DMC홍보관,정기권,,60대,5,774.61,6.98,30093.33,246
202606,01720,1720. 도봉구청 옆(중랑천변),정기권,,20대,69,9846.51,88.73,384700.38,2025
202606,03516,3516. 구의아리수정수센터앞,일일권,M,60대,1,24.12,0.22,937.11,5
202606,04569,4569. 힐스테이트클래시안아파트,일일권(3시간),M,~10대,1,620.29,5.59,24098.13,131
202606,03760,3760. 발산역 8번 출구,정기권,F,기타,4,157.78,1.42,6129.89,40
202606,00494,494.신수동주민센터,정기권,M,30대,33,2844.55,25.65,110511.09,963
202606,02214,2214. 신반포역 2번출구 앞,일일권(비회원),,20대,9,1360.44,12.26,52853.21,552
202606,01151,1151. 마곡역1번출구,일일권,F,30대,41,1838.09,16.58,71411.18,950
202606,04775,4775. 을지로지하쇼핑센터,일일권,,50대,2,22.62,0.20,879.15,10
202606,01758,1758.솔밭공원역 1번출구 주변,일일권(3시간),M,30대,1,166.08,1.50,6452.40,42
202606,02411,2411. 세곡동 성당,일일권(3시간),M,60대,1,84.77,0.76,3293.20,126
202606,04460,4460. 올림픽훼미리아파트 112동 앞,정기권,,60대,20,1163.87,10.50,45703.17,643
202606,00907,907. CJ 드림시티,정기권,M,40대,307,22596.34,202.97,876147.11,6084
202606,03894,3894. 노룬산시장 앞,일일권,M,60대,2,66.48,0.60,2582.80,22
202606,03649,3649. 구룡역 5번 출구,일일권,F,40대,3,330.75,2.98,12849.51,79
202606,03523,3523. 건국대학교 과학관(이과대) 앞,정기권,,20대,109,3837.30,34.58,149080.36,1535
202606,05515,5515.한강버스 망원 선착장,일일권(3시간),M,~10대,10,2299.23,20.65,89031.44,803
202606,04860,4860. 가락쌍용2차아파트 103동,정기권,F,40대,34,2559.00,23.07,99416.85,901
202606,02340,2340. 삼호물산버스정류장(23370) 옆,정기권,M,30대,393,24311.32,217.66,938287.19,8403
202606,03665,3665. 고덕센트럴 아이파크상가 앞,정기권,,~10대,1,57.81,0.52,2245.80,41
202606,01602,1602. 광운대역 앞,정기권,F,40대,55,2535.63,22.84,101115.05,776
202606,02033,2033. 사당동 아르테스 웨딩앞,정기권,F,50대,18,659.54,5.94,27616.50,315
202606,00809,809. 한남 유수지 복개주차장,일일권(비회원 3시간),,기타,2,189.75,1.71,7371.72,121
202606,03816,3816. 관악 GSfresh,정기권,M,40대,67,2020.24,18.25,78486.60,1147
202606,03774,3774. 마곡9단지 910동 상가앞,일일권,F,20대,25,1025.12,9.23,39824.85,329
202606,03657,3657. 서울천호동우체국,일일권(비회원),,기타,10,495.32,4.47,32278.83,243
202606,02920,2920.상계중학교(당현2교사거리),정기권,M,20대,85,3436.26,30.91,134007.02,1165
202606,00420,420. 서울시 공공자전거 상암센터,일일권,M,~10대,31,5001.67,44.43,191507.18,1585
202606,00130,130. 신촌역(2호선) 7번출구 앞,일일권,,40대,4,116.47,1.05,4524.86,35
202606,03511,3511. 응봉역 1번출구,정기권,F,40대,178,22397.09,201.78,873912.32,6382
202606,01741,1741. 제일강산수산입구,일일권,F,50대,6,645.70,5.82,25085.80,154
202606,00491,491.월드컵파크 4단지,일일권,M,~10대,6,342.77,2.79,11993.79,86
202606,02603,2603. 송파 글마루 도서관,정기권,,20대,57,1818.65,16.37,71290.36,833
202606,00130,130. 신촌역(2호선) 7번출구 앞,일일권,F,30대,32,2981.61,26.87,115836.02,1066
202606,00671,671.대광빌딩,정기권,M,70대이상,2,91.82,0.83,3567.35,30
202606,04671,4671. 청구성심병원 앞,일일권,F,50대,2,120.26,1.08,4672.00,23
202606,01418,1418. 새솔초등학교,정기권,M,60대,3,495.29,4.46,19241.93,105
202606,01735,"1735. 도봉역 1,2번 출구사이 건너편",일일권,,20대,6,369.32,3.32,14347.74,116
202606,01601,1601. 석계역 문화광장 내 자전거 보관소,정기권,F,60대,9,510.85,4.60,19846.21,459
202606,02255,2255. 양재시민의숲역 1번출구,정기권,M,30대,312,17061.65,153.25,660601.69,4418
202606,00757,757. 신정이펜하우스 1단지아파트 입구 사거리,정기권,M,30대,6,685.09,6.18,26615.55,136
202606,06061,6061.충무아트센터,정기권,F,~10대,3,63.87,0.57,2481.31,14
202606,03615,3615. 서울 논현동우체국 앞,정기권,,20대,20,2098.60,18.91,81529.91,528
202606,03612,3612. 은곡마을,일일권,F,20대,5,251.06,2.26,9754.23,102
202606,01103,1103. 방화역 4번출구앞,일일권,M,~10대,86,4374.33,39.39,169942.65,1440
202606,01474,1474.서울중랑우체국,정기권,M,50대,27,1122.85,10.15,43622.99,377
202606,04791,4791. 명동역9번 출구,일일권(비회원),,20대,1,89.11,0.80,3461.84,22
202606,01709,1709. 쌍문역4번출구 주변,일일권(3시간),F,40대,1,336.53,3.03,13074.31,103
202606,03918,3918. 이좋은집오피스텔 앞,정기권,,50대,18,1214.48,10.94,47183.45,511
202606,00582,582. 경일중학교 앞,일일권(비회원),,40대,2,590.80,5.32,22952.69,107
202606,04797,4797. KG타워 앞,정기권,,40대,91,2963.66,26.73,117847.89,1725
202606,04860,4860. 가락쌍용2차아파트 103동,일일권,F,20대,12,757.84,6.92,29860.35,287
202606,03573,3573.광나루안전체험관,일일권,M,30대,61,3970.68,35.76,154261.52,1485
202606,01831,1831. 한국전력 구로금천지사 앞,정기권,,40대,8,263.98,2.39,10256.09,117
202606,02313,2313. 금원빌딩 앞,일일권,F,40대,7,1154.85,10.42,44865.91,299
202606,04926,4926. 대치우성아파트 사거리,가족권(2시간),F,~10대,2,17.45,0.16,678.07,36
202606,02648,2648.헬리오시티 112동 앞,일일권,F,30대,15,880.46,7.92,34206.54,406
202606,01657,1657. 노원구청 ,가족권,,~10대,1,88.83,0.80,3450.98,19
202606,04594,4594. 양평교 영등포대여소,정기권,F,60대,38,3324.92,29.98,129172.74,1886
202606,00818,818. 숙명여대 입구 교차로,정기권,M,20대,182,8921.15,80.30,348910.04,2565
202606,01988,1988. 고척LIGA아파트 앞,일일권(3시간),M,~10대,1,372.77,4.20,18102.75,113
202606,00624,624. 전농동 동아아파트 앞,정기권,M,~10대,19,625.15,5.64,24288.20,260
202606,02540,2540.반포천 앞,일일권(3시간),M,40대,2,436.75,3.93,16968.04,198
202606,02342,2342. 대청역 1번출구  뒤,일일권,F,20대,16,1224.41,11.03,47568.16,383
202606,03937,3937. 개봉역 신영지웰에스테이트,일일권(비회원),,기타,1,212.53,1.92,8256.64,48
202606,01347,1347. 길음래미안아파트817동 상가 앞,정기권,F,30대,7,54.64,0.51,2123.11,91
202606,00408,408. LG CNS앞,정기권,,50대,11,394.69,3.56,15334.03,107
202606,02650,2650.위례22단지 2208동 다리앞,일일권,,40대,11,578.41,5.22,22470.95,224
202606,04916,4916. 청담역 1번출구,일일권,,20대,5,620.69,5.58,24113.53,153
202606,00130,130. 신촌역(2호선) 7번출구 앞,정기권,M,50대,142,8206.85,71.42,307856.70,3458
202606,01693,1693. 원자력 병원,일일권,,30대,5,208.12,1.88,8085.87,53
202606,05881,5881. 세계청소년NGO교육문화원,정기권,F,30대,159,5948.95,53.57,231459.95,2578
202606,03680,3680. 강동역3번출구,정기권,F,50대,86,3465.70,31.31,135189.43,2067
202606,02920,2920.상계중학교(당현2교사거리),정기권,,40대,47,1978.58,17.83,76867.78,722
202606,02294,2294. 두상빌딩 앞,정기권,M,60대,77,5400.69,49.11,211594.15,2060
202606,03975,3975.현대시티아울렛 가산,일일권(비회원),,20대,4,144.66,1.31,5619.91,58
202606,03431,3431.로제우스 레포츠센터,일일권,F,20대,1,109.36,0.99,4248.71,26
202606,00925,925. 불광역 2번출구,정기권,,50대,24,1633.36,14.73,63455.77,519
202606,01287,1287. 위례아이파크 101동 맞은편,일일권(3시간),F,~10대,1,51.32,0.46,1993.81,13
202606,02066,2066. 양문교회 앞,정기권,M,~10대,12,669.80,6.01,25924.55,128
202606,01674,1674. 서울북부고용센터앞,정기권,F,~10대,54,1230.41,11.08,47802.10,357
202606,01028,1028. 포레스 주상복합 빌딩,정기권,M,60대,55,1933.47,17.44,75575.18,1799
202606,01515,1515. 송천동 주민센터,일일권,,20대,10,751.66,6.79,29202.16,304
202606,04627,4627. 효창공원앞역 5번출구 옆,정기권,M,60대,4,412.91,3.73,16041.25,229
202606,03757,3757. 신방화역 6번출구,정기권,F,기타,5,101.27,0.92,3934.13,24
202606,04565,4565. 영등포 신세계백화점,일일권,,50대,5,225.41,2.04,8757.69,66
202606,05153,5153.한강버스 뚝섬 선착장,일일권(3시간),,20대,11,2404.16,21.66,93401.92,712
202606,02920,2920.상계중학교(당현2교사거리),정기권,,60대,7,832.43,7.51,32339.43,273
202606,05084,5084. 강서우체국,일일권,F,40대,8,274.30,2.47,10656.96,49
202606,02082,2082.7호선 이수역7번출구,정기권,,50대,5,75.81,0.68,2945.12,38
202606,00405,405. DMC빌 앞,정기권,F,60대,9,963.35,8.68,37426.17,283
202606,01367,1367. 길음문화복합미디어센터,정기권,M,30대,84,4419.94,39.06,168334.90,1257
202606,00995,995.은평다목적체육관,일일권,,기타,1,45.82,0.41,1780.00,8
202606,01011,1011. LIGA 아파트 앞,정기권,F,50대,72,4650.70,41.92,180680.50,2316
202606,05086,5086. 가양테크노타운,정기권,F,20대,50,4744.79,42.75,188668.12,1321
202606,01473,1473.중랑역 1번 출구(중화문화복지센터),정기권,M,60대,13,726.58,6.55,28227.70,416
202606,01470,1470.중화동 우리은행 앞,일일권,F,70대이상,1,37.47,0.34,1455.72,56
202606,00354,354. 포르투갈 대사관 앞,정기권,,30대,45,1732.05,15.61,67290.50,838
202606,04162,4162. 노량진1동 청소년독서실,정기권,F,40대,11,1070.27,9.64,41580.14,397
202606,00811,811. 녹사평역1번출구,일일권(3시간),M,30대,1,262.22,2.36,10187.26,69
202606,04774,4774. 을지로입구역 8번출구,가족권,,~10대,1,91.89,0.83,3570.00,34
202606,04091,4091. 방학역2번출구,정기권,,기타,17,759.80,6.84,29518.31,327
202606,00435,435. SK 남산빌딩,일일권,,50대,3,113.56,1.02,4412.01,28
202606,02537,2537.양재역 8번출구 앞,일일권(비회원),,기타,9,425.28,3.85,16522.14,148
202606,00305,305. 종로구청 옆,정기권,,50대,48,3012.16,27.15,117022.85,1149
202606,02078,2078.흑석 아크로리버하임(103동),정기권,M,60대,3,333.47,3.00,12955.20,80
202606,02102,2102. 봉림교 교통섬,가족권,,~10대,1,65.74,0.59,2553.83,24
202606,01343,1343. 한성대7번출구 앞,정기권,M,40대,48,2257.29,20.29,87694.13,977
202606,00131,131. 증산2교,정기권,,20대,146,15806.88,142.44,614613.17,3253
202606,02217,2217.아크로리버뷰 부지 앞,일일권,M,30대,110,17962.77,159.43,687050.81,4493
202606,01438,1438. 홈플러스 신내점 앞,가족권(2시간),F,~10대,1,288.64,2.60,11213.53,119
202606,00827,827. 국군복지단,일일권,,40대,1,55.10,0.50,2140.48,11
202606,04373,4373. 서울숲 지식산업센터,일일권(3시간),F,20대,1,365.23,3.29,14189.03,142
202606,04058,4058. 다락원체육공원 전망대 입구,일일권,F,20대,14,2007.65,18.25,78571.62,484
202606,01126,1126. 우장산역 1번출구옆(우장산아이파크105동앞),일일권,M,30대,21,1009.32,9.09,39212.52,291
202606,01981,1981. 천왕지구삼거리 앞,일일권,M,~10대,35,2851.64,25.58,110294.35,1809
202606,05894,5894.영등포세무서,일일권,F,20대,17,1454.65,13.10,56513.73,480
202606,01727,1727. 서울도봉초등학교인근,일일권,F,40대,8,1135.29,10.41,44833.82,363
202606,00131,131. 증산2교,정기권,F,50대,107,8110.19,73.08,315077.81,2743
202606,04604,4604. 원효로다목적체육관 앞,정기권,M,30대,81,3346.18,30.14,130989.16,1174
202606,01914,1914. 대림역4번출구,가족권(2시간),M,~10대,1,178.38,1.61,6930.00,34
202606,02083,2083.흑석롯데캐슬에듀포레(107동),정기권,,30대,40,1797.75,16.22,72343.57,567
202606,01126,1126. 우장산역 1번출구옆(우장산아이파크105동앞),일일권(3시간),M,40대,1,437.85,3.95,17010.39,159
202606,01611,1611. 과기대 입구(우),일일권(3시간),F,30대,1,502.96,4.53,19540.00,147
202606,00131,131. 증산2교,정기권,M,40대,93,9455.59,85.23,371604.23,2836
202606,04273,4273. 홍연2교 사거리,일일권(3시간),F,20대,1,452.25,4.08,17570.00,97
202606,02501,2501. 서초 포레스타5단지,일일권,,30대,3,334.53,3.01,12996.18,79
202606,01360,1360. 정릉역,정기권,M,20대,69,2612.63,23.51,101501.79,1276
202606,01911,1911. 구로디지털단지역 앞,일일권(3시간),M,20대,2,1686.85,15.21,65534.09,388
202606,00239,239. 유스호스텔 앞,정기권,,50대,20,893.66,8.06,34718.99,357
202606,00332,332. 을지로2가 사거리 남측,일일권,F,30대,13,969.85,8.75,37678.54,259
202606,03636,3636. 삼성중앙역·플래티넘아파트 정류소,정기권,M,30대,57,4244.68,38.27,164907.28,1604
202606,01692,1692. 온곡초교 교차로,일일권(비회원),,40대,3,590.16,5.32,22927.68,123
202606,01472,1472.영성빌딩(PAT),정기권,,50대,11,438.82,3.93,17047.78,116
202606,03006,3006. 상암월드컵파크5단지(상암중학교),일일권,,50대,4,536.28,4.83,20834.69,123
202606,00825,825. 서빙고동 주민센터 앞,가족권(2시간),M,~10대,2,1017.64,9.17,39535.29,247
202606,00606,606. 서울반도체고 앞,정기권,M,20대,16,1455.52,13.11,57592.11,559
202606,04829,4829. 신내동 한살림 중랑지구 건너편,일일권,M,20대,11,457.57,4.12,17776.31,168
202606,02383,2383. 보금자리정원,정기권,,20대,4,284.31,2.56,11045.31,177
202606,01153,"1153. 발산역 1번, 9번 인근 대여소",일일권,M,50대,32,1667.17,14.98,64647.31,493
202606,04690,4690.은평뉴타운폭포동 힐스테이트4단지,정기권,F,70대이상,4,192.28,1.73,7469.78,39
202606,02521,2521.서초 크로바타워 앞,일일권,M,60대,3,161.56,1.46,6276.75,107
202606,01461,1461.동양엔파트 앞,일일권,M,20대,42,2847.48,26.44,113981.53,882
202606,04028,4028. 한일유앤아이아파트 105동 인근,일일권,F,30대,15,811.99,7.32,31545.83,304
202606,00850,850.KCC용산웰츠(WELLTZ)타워,일일권,M,30대,23,2058.24,18.54,79962.65,841
202606,02186,2186. 낙성대입구삼거리,정기권,F,20대,61,1239.20,11.16,49078.31,399
202606,02643,2643.풍납중학교 측면,정기권,,기타,6,288.66,2.61,11214.66,62
202606,03211,3211.신길 래미안 프레비뉴,정기권,,60대,24,831.76,7.51,32314.44,257
202606,04892,4892. 성내유수지 체육공원,일일권(비회원),,20대,2,168.11,1.52,6531.09,37
202606,06190,6190.마곡광장(마곡나루역 6번출구),일일권,,30대,27,744.21,6.71,28912.63,319
202606,04107,4107. 장안동근린공원 입구,정기권,F,~10대,8,318.19,2.87,12362.02,138
202606,04121,4121. 서울문화재단 앞,일일권,M,40대,16,1288.83,10.76,46409.34,369
202606,00816,816. 신용산역 6번출구 앞,정기권,M,70대이상,4,129.92,1.16,5047.18,56
202606,03627,3627. 압구정나들목,정기권,M,60대,23,3682.86,33.18,143079.14,730
202606,05341,5341.공릉동효성아파트 앞,일일권,,기타,5,96.63,0.87,3753.91,113
202606,00133,133. 해담는다리,일일권(3시간),M,30대,1,526.13,4.74,20440.00,81
202606,04903,4903. 신사스퀘어,가족권(2시간),M,~10대,2,353.23,3.18,13723.16,70
202606,05333,5333. 노원역9번-10번 출구 앞,일일권,,50대,2,114.38,1.03,4443.71,46
202606,00664,664. 서울시립대 건설공학관,정기권,M,~10대,17,614.41,5.52,23834.65,206
202606,00568,568. 청계8가 사거리 B,정기권,M,~10대,16,1115.59,10.04,45585.19,547
202606,04852,4852. 서울복합물류 게이트 1,정기권,M,50대,191,13202.56,119.05,512919.36,3474
202606,03975,3975.현대시티아울렛 가산,일일권,M,30대,61,3347.93,29.96,130820.64,1073
202606,01226,1226. 잠실4동 주민센터 옆,정기권,F,20대,184,8244.31,74.32,321171.64,3811
202606,04804,4804. 동서울농협 앞,일일권,,기타,2,91.39,0.83,3550.71,28
202606,00133,133. 해담는다리,정기권,,40대,26,2077.03,18.70,80693.38,680
202606,00419,419. 홈플러스 마포점 앞,일일권,F,20대,129,11076.42,100.20,431852.32,3964
202606,00948,948. 디지털미디어 시티역 4번출구(DMC역),정기권,,50대,11,477.99,4.30,18569.71,287
202606,01352,1352. e 편한세상 보문아파트 내,정기권,,30대,31,1346.32,12.15,52304.62,397
202606,00860,860.LG한강 자이아파트 앞,일일권,,30대,24,1752.53,15.80,68085.44,535
202606,01375,1375. 생명의 전화 종합복지관 앞 교차로,일일권,F,20대,17,1727.33,15.70,67693.86,629
202606,03774,3774. 마곡9단지 910동 상가앞,정기권,M,40대,338,11104.41,100.06,434647.12,5893
202606,03676,3676. 강동리엔파크9단지,일일권,M,30대,11,876.25,7.90,34042.94,417
202606,00308,308. 광화문 S타워 앞,정기권,F,20대,97,3183.66,28.78,123906.71,1181
202606,01184,1184. 마곡13단지,일일권,,40대,3,166.07,1.49,6451.54,74
202606,01625,1625. 상계역 3번출구,정기권,F,60대,86,5227.81,47.10,204581.67,2474
202606,02423,2423.영희초교 사거리(래미안개포루체하임),정기권,F,~10대,3,166.26,1.50,6459.22,47
202606,05091,5091. 보타닉파크타워2,정기권,F,50대,32,931.36,8.37,36182.75,479
202606,01379,1379.길음뉴타운푸르지오아파트 3단지,일일권,F,~10대,1,28.06,0.25,1090.11,14
202606,00133,133. 해담는다리,정기권,M,30대,131,20545.68,185.17,801406.02,4537
202606,02257,2257. 청계산 입구 삼거리,정기권,M,20대,3,196.26,1.77,7624.75,40
202606,04573,4573. 두산위브아파트,정기권,F,50대,16,283.39,2.54,11009.55,85
202606,02250,2250. 서초유치원 맞은편,일일권,,20대,3,802.56,7.24,31179.82,236
202606,02130,2130. 영어마을 관악캠프,정기권,M,20대,7,245.67,1.90,8235.66,54
202606,03912,3912. 삼호아파트 앞,정기권,M,30대,93,4949.86,43.75,189510.30,3859
202606,02038,2038. 동작역 7번출구,일일권,,기타,14,2735.46,24.64,106271.77,1074
202606,02731,2731.명덕고교,정기권,,~10대,6,130.73,1.18,5079.00,45
202606,02398,2398. 더라움,일일권,,50대,2,491.31,4.43,19087.31,97
202606,02227,2227.방배열린문화센터 앞,정기권,F,70대이상,10,562.01,5.07,21834.18,238
202606,04954,4954. 신명초등학교 건너편,정기권,,30대,121,4237.91,38.22,165450.99,2846
202606,00759,759. 보아스아파트 앞,정기권,,60대,2,181.18,1.63,7039.00,121
202606,01302,1302. 한성대입구역6번출구 뒤,정기권,F,~10대,8,417.77,3.76,16230.51,108
202606,03899,3899. 아차산역 2번출구,정기권,,30대,136,8864.66,79.86,344394.05,2186
202606,05301,5301. 상계주공1단지 버스정류장 옆(대원빌딩 앞),일일권(비회원),,20대,3,106.69,0.96,4144.79,34
202606,05090,5090. 대상연구소,정기권,M,70대이상,4,68.41,0.63,2658.17,25
202606,01297,1297. 석촌호수교차로(동호 팔각정 앞),일일권,M,30대,114,7840.52,70.34,303280.86,2774
202606,05764,5764. 한국체육대학교,일일권(비회원),,기타,15,1273.19,11.48,49463.25,747
202606,02360,2360. 도곡1동 주민센터 교차로,일일권,F,30대,8,885.02,7.98,34382.84,279
202606,00134,134. 연세로 명물길,일일권,M,~10대,9,803.43,7.24,31213.69,264
202606,05078,5078. 왈도강서캠퍼스 앞,정기권,,50대,27,964.77,8.72,39103.13,426
202606,04677,4677. 백련산 SK뷰 아이파크 해모로 아파트 앞,일일권(비회원),,40대,1,180.97,1.63,7030.84,128
202606,00381,381. 장충체육관,정기권,F,30대,8,599.43,5.43,23379.82,247
202606,04002,4002. 상계주공 14단지 상가 앞,정기권,M,40대,56,2120.76,19.13,82389.72,802
202606,04011,4011. 월계 센트럴 아이파크,정기권,,20대,82,5576.45,50.26,220262.71,1629
202606,06055,6055. 한국경제,일일권(3시간),M,30대,1,24.71,0.22,960.00,9
202606,01199,1199. 우장산역 3번출구,정기권,,40대,25,1131.56,10.23,43961.46,432
202606,00708,708. 서울출입국관리사무소 앞,정기권,,기타,57,1522.67,13.77,61535.49,517
202606,00452,452. 동대문 종합시장 버스정류장,일일권(비회원),,기타,9,321.38,2.90,12485.77,225
202606,03203,3203.도림동배드민턴체육관,일일권,M,~10대,16,1417.61,12.79,55074.08,328
202606,00915,915. 증산역 4번출구,일일권(3시간),F,30대,1,37.22,0.34,1445.91,10
202606,05508,5508. 성산유수지공원,정기권,M,20대,74,5946.84,52.29,227696.44,1570
202606,01327,1327. 상월곡역 3번출구,일일권,F,40대,14,620.30,5.59,24098.63,312
202606,00134,134. 연세로 명물길,정기권,F,50대,20,922.12,8.32,35825.12,297
202606,00134,134. 연세로 명물길,정기권,F,60대,2,92.03,0.83,3575.59,51
202606,03642,3642. 강남자곡힐스테이트,일일권,F,30대,9,503.19,4.54,19548.53,117
202606,03551,3551.성동도로사업소,일일권,M,50대,8,431.30,3.74,16102.55,113
202606,04868,4868. 석촌호수 서호 남단,정기권,M,40대,312,13802.26,124.36,545191.97,6098
202606,00539,539. 군자교교차로,정기권,,70대이상,2,147.83,1.34,5743.27,32
202606,01771,1771.성원APT버스정류소,정기권,M,30대,30,1305.79,11.78,52188.76,572
202606,00731,731. 서울시 도로환경관리센터,정기권,F,~10대,54,1827.65,16.63,71661.33,553
202606,03545,3545.한양대역 1번출구,정기권,F,20대,51,3668.83,33.06,142534.27,1014
202606,00791,791.현대하이페리온,일일권(비회원),F,30대,1,37.59,0.34,1460.40,8
202606,00592,592. 건국대학교 학생회관,일일권,M,~10대,40,3413.47,30.28,130570.61,1080
202606,02109,2109. 은천로입구 가로공원,정기권,F,~10대,12,669.14,6.02,25996.62,146
202606,01010,1010. 강동세무서,일일권(3시간),M,60대,1,66.37,0.60,2578.67,17
202606,04397,4397. 마장축산물시장 북문 건너편,정기권,,50대,40,5968.29,53.80,231868.66,1274
202606,04965,4965.고덕비즈밸리 쿠쿠강동빌딩,일일권,M,40대,25,1624.94,14.26,61443.05,582
202606,00464,464. 삼청동 골목,정기권,,30대,74,4281.27,36.90,159222.85,1089
202606,04277,4277. 서대문우체국 정류소 옆,정기권,F,30대,21,1360.89,13.03,56109.67,375
202606,03533,3533. 건대입구역 사거리(롯데백화점),일일권,F,60대,4,182.10,1.65,7074.77,101
202606,03550,3550.금호나들목,정기권,F,40대,24,2917.19,26.29,113288.32,689
202606,01204,1204. 거여역 3번출구,일일권(비회원),,40대,1,47.60,0.43,1849.35,13
202606,04044,4044. 공릉산 백세문 입구,정기권,,50대,2,144.12,1.30,5598.98,52
202606,05872,5872. 서경팰리스 앞,일일권(3시간),,30대,2,989.83,8.92,38454.83,261
202606,00606,606. 서울반도체고 앞,일일권,F,40대,5,542.38,4.88,21071.20,317
202606,02033,2033. 사당동 아르테스 웨딩앞,정기권,,40대,17,396.35,3.59,15398.10,312
202606,01686,1686. 상계주공10단지 종합상가 앞,일일권,,40대,10,792.53,7.14,30790.39,364
202606,04953,4953. 세양청마루아파트 앞,정기권,,20대,86,4105.63,37.00,159503.92,1213
202606,02808,2808.항동지구 2단지 202동 앞,일일권,M,30대,2,31.92,0.29,1240.00,87
202606,02210,2210. 반포1동 주민센터 앞,정기권,,60대,1,16.10,0.15,625.41,9
202606,02419,"2419.봉은사역 1,2번 출구 ",정기권,,60대,3,294.58,2.65,11444.45,86
202606,05330,5330. 구립수락노인종합복지관,정기권,F,20대,26,730.38,6.55,28375.92,285
202606,00435,435. SK 남산빌딩,정기권,F,20대,5,916.66,8.26,35611.78,217
202606,01771,1771.성원APT버스정류소,일일권,,60대,2,746.27,6.73,28992.63,139
202606,00851,851.효창 푸르지오 앞,정기권,,50대,15,1869.76,16.89,72640.05,498
202606,02348,2348. 포스코사거리(기업은행),일일권,,40대,6,720.65,6.51,27997.16,204
202606,04765,4765. 동대문디자인플라자,일일권,,60대,1,98.70,0.89,3834.48,22
202606,00267,267. 삼성화재 사옥 옆,정기권,F,20대,113,7366.04,67.44,290321.31,2328
202606,00841,841. 신용산역 1번 출구,정기권,F,50대,28,918.38,8.27,35679.57,295
202606,01662,1662. 노원역7번출구,일일권(3시간),M,20대,2,336.67,3.04,13079.89,124
202606,04870,4870. 몽촌토성역 3번 출구,정기권,F,40대,259,13950.84,126.58,545823.63,6209
202606,00489,489.구룡근린공원,일일권(비회원 3시간),,기타,1,280.00,2.52,10878.08,108
202606,01901,1901. 신도림동주민센터 앞,일일권(3시간),M,~10대,6,1003.89,8.80,37920.83,415
202606,01009,1009. 천호역4번출구(현대백화점),일일권(3시간),,20대,3,670.63,6.05,26054.18,285
202606,04652,4652. 신사두산위브2차아파트 앞,일일권(비회원),,기타,3,265.05,2.39,10297.00,127
202606,00135,135. 명물길 원형무대 앞,정기권,M,50대,28,867.77,7.82,33713.28,397
202606,05890,5890.여의나루역 3번출구,일일권(3시간),,20대,3,526.93,4.75,20471.35,380
202606,04896,4896. 송파레이크힐,일일권,F,40대,3,138.64,1.24,5386.43,80
202606,00400,400. 상암한화오벨리스크 1차 앞,정기권,F,40대,26,1596.57,14.39,62026.71,497
202606,01262,1262. 송파여성문화회관 앞,일일권,M,~10대,7,322.14,2.91,12515.46,123
202606,04045,4045. 은하수 공원,일일권(비회원),,기타,7,528.32,4.76,20525.61,142
202606,02611,2611. 송파지역자활센터 뒤,정기권,,70대이상,1,14.39,0.13,558.88,4
202606,01548,1548. 북서울 꿈의숲 서문,정기권,F,50대,19,986.78,8.86,38337.04,749
202606,03544,3544.한양대역 3번 출구,정기권,F,70대이상,7,1898.20,17.11,73745.52,318
202606,00267,267. 삼성화재 사옥 옆,일일권,,30대,38,4460.58,40.20,177468.96,1227
202606,04058,4058. 다락원체육공원 전망대 입구,일일권,F,40대,4,727.06,7.02,30269.17,234
202606,00569,569. 응봉현대아파트 정류소,일일권,,40대,1,180.41,1.63,7008.86,39
202606,01300,1300. 오륜사거리,정기권,,60대,12,439.38,3.97,17070.24,173
202606,00137,137. 신촌기차역입구 교차로,일일권,M,20대,26,2003.73,18.05,77804.50,541
202606,04370,4370. 성동교 사거리,일일권(3시간),M,20대,1,51.90,0.47,2016.43,12
202606,01180,1180. 마곡엠밸리 15단지(1502동) 건너편,일일권(비회원),,기타,5,242.38,2.19,9416.08,140
202606,00297,297.국회3문,일일권,M,20대,3,601.16,5.42,23355.00,95
202606,01765,1765.쌍문역 1번출구 주변,정기권,F,20대,76,2991.02,26.96,116200.41,1268
202606,01201,1201. 가락시장역 3번 출구,정기권,F,기타,1,50.23,0.45,1951.37,48
202606,01235,1235. 잠실트리지움310동 옆,정기권,,50대,76,3789.24,34.15,149553.04,2723
202606,00354,354. 포르투갈 대사관 앞,일일권,F,40대,4,130.91,1.18,5085.79,278
202606,00137,137. 신촌기차역입구 교차로,일일권(비회원),,기타,7,800.27,7.21,31090.23,339
202606,05329,5329. 상계주공15단지 1509동 앞,일일권(3시간),M,20대,1,618.71,5.58,24036.95,178
202606,03558,3558.마장동 금호어울림APT앞,일일권,,기타,5,404.64,3.64,15720.07,158
202606,01268,1268. 몽촌토성역 1번출구 옆,일일권,F,~10대,14,1049.77,9.54,42734.88,411
202606,05851,5851. 도림천 건널목 위,정기권,F,~10대,4,547.45,4.69,20182.26,141
202606,04114,4114. 휘경여중고삼거리,일일권(3시간),F,50대,1,102.97,0.93,4000.56,148
202606,04312,4312. 반포미도2차아파트 옆,정기권,,30대,49,2040.07,18.41,79256.22,1116
202606,01455,1455. 상봉역 2번 출구,일일권,F,기타,1,8.19,0.07,318.07,2
202606,04825,4825. 신내동 벽산아파트 후문 앞,정기권,M,20대,80,3485.78,31.38,135424.57,824
202606,00514,514. 성수사거리 버스정류장 앞,일일권(3시간),F,30대,1,267.14,2.41,10378.29,226
202606,01608,1608. 공릉역 1번 출구 앞,일일권,M,50대,17,759.08,6.85,29490.77,240
202606,04556,4556. 리버뷰신안인스빌1차 후문,일일권,M,20대,24,869.24,7.83,33771.78,281
202606,00768,768.목동5단지아파트 501동,가족권,M,~10대,4,323.22,2.91,12557.19,106
202606,04791,4791. 명동역9번 출구,일일권,M,50대,4,311.59,2.77,11960.12,105
202606,00708,708. 서울출입국관리사무소 앞,정기권,F,40대,365,13797.45,124.43,536982.75,5910
202606,02520,2520.서초1교 (진흥아파트 방면),정기권,M,60대,23,821.59,7.32,31511.68,514
202606,03543,3543. 세종대학교(학술정보원),정기권,M,20대,572,19268.01,173.38,763660.16,10976
202606,00735,735. 영도초등학교,정기권,,~10대,3,164.15,1.48,6377.11,39
202606,02701,2701. 마곡나루역 5번출구 뒤편,정기권,F,60대,29,750.27,6.85,29453.51,333
202606,00557,557. 도선동 주민센터 앞,일일권,,50대,2,200.23,1.80,7778.93,44
202606,04765,4765. 동대문디자인플라자,일일권,F,40대,19,1226.51,11.06,47650.04,425
202606,05893,5893.한국산업은행,정기권,F,50대,39,3537.45,31.91,137429.82,938
202606,02388,2388. 강남구 도시관리공단,정기권,F,50대,30,2141.00,19.31,83179.17,975
202606,05880,5880. 국회박물관,일일권,M,20대,1,62.52,0.56,2428.96,55
202606,01743,1743.창동19단지아파트 관리사무소앞,일일권,F,60대,1,267.44,2.41,10390.00,54
202606,01013,1013. 강동구청역 1번 출입구,정기권,F,20대,223,5886.43,53.36,231672.16,3173
202606,04097,4097.숭미파출소 사거리,정기권,M,~10대,10,564.02,5.10,21912.45,168
202606,00138,138. 신촌동 제1공영주차장 앞,일일권,M,50대,1,99.75,0.90,3875.20,40
202606,00907,907. CJ 드림시티,일일권(3시간),,20대,1,306.59,2.76,11910.87,148
202606,03414,3414.종로5가역 4번출구,정기권,,60대,31,1454.75,13.14,56517.09,569
202606,00138,138. 신촌동 제1공영주차장 앞,일일권(3시간),,50대,1,105.92,0.95,4115.00,186
202606,00328,328. 탑골공원 앞,일일권,,50대,1,32.52,0.29,1263.22,7
202606,00734,734. 신트리공원 입구,일일권,,40대,16,564.74,5.11,21940.55,254
202606,02033,2033. 사당동 아르테스 웨딩앞,정기권,,50대,10,514.31,4.65,19981.22,150
202606,02102,2102. 봉림교 교통섬,일일권,F,70대이상,3,302.90,2.73,11768.01,99
202606,01086,1086.래미안 솔베뉴(구천면로),정기권,M,~10대,67,2168.25,19.52,84235.24,720
202606,02077,2077.노들역 3번출구,일일권(3시간),,20대,1,444.57,4.01,17271.53,114
202606,03201,3201.당산skv1센터,정기권,M,60대,10,928.86,8.23,35508.82,677
202606,01529,1529. 미아동 한국전력공사,일일권,M,50대,4,233.84,2.11,9085.07,96
202606,00337,337. 창경궁 입구,일일권,F,~10대,2,87.18,0.79,3387.04,30
202606,01421,1421. 신내역 4번출구,일일권,F,~10대,1,100.57,0.91,3907.06,25
202606,00138,138. 신촌동 제1공영주차장 앞,정기권,F,50대,1,63.85,0.58,2480.55,15
202606,04519,4519. 양원보도육교,일일권,M,20대,6,483.00,4.80,20745.56,170
202606,04226,4226. 마포프레스티지자이 1,일일권,,기타,2,237.35,2.14,9220.73,113
202606,00825,825. 서빙고동 주민센터 앞,일일권(비회원),,40대,5,927.34,8.34,36027.51,235
202606,00502,502. 자양(뚝섬한강공원)역 1번출구 앞,일일권,,50대,10,1081.74,9.75,61835.14,570
202606,03582,3582.화양동 우체국,일일권(비회원),,기타,19,1135.94,10.22,44131.08,494
202606,00663,663. 외대앞역 3번출구,일일권,M,50대,5,482.50,4.35,18745.08,85
202606,00138,138. 신촌동 제1공영주차장 앞,정기권,M,~10대,1,20.33,0.18,789.96,4
202606,01991,1991. 오류동역 맞은편,정기권,M,30대,173,12760.32,115.55,497945.17,3005
202606,02085,2085.강남중학교 앞,일일권,M,40대,11,815.80,7.36,31693.67,243
202606,02214,2214. 신반포역 2번출구 앞,일일권,F,20대,112,13282.50,121.12,522181.93,5991
202606,02092,2092.흑석한강푸르지오(110동),정기권,M,50대,53,3487.64,31.41,135496.66,770
202606,00329,329. 청계2가 사거리 옆,정기권,M,~10대,2,31.97,0.29,1242.06,7
202606,00415,415. DMC역 9번출구 앞,일일권,,기타,3,262.97,2.37,10216.15,84
202606,01267,1267. 올림픽공원 남2문 앞,일일권,M,50대,9,829.85,7.48,32239.94,265
202606,03902,3902. 항동지구5단지 501동 앞,일일권,M,60대,4,366.60,3.30,14242.76,85
202606,03906,3906. 천왕차량사업소 입구,일일권,F,30대,5,742.11,6.69,28831.09,178
202606,04565,4565. 영등포 신세계백화점,정기권,F,60대,55,2506.34,22.56,97371.50,1122
202606,01601,1601. 석계역 문화광장 내 자전거 보관소,일일권(비회원),,30대,1,29.40,0.26,1142.24,8
202606,05774,5774. 가락본동주민센터 인근,일일권,M,30대,43,3023.89,27.27,117479.16,1227
202606,00654,654. 전농동 텃골공원,정기권,,30대,52,1753.52,15.79,68124.35,545
202606,00254,254. 도림신협 앞,일일권,F,20대,24,1739.52,15.68,67580.21,558
202606,04766,4766. 서소문성지역사박물관,일일권,F,40대,1,52.74,0.48,2048.85,22
202606,01757,1757.솔밭공원역 1번출구 앞,정기권,F,40대,3,91.08,0.82,3538.63,95
202606,00994,994.북한산생태공원입구(교통섬),일일권,,30대,1,42.41,0.38,1647.73,14
202606,04508,4508. 유원목동아파트 103동 앞,정기권,,50대,143,4663.37,42.04,181171.86,2076
202606,04346,4346.장학재단빌딩 앞,정기권,F,60대,4,113.98,1.03,4428.14,130
202606,04142,4142. 현대썬앤빌 앞,일일권,,30대,46,3396.53,30.59,131954.91,961
202606,01349,1349. 월계2교 버스정류장 앞,정기권,M,50대,36,3470.58,31.26,134831.99,865
202606,00361,361. 동묘앞역 1번출구 뒤,일일권,F,20대,92,5582.30,50.48,217538.82,2091
202606,03923,3923. 구로공구상가 앞,일일권,,30대,6,455.23,4.10,17685.43,106
202606,04220,4220. 신촌 청년주택,일일권,,기타,18,3052.22,27.52,118578.63,779
202606,03784,3784. 벽산아파트,일일권,,30대,33,3378.95,30.43,131273.19,911
202606,04531,4531. 목동아파트 613동 앞,일일권,,30대,13,531.98,4.79,20667.45,542
202606,04031,4031. 청암예술학교 앞,일일권,,30대,18,1406.25,12.66,54633.41,375
202606,02372,2372. 대치역 사거리,일일권(비회원),,기타,7,564.81,5.10,21943.02,154
202606,02293,2293. SPC 앞,정기권,,50대,22,1323.64,11.93,51423.98,438
202606,01610,1610. 화랑대역 2번출구 앞,일일권(3시간),F,20대,1,396.66,3.58,15410.34,149
202606,02198,2198.사랑의병원,일일권,M,~10대,3,106.96,0.96,6865.26,41
202606,01518,1518. 수유2동은행빌딩 앞,일일권,M,~10대,12,1225.52,11.04,47611.84,285
202606,00387,387. 훈련원공원주차장 앞,정기권,M,70대이상,8,892.05,8.04,34656.68,221
202606,04004,4004. 당고개입구오거리 당현천변,일일권(비회원),,70대이상,2,300.97,2.71,11692.60,122
202606,02605,2605. 복정역 1번 출구 앞,일일권(3시간),M,~10대,4,463.17,4.18,17994.31,187
202606,01340,1340. 광운초등학교 앞,정기권,F,60대,2,193.35,1.75,7511.51,64
202606,00367,367. 독립문역 3-1번출구 ,정기권,,20대,49,2697.16,24.29,104784.89,913
202606,03718,3718. 번동3단지 버스정류장,정기권,M,40대,49,4351.90,39.04,169832.64,1085
202606,00749,749. 이대목동병원보도육교,일일권,F,30대,22,2187.47,19.88,85707.33,568
202606,02521,2521.서초 크로바타워 앞,정기권,,40대,29,2758.32,24.85,107160.68,692
202606,05773,5773. 송파시그니처롯데캐슬,정기권,,30대,49,7630.63,68.80,296450.24,2053
202606,01733,1733. 방학사거리 (봄마당 앞),정기권,,40대,28,1179.19,10.63,45811.51,359
202606,05870,5870. LG트윈타워 앞,일일권(3시간),,20대,1,217.61,1.96,8454.14,115
202606,04620,4620. 삼각지역 14번 출구 앞(교통섬),일일권,M,50대,7,448.49,4.06,17423.50,164
202606,00825,825. 서빙고동 주민센터 앞,가족권(2시간),F,~10대,2,529.92,4.78,20587.54,186
202606,01338,1338. 용문2교 옆,정기권,,40대,34,1639.81,14.76,63707.08,463
202606,04018,4018. 상계주공15단지 버스정류소,정기권,F,40대,72,4168.38,37.61,161943.75,1542
202606,01325,1325. 상월곡역 4번출구,일일권,M,30대,17,1466.10,13.00,56047.11,425
202606,00719,719. 홍익병원앞 교차로,정기권,M,~10대,171,11542.76,103.82,450224.53,3733
202606,02320,2320. 도곡역 대치지구대 방향,정기권,F,30대,49,3012.88,27.09,117051.46,2662
202606,04178,4178. 이수성결교회 옆,정기권,M,20대,4,189.57,1.71,7364.86,67
202606,02651,2651.경찰병원역 3번출구 앞,정기권,F,20대,107,5068.18,45.71,196969.31,1510
202606,04367,4367. kt 행당빌딩 앞,정기권,M,~10대,33,1278.94,10.98,47308.77,542
202606,02304,2304. 대현그린타워,정기권,M,~10대,7,294.52,2.64,11442.00,53
202606,01634,1634. 당고개공원 대여소,정기권,F,70대이상,5,753.67,6.79,29280.08,328
202606,01733,1733. 방학사거리 (봄마당 앞),정기권,F,40대,12,602.24,5.44,23397.23,270
202606,04923,4923.수협대치동지점,가족권(2시간),M,~10대,1,349.00,3.15,13558.73,83
202606,04396,4396. 마장축산물시장 서문 인근,정기권,F,30대,19,1481.58,13.80,59516.16,384
202606,03691,3691. 둔촌역 2번출구,일일권,F,~10대,20,977.12,8.82,37996.04,407
202606,01964,1964. 원메디타운 앞,정기권,M,40대,227,10779.30,97.04,418140.85,3608
202606,04274,4274. 신촌 파랑고래 입구,정기권,M,30대,117,6476.30,57.98,249944.52,2663
202606,04935,4935. 도곡삼성래미안,일일권,,40대,7,710.81,6.41,27614.62,152
202606,00652,652. 답십리 래미안엘파인아파트 입구,일일권,,20대,19,629.30,5.67,24447.95,201
202606,03879,3879. 중랑천 뚝방길 산책로 입구,일일권,,기타,14,1620.75,14.60,62966.65,438
202606,01343,1343. 한성대7번출구 앞,일일권(3시간),M,20대,1,130.29,1.17,5061.89,47
202606,04147,4147.청량리역광장,일일권,M,50대,5,672.75,6.06,26136.06,223
202606,00735,735. 영도초등학교,일일권,F,20대,43,3714.66,33.48,144315.77,1209
202606,00475,475.DDP 패션몰,일일권(비회원),,30대,1,28.73,0.26,1116.11,12
202606,00141,141. 연대 대운동장 옆,일일권,M,30대,11,641.69,5.79,24930.42,169
202606,02251,2251. 더케이호텔 입구(양재2) ,정기권,F,50대,41,2347.43,21.16,91197.68,897
202606,01444,1444. 면목4치안센터,일일권(3시간),,기타,1,207.05,1.87,8044.03,41
202606,04005,4005. 중계2차 한화꿈에그린 101동 인근,일일권,F,~10대,16,1173.02,10.70,46165.70,415
202606,01727,1727. 서울도봉초등학교인근,일일권,M,20대,10,1082.79,9.76,42066.41,340
202606,00834,834. 효창공원앞역 3번출구 앞,정기권,M,70대이상,20,552.15,4.99,21451.43,175
202606,00584,584. 광진광장 교통섬,일일권(3시간),F,30대,1,33.59,0.30,1305.14,20
202606,03521,3521. 현대홈타운 뒷길,정기권,M,20대,43,2281.42,20.58,88632.39,721
202606,03920,3920. 개봉역2번출구 B,일일권(비회원),,30대,1,52.99,0.48,2058.72,22
202606,01178,1178. 개화산역 2번 출구,정기권,M,70대이상,27,540.88,4.85,20923.53,204
202606,02230,2230.이수역 4번 출구,일일권,F,40대,14,501.74,5.08,21899.06,185
202606,01469,1469.먹골역 4번출구,정기권,F,50대,23,1744.49,15.73,67772.89,559
202606,00141,141. 연대 대운동장 옆,정기권,M,30대,36,2166.96,19.52,84187.10,874
202606,04753,4753. 시청역 10번출구,일일권,F,20대,2,136.91,1.24,5319.09,66
202606,02801,2801. 대륭포스트타워1차,일일권(3시간),M,20대,1,705.02,6.35,27390.00,150
202606,00290,290. 새말소공원,정기권,,40대,197,8223.37,74.18,320314.15,5802
202606,01933,1933. 개봉푸르지오아파트 상가,정기권,M,70대이상,37,1134.11,10.26,44059.82,429
202606,01027,1027. 프라자 아파트 앞,정기권,,40대,54,2591.82,23.36,103171.77,1389
202606,00450,450. 효자동 삼거리,일일권,M,~10대,22,1189.21,10.72,49045.90,489
202606,03700,3700. 강변그대가리버뷰 입구 맞은편,일일권(3시간),M,20대,2,429.32,3.87,16679.00,195
202606,00322,322. 명동성당 앞,정기권,M,50대,72,7113.96,64.11,276377.96,2224
202606,04178,4178. 이수성결교회 옆,일일권,F,~10대,1,48.55,0.44,1886.04,13
202606,00810,810. 이태원지하보도,일일권,F,20대,32,3004.33,27.22,117330.09,1090
202606,02032,2032. 이수역 11번출구쪽,일일권(비회원),,기타,19,2543.29,22.93,98806.23,958
202606,00488,488.푸르메병원,일일권,M,50대,6,178.16,1.60,6921.76,54
202606,04836,4836. 양원역 1번 출구,일일권,F,~10대,5,484.06,4.37,18805.57,147
202606,00407,407. 마포구 육아종합지원센터,일일권(3시간),M,~10대,1,464.17,4.18,18033.19,176
202606,01510,1510. 번동주공5단지 관리사무소 앞,일일권,F,20대,8,172.54,1.55,6703.28,56
202606,01244,1244. 문정 법조단지8,정기권,F,60대,27,1866.68,16.83,72520.46,625
202606,01814,1814. 두산위브아파트 옆 상가건물 앞,일일권,F,30대,7,732.34,6.61,28451.45,282
202606,00600,600. 휘경2동 주민센터,정기권,,20대,30,1333.86,12.00,51820.58,463
202606,00593,593.자양중앙나들목,일일권,,기타,14,1323.94,11.95,53650.84,636
202606,01955,1955. 디지털입구 교차로,일일권,F,20대,52,3883.35,35.51,152966.25,1493
202606,04146,4146.이삭어린이공원,정기권,,30대,79,2781.38,25.08,108058.07,1012
202606,00610,610. 동대문중 교차로,일일권,M,50대,1,24.09,0.22,935.71,7
202606,01447,1447. 면목역 3번출구,정기권,F,~10대,1,9.65,0.09,374.88,3
202606,00347,347. 동대문역사문화공원역 9번출구 앞,일일권(3시간),F,30대,1,37.14,0.33,1442.73,12
202606,00142,142. 아현역 4번출구 앞,정기권,,60대,1,43.48,0.39,1689.11,10
202606,00793,793.목동5단지아파트 534동,일일권,,40대,26,1098.11,9.91,42662.28,567
202606,03802,3802. 관악구민체육센터,정기권,F,60대,8,239.56,2.17,9307.17,553
202606,00385,385. 종각역 5번출구,정기권,,50대,55,3405.24,30.69,132293.57,1839
202606,03648,3648. 구룡역 4번 출구,일일권,F,20대,1,7.31,0.07,283.90,2
202606,04058,4058. 다락원체육공원 전망대 입구,정기권,F,60대,6,892.18,8.05,34660.87,144
202606,04078,4078. 원당공원 앞,일일권,,40대,7,459.30,4.14,17843.87,138
202606,00984,984.상신초등학교앞 버스정류장,정기권,F,50대,101,5450.25,49.11,212825.12,1620
202606,02069,2069. 숭실대 입구역3번 출구 앞,일일권,F,30대,8,1543.84,14.24,61415.82,318
202606,05335,5335. 하계역 1번 출구,일일권,M,~10대,11,831.91,7.33,31547.86,244
202606,03528,3528. 광진정보도서관,가족권,M,~10대,5,330.85,2.94,12653.69,96
202606,00945,945. 기자촌 사거리 A,일일권,,40대,1,53.25,0.48,2068.82,16
202606,04938,4938.LH수서2단지 201동 앞,정기권,F,~10대,1,37.07,0.33,1440.00,7
202606,00379,379. 서울역9번출구,일일권,M,50대,10,695.83,6.17,26544.53,250
202606,00419,419. 홈플러스 마포점 앞,일일권,F,40대,62,6011.85,54.41,234585.07,2331
202606,01269,1269. 리센츠아파트 ,일일권(3시간),F,30대,1,817.27,7.37,31751.09,109
202606,00573,573. 구의문주차장 앞,일일권,,기타,11,924.63,8.35,35921.66,215
202606,01242,1242. 문정 법조단지6,일일권,M,30대,7,241.33,2.18,9375.77,81
202606,05864,5864.장훈고 앞,정기권,M,40대,22,1876.18,16.90,72889.93,490
202606,01051,"1051. 강일중,선사고 버스정류장(신암중학교 방면)",정기권,M,60대,66,3715.93,33.87,146042.46,1091
202606,04940,4940.한강버스 압구정 선착장,정기권,F,70대이상,5,1333.67,12.02,51812.96,355
202606,00679,679.전농SK아파트 앞,일일권,M,60대,1,55.32,0.50,2149.19,15
202606,00275,275. 신동아아파트,정기권,M,~10대,321,14363.73,129.45,558030.30,6419
202606,01655,1655. 공릉1단지아파트,일일권,F,50대,14,1356.08,12.17,52468.52,485
202606,01080,1080.천호지하주차장 5번 출입구,일일권,,40대,7,244.45,2.20,9496.71,111
202606,00650,650. 중랑교사거리,정기권,,~10대,1,235.52,2.12,9150.00,42
202606,00143,143. 공덕역 2번출구,일일권,F,40대,9,752.10,6.80,29218.98,332
202606,00637,637. KAIST 경영대학 앞,일일권,,기타,3,356.72,3.22,13858.41,58
202606,04088,4088. 김근태도서관,정기권,,20대,6,211.12,1.91,8202.17,37
202606,03128,3128.동신병원 맞은편,가족권,F,~10대,11,1806.41,16.29,70178.53,433
202606,00143,143. 공덕역 2번출구,일일권,M,30대,27,1431.59,12.92,57755.49,530
202606,00143,143. 공덕역 2번출구,일일권,M,40대,39,2542.10,22.92,98760.57,932
202606,02294,2294. 두상빌딩 앞,정기권,F,~10대,2,7.41,0.07,287.78,3
202606,04108,4108. 답십리파크자이아파트 앞,일일권,F,~10대,31,1216.97,10.99,47279.76,348
202606,01231,1231. 잠실역 6번출구,일일권,M,50대,10,1161.25,10.24,44101.10,387
202606,04139,4139. 답십리 사거리,정기권,M,30대,169,14099.02,118.57,513206.93,4104
202606,00911,911. 은평평화공원(역촌역4번출구),정기권,F,20대,102,3673.90,33.06,144555.89,1566
202606,04914,4914. 도심공항타워 앞,일일권,F,30대,18,1992.33,18.01,77660.29,719
202606,02128,2128. 관악구청교차로,정기권,,50대,1,15.90,0.14,617.58,8
202606,04863,4863. 잠실나들목5,정기권,,50대,20,541.46,4.86,21035.79,158
202606,02078,2078.흑석 아크로리버하임(103동),정기권,M,40대,13,1185.91,10.70,46072.40,245
202606,00292,292. 영일 어린이공원,일일권(비회원),,40대,2,87.64,0.79,3405.09,31
202606,04043,4043. 상계주공13단지 1301동,일일권,M,40대,17,434.25,3.90,16871.29,120
202606,01297,1297. 석촌호수교차로(동호 팔각정 앞),일일권,M,50대,7,350.14,3.16,13603.04,146
202606,00592,592. 건국대학교 학생회관,정기권,M,기타,8,253.44,2.29,9846.67,57
202606,00536,536. 행당역 2번출구 앞,정기권,,40대,52,5005.20,45.07,194451.60,1477
202606,02549,2549.호반써밋서초파크 403동,정기권,F,40대,47,5191.08,46.77,201673.97,1344
202606,00519,519. 양지사거리,가족권,M,~10대,1,58.56,0.53,2274.91,27
202606,04427,4427. 동일하이빌뉴시티,일일권,F,40대,10,1607.49,14.49,62451.37,633
202606,05765,5765. 삼전동주민센터 건너편,정기권,F,40대,120,7772.99,70.00,301982.25,3936
202606,04478,4478. 문정근린공원2,정기권,,30대,92,3916.90,35.26,152170.07,1157
202606,05889,5889.의원회관출입구 앞,정기권,,20대,23,1461.49,13.19,56779.95,466
202606,00729,729. 서부식자재마트 건너편,일일권,F,40대,5,276.42,2.50,10739.01,112
202606,03647,3647. 구룡역 1번 출구,일일권(3시간),M,50대,1,149.28,1.35,5799.42,25
202606,01353,1353. 금호어울림센터힐 내,일일권,M,30대,3,269.23,2.16,9340.94,55
202606,00808,808. 서빙고동 금호맨션 앞,정기권,M,60대,19,2967.34,26.64,114892.97,821
202606,04883,4883. 위례포레샤인18단지 1812동,정기권,,30대,5,294.84,2.65,11454.98,59
202606,00272,272. 당산육갑문,일일권,F,30대,205,36258.46,327.77,1418249.37,10155
202606,05088,5088. 등촌역 센터스퀘어,정기권,,50대,51,3126.88,28.16,121479.83,2352
202606,02093,2093.상도SH빌아파트 입구,정기권,,50대,14,801.28,7.22,31130.27,252
202606,03415,3415.동대문역6번출구,일일권(비회원),,30대,4,207.77,1.86,8071.98,89
202606,01296,1296. 석촌호수교차로 (송파나루근린공원 앞),일일권,M,~10대,3,346.03,3.22,13891.78,93
202606,02651,2651.경찰병원역 3번출구 앞,일일권(3시간),F,30대,1,515.22,4.64,20016.45,142
202606,04527,4527. 목동신시가지아파트6단지,정기권,,20대,106,5090.16,45.92,217183.68,1792
202606,01183,1183. 강서대학교,일일권(비회원),,기타,2,67.50,0.60,2622.57,17
202606,05882,5882. 휴젠느,일일권,M,50대,6,134.48,1.22,5224.78,209
202606,02179,2179. 양녕로 입구,일일권,,20대,30,1817.96,16.39,70628.39,519
202606,00326,326. 안국역 5번출구 앞,일일권,F,20대,31,2121.84,19.17,84988.95,780
202606,00145,145. 공덕역 5번출구,일일권,F,50대,2,125.95,1.13,4892.91,45
202606,00534,534. 금호사거리,일일권,M,50대,2,236.10,1.94,8369.41,57
202606,02639,2639.석촌역 8번출구,일일권(3시간),M,20대,1,173.82,1.57,6752.92,123
202606,01102,1102. 방화사거리 마을버스 버스정류장,일일권,,기타,11,816.97,7.38,31739.20,230
202606,05876,5876. 에이스하이테크시티 4동 앞,가족권,F,~10대,1,24.71,0.22,960.00,7
202606,03985,3985. 디폴리스 지식산업센터,정기권,,기타,13,332.47,3.41,14684.83,271
202606,01354,1354. 고려대학교 2번출구,일일권(3시간),F,60대,1,623.74,5.62,24232.42,202
202606,03622,3622. 은마아파트입구 사거리(1),정기권,M,40대,37,3380.78,30.48,131343.81,1014
202606,00480,480.약수역 6번 출구,정기권,F,60대,11,439.82,3.96,17086.49,231
202606,04349,4349.삼성화재서초타워,정기권,F,40대,70,3231.34,29.15,127141.07,1960
202606,03664,3664. 맥도날드 서울둔촌DT점 앞,일일권,M,~10대,48,1893.90,17.05,73577.25,983
202606,00145,145. 공덕역 5번출구,일일권(3시간),M,~10대,1,249.06,2.24,9676.16,87
202606,01032,1032. 선사고등학교,정기권,M,60대,13,607.34,5.38,23251.06,216
202606,02741,2741.마곡수명산파크5-6단지,정기권,M,50대,138,6069.06,53.95,235916.37,1615
202606,03408,3408.종로타워빌딩,일일권(비회원),,기타,14,1042.59,9.39,40504.89,376
202606,01941,1941. 오류동역 2번출구,정기권,F,20대,34,2373.81,21.32,91940.29,708
202606,04473,4473. 마천금호어울림 1차 102동앞,일일권(비회원),,기타,1,146.23,1.32,5680.96,50
202606,01286,1286. 위례중앙푸르지오 1단지 앞,일일권,,40대,12,591.42,5.34,22976.84,299
202606,01394,1394.길음뉴타운 래미안9단지,정기권,M,40대,77,5667.70,51.07,220190.67,1481
202606,00550,550. 서울시설공단 앞,일일권,F,20대,8,818.49,7.37,31798.01,213
202606,03675,3675. 강동리버스트8단지,정기권,,30대,48,2332.34,21.01,90612.22,762
202606,04560,4560. 양평동성원아파트,정기권,,40대,105,5080.76,45.84,197389.72,1647
202606,02136,2136. 신림역 8번출구,정기권,,40대,86,9132.48,82.33,354798.63,2344
202606,05884,5884. GS강서타워,정기권,F,~10대,26,926.89,8.36,36010.63,640
202606,03587,3587.우성식품 앞,정기권,M,30대,61,3165.58,28.55,122983.61,835
202606,04363,4363. 신금호역 2번출구 앞,정기권,,60대,1,61.21,0.55,2378.07,23
202606,04906,4906. 섬유센터 앞,일일권,M,~10대,13,1530.64,13.80,59465.02,559
202606,00975,975.백련산 힐스테이트상가앞,정기권,,30대,29,1299.89,11.70,50502.09,435
202606,02348,2348. 포스코사거리(기업은행),정기권,M,50대,149,11806.08,106.31,458407.46,4140
202606,04956,4956. 암사역사공원역 1번출구,정기권,,30대,11,1022.90,9.21,39739.90,335
202606,00345,345. 서울보증보험본사 앞,정기권,,60대,15,690.59,6.22,26828.56,396
202606,01364,1364. 성북동 치안센터 앞,일일권,F,20대,9,358.37,3.24,13922.62,169
202606,01655,1655. 공릉1단지아파트,정기권,M,50대,245,19409.62,174.64,753131.58,8490
202606,00305,305. 종로구청 옆,일일권(비회원),,기타,22,1498.17,13.50,58203.89,532
202606,04892,4892. 성내유수지 체육공원,정기권,M,50대,16,884.87,7.74,33393.80,460
202606,04672,4672. 준빌딩 앞,정기권,,20대,26,845.42,7.63,33654.42,379
202606,00338,338. 세운스퀘어 앞,일일권,,30대,10,435.95,3.92,16936.56,192
202606,04305,4305. 서일스포츠센터,일일권,F,20대,5,330.02,2.97,12821.44,134
202606,04803,4803. 상봉2동 주민센터 앞,정기권,M,50대,42,2566.17,23.14,99696.51,508
202606,01028,1028. 포레스 주상복합 빌딩,일일권,M,기타,1,401.29,3.62,15590.00,58
202606,03579,3579.광진 캠퍼스시티,정기권,,30대,190,8552.97,77.05,332282.61,3342
202606,04802,4802. 새우개마을,정기권,M,60대,13,429.47,3.88,16685.20,127
202606,00420,420. 서울시 공공자전거 상암센터,정기권,,40대,70,4823.95,43.44,187408.98,2051
202606,01543,1543. 수유1동 주민센터,정기권,F,50대,7,405.07,3.66,15736.48,161
202606,01217,1217. 송파파인타운 7단지,일일권,M,40대,9,485.67,4.39,18867.56,217
202606,02739,2739.수명산파크1단지교차로,정기권,F,30대,304,9616.78,86.64,375443.86,3401
202606,01602,1602. 광운대역 앞,정기권,,30대,97,3656.66,32.91,142060.96,1206
202606,00870,870.노들섬 서측 앞,일일권,M,50대,9,2047.04,18.45,79527.63,331
202606,04567,4567. 한림대학교 강남성심병원 신관,일일권,M,~10대,25,1310.75,11.75,50600.27,365
202606,03919,3919. 구로역·NC신구로점 버스정류장(구로역 방면),일일권,,20대,46,2478.42,22.34,96216.82,691
202606,00590,590. 건국대학교 (입학정보관),일일권(3시간),F,40대,1,80.53,0.73,3128.65,48
202606,01019,1019. 다성이즈빌아파트(호원대 대각선 맞은편),일일권(3시간),M,40대,2,519.64,4.68,20188.37,873
202606,01422,1422. 신내우디안아파트 1단지,일일권,M,~10대,6,293.36,2.66,11454.44,121
202606,04685,4685. DMC역 5번 출구(수색역 방향),일일권(3시간),F,30대,2,335.70,3.03,13041.91,201
202606,01150,1150. 송정역 1번출구,일일권(비회원),,30대,1,212.01,1.91,8236.46,50
202606,04583,4583. 의정관,일일권,,20대,1,190.19,1.71,7388.78,43
202606,01826,1826. 한신코아 앞,일일권,F,40대,4,291.14,2.62,11310.53,99
202606,03707,3707. 드래곤타워 앞,정기권,F,50대,15,491.83,4.45,19108.50,216
202606,04895,4895. 송파레이크힐 상가,일일권,,20대,12,908.34,8.20,35288.91,313
202606,04280,4280.북가좌2동 주민센터,가족권,M,~10대,1,261.68,2.36,10166.38,74
202606,00578,578. 성동세무서 부근,일일권,,기타,3,522.38,4.71,20294.20,139
202606,02304,2304. 대현그린타워,일일권,,20대,5,606.61,5.48,23566.71,126
202606,02375,2375. 수서역 1번출구 앞,정기권,M,40대,195,12347.62,108.62,468063.69,2989
202606,04563,4563. 여의도 은하아파트,정기권,M,~10대,26,2379.22,21.50,92568.00,668
202606,02404,2404. 대모산입구역 4번 출구 앞,가족권,M,~10대,2,279.97,2.53,10876.96,63
202606,04303,4303. 매헌역 2번출구앞광역버스 정류장앞(22-297),일일권,M,30대,21,1725.62,15.57,67039.85,415
202606,05061,5061. 우장산동 가곡어린이공원앞,정기권,M,50대,252,11033.52,99.51,431187.06,3994
202606,02093,2093.상도SH빌아파트 입구,일일권,,20대,15,866.58,7.83,33666.76,207
202606,03974,3974.  안천중학교,일일권,,20대,9,625.76,5.64,24311.01,262
202606,00911,911. 은평평화공원(역촌역4번출구),일일권,M,50대,23,4808.35,43.32,186805.22,1183
202606,04941,4941.압구정로 11길,정기권,M,20대,28,2338.29,21.09,95209.06,614
202606,02520,2520.서초1교 (진흥아파트 방면),일일권,,50대,1,42.44,0.38,1648.85,9
202606,01988,1988. 고척LIGA아파트 앞,정기권,,70대이상,2,125.66,1.13,4881.87,28
202606,02620,2620. 송파나루역 4번 출구옆,일일권,,50대,8,1591.02,14.36,61811.48,422
202606,00370,370. 시청역(2호선) 9번출구 뒤,정기권,M,30대,409,23048.57,207.68,896973.57,10463
202606,01347,1347. 길음래미안아파트817동 상가 앞,일일권,,30대,1,88.45,0.80,3436.42,34
202606,03914,3914. 신도림쌍용플래티넘노블아파트 앞,일일권,F,30대,23,1852.18,16.69,71957.72,475
202606,04350,4350.누리숲어린이공원 앞,정기권,F,60대,1,29.88,0.27,1160.99,5
202606,00536,536. 행당역 2번출구 앞,일일권,,50대,2,145.31,1.31,5645.18,72
202606,01427,1427. 용마산역 1번출구,정기권,,40대,19,921.15,8.31,35785.33,239
202606,05876,5876. 에이스하이테크시티 4동 앞,일일권(비회원),,기타,7,232.18,2.11,9020.11,96
202606,00558,558. 성동광진 교육지원청 앞,정기권,,70대이상,1,49.61,0.45,1927.43,17
202606,02109,2109. 은천로입구 가로공원,일일권,,40대,3,748.75,6.74,29088.73,145
202606,03570,3570.구의역 리버비스타 오피스텔,일일권,M,40대,33,1835.26,16.56,71300.53,722
202606,00466,466.롯데호텔,일일권(비회원),,기타,13,694.69,6.26,26988.60,1300
202606,00469,469.회현역 1번출구,정기권,,50대,31,1530.46,13.80,59458.31,663
202606,02012,2012. 대림사거리(동작상떼빌아파트),정기권,M,50대,113,9946.97,89.60,386440.24,2496
202606,01653,1653. 노원역1번출구,정기권,M,70대이상,51,2492.17,22.46,96821.72,1448
202606,01050,1050.  둔촌역 3번 출입구,정기권,M,30대,474,19719.19,177.36,770448.60,7035
202606,02191,2191.대학동주민센터 ,가족권,F,~10대,1,266.15,2.40,10340.00,62
202606,04826,4826. 홈플러스 면목점,정기권,M,50대,53,4723.15,42.56,183495.56,1299
202606,04621,4621. 남산도서관 앞,일일권,M,~10대,9,582.05,5.20,22460.59,173
202606,04032,4032. 불암주유소 앞,정기권,,60대,4,127.66,1.15,4959.45,37
202606,04210,4210. 가좌행복주택 앞,일일권,M,50대,29,2049.24,18.48,79613.64,496
202606,02502,2502. 서초역1번출구 앞,일일권,F,60대,1,18.70,0.17,726.39,11
202606,05509,5509.신석초교 앞,정기권,F,50대,81,3877.84,34.44,150319.44,1414
202606,02108,2108. 은천치안센터,정기권,,20대,57,2146.65,19.32,84200.34,702
202606,02012,2012. 대림사거리(동작상떼빌아파트),정기권,,30대,83,4184.84,37.71,162581.06,1901
202606,02357,2357. 르네상스호텔사거리 역삼지하보도 3번출구 앞 (더 오번 빌딩 명동칼국수 앞),일일권,M,20대,14,1061.63,9.56,41244.10,311
202606,00254,254. 도림신협 앞,정기권,,기타,28,727.07,6.53,28245.57,189
202606,01287,1287. 위례아이파크 101동 맞은편,일일권,M,40대,14,855.50,7.69,35392.05,471
202606,00522,522. 금호역 1번출구 앞,일일권,F,50대,3,70.83,0.64,2751.73,15
202606,05087,5087. 연세강서빌딩,정기권,F,~10대,17,867.96,7.81,33720.44,287
202606,02525,2525.반포쇼핑타운 2동 앞,일일권(비회원 3시간),,기타,12,2122.74,19.14,82468.48,1538
202606,01295,1295. 잠실역 8번출구,일일권,M,20대,134,13454.23,119.56,522664.24,4329
202606,01157,1157. 강서구청,일일권,,기타,9,647.51,5.84,25155.95,212
202606,00424,424. 롯데하이마트 (상암월드컵점) ,정기권,F,~10대,1,18.21,0.16,707.38,5
202606,03606,3606. 신사동주민센터 옆,정기권,,20대,44,3318.25,29.90,128914.67,1105
202606,03754,3754. 신방화역 8번출구,일일권,M,40대,9,385.28,3.44,14810.09,114
202606,03575,3575. 자양사거리(서원빌딩),정기권,,20대,325,12835.63,115.72,512018.32,5230
202606,04140,4140. 신설동역 4번출구,일일권(비회원),,기타,16,2372.30,21.39,93062.16,759
202606,02247,2247.섬들근린공원,일일권,F,~10대,18,1466.81,13.58,58638.06,400
202606,05767,5767. 북위례2,일일권,,기타,3,83.81,0.76,3256.29,22
202606,03794,3794. 안양천합수부(현대3차아파트),정기권,M,~10대,59,3643.17,32.83,141537.05,878
202606,04535,4535. 목동12단지 아파트,일일권,,~10대,2,356.42,3.21,13846.91,76
202606,04273,4273. 홍연2교 사거리,일일권(3시간),M,30대,2,19.05,0.17,5105.00,280
202606,01911,1911. 구로디지털단지역 앞,일일권,,30대,132,21202.00,191.24,826421.64,4810
202606,00739,739. 신월사거리,정기권,M,40대,62,3457.01,31.13,134305.07,1059
202606,00813,813. 삼각지역 3번출구,일일권(비회원),,기타,18,970.30,8.74,38896.35,417
202606,01017,1017. 둔촌고교입구 교차로(길동주민센터 방면),정기권,F,20대,61,2683.12,24.20,104239.57,1171
202606,02008,2008. 노량진근린공원 대방공원,정기권,M,50대,43,2096.02,18.86,82243.71,920
202606,04632,4632. 용산 푸르지오 파크타운 1단지 앞,일일권(비회원),,~10대,1,43.05,0.39,1672.36,12
202606,00973,973.제각말푸르지오 5-1단지 아파트,정기권,M,~10대,7,224.33,2.03,8715.20,37
202606,01057,1057. 능골근린공원,일일권,F,30대,10,507.28,4.59,19707.15,184
202606,03811,3811.신사로입구,정기권,,20대,92,5897.07,53.13,229100.72,1287
202606,03557,3557.서울숲리버뷰자이APT105동 앞,일일권(비회원),,40대,2,193.82,1.75,7530.00,62
202606,02062,2062. 사당새마을금고,정기권,M,50대,19,574.65,5.19,22325.30,200
202606,01183,1183. 강서대학교,정기권,M,60대,20,1091.59,9.84,42408.44,256
202606,00283,283. 아크로타워 스퀘어(영등포시장),정기권,M,~10대,30,1343.72,12.11,52203.96,355
202606,01020,1020. 강동경찰서,정기권,M,70대이상,1,51.76,0.47,2011.00,20
202606,04484,4484. 잠실나루역4번출구뒤,정기권,,50대,68,6212.30,56.00,241349.34,1814
202606,00701,701. 목동사거리 부근,정기권,F,60대,10,744.82,6.70,28936.78,203
202606,01322,1322. 래미안라센트아파트 103동 앞,일일권(비회원),,20대,1,45.73,0.41,1776.72,15
202606,01775,1775.신원리베르텔 앞,일일권,M,40대,10,587.44,5.31,22821.81,254
202606,03602,3602. 한국지역난방공사강남지사,정기권,,40대,38,2973.62,26.78,115524.55,680
202606,01151,1151. 마곡역1번출구,일일권,,40대,19,869.13,7.85,33766.23,216
202606,01925,1925. 동양미래대학교 정문 옆,가족권(3시간),M,~10대,2,693.51,6.55,28233.22,285
202606,00574,574. 아차산역4번출구,일일권,F,20대,103,8126.65,73.43,316619.52,2560
202606,00349,349. 어린이도서관,정기권,F,70대이상,1,17.24,0.16,669.88,4
202606,04854,4854. 가락시장역 2번 출구,정기권,F,50대,79,3997.41,36.01,155299.51,1478
202606,02230,2230.이수역 4번 출구,가족권,,~10대,1,,,780.00,53
202606,00750,750. 연의근린공원 건너편,정기권,,70대이상,2,49.84,0.45,1936.06,20
202606,00802,802. 한강진역 2번 출구 앞,일일권(3시간),F,20대,1,375.87,3.39,14602.54,81
202606,00946,946. 독바위역 ,정기권,M,50대,25,1450.22,13.06,56549.02,454
202606,02248,2248. 서초리슈빌S 글로벌 앞,일일권(3시간),F,~10대,1,217.48,1.96,8449.09,194
202606,02340,2340. 삼호물산버스정류장(23370) 옆,일일권,,60대,5,388.22,3.49,15082.96,74
202606,00919,919. 서울혁신파크,일일권(3시간),,30대,1,733.78,6.61,28507.32,299
202606,01354,1354. 고려대학교 2번출구,정기권,F,20대,185,7726.40,70.27,302843.51,3177
202606,02388,2388. 강남구 도시관리공단,정기권,M,30대,106,3002.79,27.07,116658.82,859
202606,02227,2227.방배열린문화센터 앞,일일권,M,~10대,1,35.36,0.32,1373.84,7
202606,04469,4469. 거여동 어울림아파트  102동앞,정기권,,50대,16,989.15,8.91,38428.55,301
202606,00556,556. 달맞이공원,정기권,,70대이상,1,4.54,0.04,176.33,3
202606,01127,1127. 화곡역 버스정류장,정기권,M,60대,41,2326.94,20.99,95285.68,692
202606,00794,794.양천문화회관,정기권,,40대,233,7407.55,66.82,287783.98,2476
202606,04566,4566. 대림성원상떼빌아파트,정기권,,40대,29,2049.80,18.50,79635.37,498
202606,02059,2059. 보라매공원 정문,정기권,M,~10대,33,1078.43,9.72,41877.16,492
202606,03928,3928.고척아이파크아파트 106동 앞,정기권,,60대,26,1098.26,9.91,42669.00,595
202606,01775,1775.신원리베르텔 앞,일일권,F,40대,7,240.53,2.17,9344.85,161
202606,00342,342. 대학로 마로니에공원,정기권,F,50대,36,1400.99,12.64,55706.30,949
202606,00815,815. LIG강촌아파트 103동앞,정기권,M,40대,193,9077.10,81.75,353207.19,2761
202606,04096,4096.창동역2번출구 하나은행365 앞,정기권,M,20대,237,6509.41,58.48,252034.13,2223
202606,04687,4687. 역촌센트레빌아파트 101동 앞,정기권,F,20대,13,356.01,3.21,13831.10,108
202606,00148,148. 용강동 주민센터 앞,일일권,F,40대,24,4746.29,42.95,195549.43,1593
202606,00903,903. 은평뉴타운 아이파크,일일권,M,~10대,24,930.67,8.38,36156.95,287
202606,05073,5073. 우장산역 헤링턴타워 앞,정기권,F,~10대,9,510.58,4.60,19835.98,192
202606,00441,441.염천교사거리,일일권(비회원),,20대,1,14.15,0.13,549.66,5
202606,00148,148. 용강동 주민센터 앞,일일권,F,기타,1,17.57,0.16,682.53,5
202606,05886,5886.신풍역 2번출구,일일권(비회원),,30대,2,230.40,2.07,8950.98,131
202606,06185,6185.가양나들목,정기권,F,50대,4,406.78,3.67,15803.53,110
202606,00505,505. 자양사거리 광진아크로텔 앞,정기권,M,30대,223,10483.15,94.50,407268.87,4191
202606,00906,906. 연신내역 5번출구,정기권,M,40대,160,6990.22,63.05,271569.10,2287
202606,03101,3101. 서대문구청,정기권,,70대이상,1,37.32,0.34,1450.00,9
202606,02256,2256.양재동 꽃시장 입구,일일권,F,40대,2,132.85,1.20,5161.45,77
202606,02539,2539.대한무역투자진흥공사 KOTRA 앞,일일권,M,30대,54,2980.59,26.83,115484.84,1529
202606,03007,3007.MBC 앞,정기권,M,~10대,4,160.26,1.45,6225.95,36
202606,02026,2026. 흑석역 4번출구,정기권,M,30대,30,2731.03,24.85,107148.86,892
202606,00760,760. 잣절보도육교 아래,일일권,F,50대,2,43.92,0.40,1706.17,15
202606,00458,458. 광화문역 5번출구,일일권,M,20대,95,9128.82,82.41,355065.37,2616
202606,01124,1124. 발산역 6번 출구 뒤,정기권,,40대,151,6293.35,56.72,245287.91,2653
202606,00272,272. 당산육갑문,정기권,M,50대,357,54511.81,491.19,2117272.06,13235
202606,00245,245. 삼성생명 당산사옥 앞,정기권,,60대,19,945.02,8.55,36822.20,429
202606,04589,4589. KRX한국거래소(1),정기권,M,20대,96,8082.08,72.49,312488.92,2259
202606,01674,1674. 서울북부고용센터앞,일일권,F,60대,1,142.10,1.28,5520.66,43
202606,03525,3525. 금호스포츠센터앞,일일권(비회원),,기타,6,938.96,8.47,36478.40,205
202606,04925,4925. 청담백영빌딩 앞,일일권(비회원 3시간),,기타,1,241.81,2.18,9394.18,41
202606,04962,4962.고덕비즈밸리 디엠스퀘어 앞,정기권,F,20대,17,1065.03,9.58,41258.14,323
202606,01230,1230. 송파중학교 정문,정기권,M,60대,9,323.41,2.91,12564.51,122
202606,04415,4415. 미아초교버스승강장,정기권,F,40대,2,82.36,0.74,3199.78,30
202606,00502,502. 자양(뚝섬한강공원)역 1번출구 앞,일일권,M,60대,14,2914.16,26.29,113347.44,655
202606,03550,3550.금호나들목,정기권,F,60대,20,1663.18,14.97,64613.11,468
202606,00906,906. 연신내역 5번출구,정기권,F,40대,143,11753.56,105.93,456628.10,3933
202606,04657,4657. 본 서부병원 교차로 사거리,정기권,F,50대,57,2187.37,19.83,85320.96,988
202606,00665,665.이문동 쌍용아파트 정문,일일권,,기타,6,1038.33,9.37,40339.26,354
202606,02369,2369. KT선릉타워,일일권,,50대,3,186.29,1.68,7237.49,72
202606,01744,1744.도봉소방서 옆,정기권,M,40대,125,6469.32,58.27,251164.48,2582
202606,02908,2908. 광운대학교 중앙도서관,정기권,,60대,5,152.09,1.38,5908.37,57
202606,01109,1109. 공항시장역 4번출구,일일권,,20대,9,465.49,4.20,18083.59,178
202606,00832,832. 이촌1동 주민센터 뒤,가족권,F,~10대,5,593.20,5.34,23046.06,206
202606,01943,1943. 온수역 북측,일일권,M,~10대,11,812.43,7.32,31562.65,369
202606,04131,4131. 베네스트 오피스텔 앞,정기권,F,60대,4,285.51,2.58,11092.02,95
202606,01050,1050.  둔촌역 3번 출입구,일일권,,기타,13,860.97,7.77,33448.31,334
202606,01404,1404. 동일로 지하차도,일일권,M,~10대,5,360.77,3.25,14016.07,98
202606,01386,1386.동선고가차도 초입,정기권,M,40대,40,4743.12,42.77,184270.55,1221
202606,00635,635. 시조사 앞,정기권,M,40대,53,3942.00,35.52,153147.40,1688
202606,00844,844. 이촌2동 동원베네스트 아파트 앞,일일권,,20대,33,3554.81,32.04,138105.53,776
202606,00819,819. 선린인터넷 고등학교,정기권,F,30대,156,6821.82,61.50,265092.16,2938
202606,05890,5890.여의나루역 3번출구,가족권(2시간),M,~10대,2,645.19,5.81,25065.49,188
202606,05513,5513. 마포음식문화거리,일일권(3시간),M,20대,1,383.01,3.45,14880.00,169
202606,05311,5311. 주공601동 상가 노원지하보도 앞,일일권(비회원),,20대,1,108.88,0.98,4230.00,28
202606,02277,2277. 길마중4교 하부,일일권(3시간),M,30대,1,297.93,2.69,11574.70,175
202606,00251,251. 서울지방병무청 버스정류장,일일권,F,30대,5,305.72,2.75,11876.99,94
202606,00271,271. 샛강생태공원방문자센터 앞,일일권,F,40대,8,1207.05,11.05,47635.25,332
202606,01332,1332. 석계역 5번출구 건너편,정기권,M,40대,63,2846.21,25.67,112154.09,942
202606,04618,4618. 풍전아파트 건너편,일일권(3시간),M,50대,1,888.79,8.01,34529.37,131
202606,01713,1713. 쌍문동 이안아파트 앞,일일권,,기타,1,133.16,1.20,5173.28,21
202606,02248,2248. 서초리슈빌S 글로벌 앞,일일권,F,20대,3,88.50,0.80,3438.36,30
202606,01953,1953. 천왕역 4번출구 뒤,정기권,M,20대,84,2678.71,24.17,104069.11,861
202606,03502,3502. 중곡역 1번출구,일일권,,기타,7,646.36,5.82,25111.37,144
202606,00815,815. LIG강촌아파트 103동앞,일일권,M,20대,40,4084.69,36.60,157715.59,1055
202606,01862,1862.MD호텔 앞,일일권,,~10대,4,1128.76,10.17,43852.14,342
202606,00491,491.월드컵파크 4단지,정기권,,40대,15,769.31,6.92,29887.98,323
202606,00150,150. 서강대역 2번출구 앞,일일권(3시간),M,30대,2,641.60,5.78,24926.18,143
202606,01032,1032. 선사고등학교,정기권,M,50대,54,4848.18,43.67,188350.99,1072
202606,05858,5858. 영등포역5번출구,일일권,F,60대,1,25.66,0.25,1098.46,16
202606,00468,468.웨스틴 조선호텔,정기권,F,50대,7,276.77,2.49,10752.93,115
202606,03906,3906. 천왕차량사업소 입구,정기권,,20대,10,356.93,3.23,13866.74,71
202606,01532,1532. 번3동 주민센터 교차로,일일권,,40대,5,281.54,2.55,10937.96,82
202606,00150,150. 서강대역 2번출구 앞,정기권,,20대,65,2854.41,25.75,110893.02,1249
202606,00150,150. 서강대역 2번출구 앞,정기권,,30대,96,4562.99,41.15,185569.94,2173
202606,00836,836. 현대자동차서비스 앞,일일권(비회원),,~10대,1,,,8309.00,71
202606,04457,4457. 아산병원 기숙사 부근,정기권,M,60대,101,10504.54,94.65,408101.56,3019
202606,04098,4098.창동역 1번출구 인근,정기권,F,20대,102,4427.18,39.83,171997.85,1662
202606,02727,2727.서울식물원 잔디마당 앞,정기권,M,30대,519,15486.67,138.85,599571.80,5361
202606,02299,2299. 한전아트센터 앞,정기권,,50대,14,623.57,5.61,24225.84,248
202606,02342,2342. 대청역 1번출구  뒤,일일권,M,30대,34,3937.54,34.83,150250.26,1114
202606,01770,1770.도봉한신아파트 주변,일일권,,30대,8,1343.84,12.11,52207.65,298
202606,05057,5057. 마곡역4번출구,일일권,F,30대,44,2143.19,19.34,83262.27,796
202606,01321,1321. 국민은행 종암동지점 앞,정기권,,30대,72,6021.96,54.27,233955.14,1466
202606,00515,515. 광양중학교 앞,일일권(비회원),,40대,1,86.49,0.78,3360.23,22
202606,04353,4353. 코오롱디지털타워 3차앞,일일권,M,30대,65,5220.52,46.95,202343.60,1912
202606,03760,3760. 발산역 8번 출구,정기권,F,60대,14,658.41,5.94,27208.21,768
202606,03212,3212.신풍역 6번출구,일일권,,20대,14,576.77,5.20,22408.25,286
202606,05052,5052. 마곡역 7번출구,정기권,M,50대,480,13683.37,123.24,532512.84,5765
202606,00992,992.북한산입구 정류장,일일권,M,20대,1,308.05,2.78,11967.79,102
202606,01271,1271. 송파도서관,일일권,,20대,21,1572.24,14.15,61081.22,413
202606,01059,1059. 래미안 강동팰리스(102동),정기권,,60대,3,85.43,0.77,3319.03,81
202606,03115,3115.북아현 치안센터 인근,정기권,M,70대이상,1,119.04,1.07,4624.56,36
202606,04178,4178. 이수성결교회 옆,일일권,,30대,4,175.51,1.59,6818.21,67
202606,03868,3868. 자양한강도서관,정기권,M,70대이상,16,2049.03,18.47,79604.89,981
202606,00340,340. 혜화동 로터리,정기권,,40대,29,1943.52,17.52,75506.11,587
202606,00805,805. 문배어린이공원 앞,일일권,F,30대,17,1405.16,12.68,54590.84,574
202606,01847,1847. 독산주공 14단지 버스정류소,정기권,M,30대,28,3781.51,33.07,142596.02,662
202606,00416,416. 상암월드컵파크 1단지 교차로,정기권,M,40대,59,6578.35,59.30,255568.47,1735
202606,01171,1171. 염창동 새마을금고 건너편,일일권,F,40대,4,598.82,5.39,23264.22,169
202606,02912,2912.대진고등학교,일일권(비회원),,기타,4,469.76,4.23,18250.17,142
202606,00382,382. 약수역 10번출구 앞,정기권,F,40대,28,956.44,8.67,37301.68,646
202606,01169,1169. 염창역 1번 출구,일일권,F,40대,13,1084.31,9.77,42125.80,416
202606,04341,4341. 영동1교 북단,일일권,,60대,1,83.10,0.75,3228.62,26
202606,04609,4609. 파크타워 104동 앞,정기권,F,60대,2,55.92,0.51,2172.32,85
202606,01263,1263. 장지공영차고지,일일권,M,20대,10,337.58,3.05,13115.33,76
202606,01028,1028. 포레스 주상복합 빌딩,일일권,M,30대,25,2290.81,20.66,88997.84,917
202606,04902,4902. 구역삼세무서 교차로,일일권,M,70대이상,1,23.75,0.21,922.79,5
202606,04145,4145.청량리동 주민센터,일일권,F,30대,23,1402.86,12.63,54500.76,463
202606,00823,823. 효창동주민센터 앞,일일권,,20대,12,1687.61,15.19,65563.74,540
202606,02258,2258.구룡사 삼거리,정기권,F,20대,3,116.09,1.05,4510.20,17
202606,04305,4305. 서일스포츠센터,일일권,M,~10대,4,305.71,2.75,11876.99,71
202606,01805,1805. 서울디지털운동장 앞,정기권,F,20대,41,2822.45,25.46,109854.48,723
202606,04114,4114. 휘경여중고삼거리,정기권,,50대,12,945.08,8.53,36716.46,289
202606,03724,3724. 삼양동주민센터 앞,정기권,,20대,22,1119.31,10.07,43485.33,361
202606,05086,5086. 가양테크노타운,정기권,,40대,61,4455.62,40.17,173100.17,1277
202606,00836,836. 현대자동차서비스 앞,일일권,F,20대,20,2257.36,20.33,87697.94,578
202606,03426,3426.독립문역 2번출구 뒤,일일권,,30대,9,1062.29,9.56,41269.68,225
202606,02537,2537.양재역 8번출구 앞,정기권,,40대,69,6291.00,56.71,245808.84,1700
202606,02239,2239.교대역 6번출구,정기권,F,70대이상,3,21.03,0.19,816.89,20
202606,05651,5651.한강버스 옥수 선착장,일일권(3시간),M,20대,10,2220.07,20.01,86250.16,709
202606,01278,1278. 송파구청 교차로,정기권,M,70대이상,40,4595.27,41.43,178526.93,1450
202606,00743,743. 현대6차아파트 101동 옆,정기권,M,70대이상,3,57.27,0.52,2224.76,19
202606,06177,6177. 마곡롯데캐슬르웨스트,정기권,,20대,288,8743.69,78.82,339692.58,5072
202606,02620,2620. 송파나루역 4번 출구옆,일일권(3시간),M,30대,2,164.03,1.48,6372.81,259
202606,02091,2091. 이수역9번출구,일일권,F,50대,1,851.60,7.68,33084.52,167
202606,01957,1957. 구일고등학교 정문 ,일일권,,기타,5,186.54,1.69,7247.00,50
202606,03510,3510. 중곡SK아파트앞,정기권,,60대,2,91.61,0.82,3559.21,51
202606,03606,3606. 신사동주민센터 옆,정기권,M,40대,96,10561.81,95.20,414869.34,3327
202606,02065,2065. 서울시여성가족재단,정기권,,20대,21,1189.64,10.73,46216.70,332
202606,02129,2129. 낙성대 과학전시관,일일권,M,20대,19,1334.77,11.26,48589.83,398
202606,00456,456. 숭인2동 주민센터 입구,일일권,M,20대,30,1526.44,13.59,58534.34,848
202606,00744,744. 신목동역 2번 출구,일일권,,30대,58,4547.19,40.93,176659.86,1095
202606,03966,3966. 독산역1번출구 B,정기권,F,20대,194,6588.88,59.36,255983.11,1443
202606,01158,1158. 가양역 8번출구,일일권,F,50대,8,366.21,3.29,14227.11,165
202606,00153,153. 성산2교 사거리,정기권,M,20대,169,10928.56,98.59,424940.08,4073
202606,00153,153. 성산2교 사거리,정기권,M,30대,283,15507.59,139.38,604822.52,4870
202606,00758,758. 한사랑교회 앞,정기권,F,50대,65,2605.57,23.58,101570.13,1651
202606,01139,1139. 용문사 버스정류장,일일권,F,30대,5,282.40,2.55,10971.55,114
202606,01535,1535. 효성인텔리안 앞,일일권,M,60대,2,67.93,0.61,2639.21,28
202606,04420,4420. 성북구 한예종 캠퍼스 별관,정기권,M,30대,69,3937.58,35.48,152976.72,1749
202606,01774,1774.정의여중고 버스정류소,일일권,M,~10대,14,585.44,5.29,22743.68,149
202606,00363,363. 신설동역 11번출구 뒤,일일권,,30대,13,1095.07,9.86,42861.56,484
202606,02303,2303. 논현역 10번출구,일일권,M,~10대,3,235.43,2.02,8706.08,76
202606,00802,802. 한강진역 2번 출구 앞,정기권,M,60대,23,1664.33,15.00,64658.09,372
202606,01376,1376. 한국과학기술연구원 중문,정기권,M,50대,45,5507.41,47.08,202948.90,939
202606,00399,399. 서울역 센트럴 자이아파트,정기권,F,20대,43,3332.05,30.00,129450.74,1002
202606,02605,2605. 복정역 1번 출구 앞,정기권,M,70대이상,13,2358.71,21.25,91635.98,572
202606,04932,4932. 개포래미안포레스트 130동 맞은편,정기권,F,40대,20,1152.59,10.39,47125.72,545
202606,06176,6176. 유광사 여성병원 앞,일일권(비회원),,~10대,1,43.40,0.39,1686.16,13
202606,02511,2511. 이수역 6번출구 앞,일일권,M,~10대,2,46.86,0.42,1796.17,19
202606,02283,2283. 그룹한빌딩옆,일일권(비회원),,기타,1,54.57,0.49,2120.00,32
202606,00154,154. 마포구청역 ,일일권,F,20대,95,9869.59,88.61,382064.75,2887
202606,00424,424. 롯데하이마트 (상암월드컵점) ,정기권,F,20대,25,2328.00,20.99,91569.42,598
202606,00276,276. 영등포로터리2,일일권,F,20대,29,1870.54,17.33,74650.14,709
202606,02215,2215. 반포종합운동장 입구,정기권,,기타,10,571.30,5.14,22195.36,111
202606,02651,2651.경찰병원역 3번출구 앞,정기권,M,60대,48,1219.75,10.99,47386.62,522
202606,03686,3686. 고덕 래미안 힐스테이트(101동),정기권,,60대,6,179.68,1.62,7560.65,61
202606,00305,305. 종로구청 옆,일일권,F,60대,3,182.68,1.65,7096.97,43
202606,05323,5323. 하계역 4번출구 앞,일일권(비회원),,40대,1,67.35,0.61,2616.62,28
202606,00154,154. 마포구청역 ,일일권,M,40대,34,2183.70,19.70,84836.90,792
202606,01198,1198. LG 사이언스파크,정기권,,40대,144,4456.05,40.19,177612.09,1831
202606,00782,782.서남병원 후문,정기권,M,70대이상,7,443.38,4.01,17225.37,197
202606,04255,4255. 래미안 루센티아 아파트 108동 앞,일일권,,20대,9,886.50,8.01,34441.11,281
202606,00991,991.흥국사 정류장,정기권,F,50대,1,71.26,0.64,2768.56,101
202606,02519,2519.서초2교(사임당로 방면),정기권,M,50대,45,1884.70,16.95,74224.85,744
202606,01959,1959. 구로구의회 앞,정기권,F,40대,50,2500.49,22.60,97411.74,1003
202606,04544,4544.경창시장,정기권,F,40대,62,2538.95,22.86,98637.26,745
202606,00428,428. 명보사거리,정기권,F,60대,3,178.78,1.62,6945.29,95
202606,05076,5076. 메이필드호텔앞,정기권,M,50대,72,4805.62,43.30,186699.77,1278
202606,01731,1731. 도봉고등학교 맞은편,정기권,F,70대이상,1,42.73,0.39,1660.00,6
202606,01244,1244. 문정 법조단지8,정기권,,40대,159,6695.56,60.37,260120.20,3528
202606,03718,3718. 번동3단지 버스정류장,일일권,M,60대,1,65.33,0.59,2538.19,21
202606,04414,4414. 안암역 3번 출구,정기권,M,60대,12,498.96,4.46,19167.58,227
202606,00154,154. 마포구청역 ,일일권(비회원),,40대,1,27.80,0.25,1080.00,4
202606,01653,1653. 노원역1번출구,일일권,,60대,1,34.81,0.31,1352.37,48
202606,02077,2077.노들역 3번출구,일일권,M,40대,17,2937.50,26.47,117596.38,958
202606,03933,3933. 오류동부골든아파트 후문 옆,정기권,M,50대,34,2494.21,22.46,96902.37,909
202606,01306,1306. 한성대입구역2번출구,정기권,M,30대,171,10111.81,91.08,394031.19,3243
202606,03425,3425.광화문 풍림스페이스본 1단지앞,정기권,M,~10대,3,60.08,0.54,2334.38,18
202606,04341,4341. 영동1교 북단,정기권,,50대,3,119.16,1.08,4629.08,40
202606,00268,268. 그랜드컨벤션센터 앞,일일권,F,20대,59,4601.98,41.49,178788.22,1906
202606,01343,1343. 한성대7번출구 앞,정기권,,40대,12,1029.94,9.28,40013.35,283
202606,03767,3767. 대원빌딩,일일권,M,40대,17,1374.45,11.65,50164.98,296
202606,00154,154. 마포구청역 ,정기권,F,20대,199,14206.64,128.12,559631.00,4566
202606,02521,2521.서초 크로바타워 앞,일일권,,30대,8,439.33,3.96,17068.30,203
202606,03725,3725. 강북 청소년 문화정보도서관 앞,정기권,M,~10대,10,231.54,2.09,8995.19,71
202606,00471,471.회현사거리 남측,정기권,,기타,3,182.44,1.64,7087.89,59
202606,04182,4182.보라매병원역 2번출구,일일권,M,60대,3,338.40,3.05,13146.68,87
202606,01479,1479.면목 홈플러스 2 ,정기권,,20대,18,603.41,5.47,23442.57,125
202606,01196,1196. 서울식물원(문화센터) 건너편,정기권,F,30대,193,6463.50,58.37,255745.94,2048
202606,00963,963. 불광롯데캐슬아파트 앞,일일권,F,30대,2,95.19,0.86,3697.99,32
202606,02091,2091. 이수역9번출구,정기권,,40대,53,1311.75,11.86,50962.37,731
202606,02164,2164. 관악우체국,일일권,,30대,12,755.20,6.81,29339.17,214
202606,00664,664. 서울시립대 건설공학관,정기권,,30대,9,264.96,2.38,10293.50,103
202606,03680,3680. 강동역3번출구,정기권,M,30대,617,26346.01,237.46,1025518.29,12370
202606,03407,3407.안국동사거리(신),일일권,F,60대,1,54.62,0.49,2121.81,11
202606,02303,2303. 논현역 10번출구,일일권(3시간),M,40대,1,255.86,2.31,9940.00,69
202606,01864,1864.산호시티빌 옆,일일권,M,20대,8,398.66,3.59,15488.02,148
202606,01248,1248. 방이초등학교,일일권,F,30대,58,3757.14,33.86,146116.43,1519
202606,05335,5335. 하계역 1번 출구,일일권,M,60대,2,113.87,1.03,4423.72,25
202606,04798,4798. 황학동롯데캐슬,정기권,F,20대,99,4577.52,41.26,180905.17,1799
202606,01640,1640. 한내근린공원 북측,정기권,M,20대,106,6157.88,55.47,239146.71,2257
202606,00529,529. 장한평역 8번 출구 앞,일일권,F,70대이상,2,45.68,0.41,1774.47,13
202606,02016,2016. 신대방삼거리역 3번출구쪽,일일권,,기타,10,936.77,8.45,36393.48,283
202606,01572,1572. 우이동 먹거리마을,정기권,M,50대,39,4134.35,37.26,160620.85,886
202606,04765,4765. 동대문디자인플라자,일일권,F,20대,94,6668.74,60.34,262110.48,2550
202606,00829,829. 한강대교 북단 교차로,일일권,,~10대,4,665.37,5.99,25849.96,230
202606,03412,3412.세운상가,일일권(3시간),F,40대,1,74.84,0.67,2907.66,61
202606,03758,3758. 서울남부출입국관리소,정기권,M,50대,126,4479.62,40.44,174033.18,1371
202606,00491,491.월드컵파크 4단지,정기권,F,20대,20,903.00,8.14,35081.66,261
202606,01655,1655. 공릉1단지아파트,정기권,F,기타,7,343.51,3.09,13345.32,175
202606,04035,4035. 휴플러스 수락한신아파트 101동 앞,일일권,,20대,6,296.32,2.67,11511.99,124
202606,01011,1011. LIGA 아파트 앞,정기권,,70대이상,46,4103.75,37.03,159430.68,1461
202606,01654,1654. 당고개입구 오거리,정기권,F,50대,19,1325.21,11.94,51484.01,452
202606,02728,2728.마곡나루역 3번 출구,일일권,F,~10대,19,833.49,7.52,32381.64,282
202606,04965,4965.고덕비즈밸리 쿠쿠강동빌딩,일일권,,40대,12,1152.69,10.39,44782.00,330
202606,01976,1976. 남구로역 5번 출입구 앞,일일권,M,50대,3,190.28,1.72,7392.27,54
202606,02608,2608. 송파구청,정기권,M,30대,834,44577.95,401.88,1745756.28,15721
202606,00950,950. 구산역 2번 출구 예일여고 버스정류장,일일권(비회원),,30대,1,41.19,0.37,1600.20,40
202606,03521,3521. 현대홈타운 뒷길,정기권,M,~10대,24,1098.65,9.89,44321.06,395
202606,02706,2706.강서공업고등학교 앞,정기권,,기타,1,54.49,0.49,2116.96,26
202606,02746,2746.수명산파크 4단지 411동 앞,일일권,M,~10대,28,1150.91,10.31,44382.60,333
202606,03602,3602. 한국지역난방공사강남지사,정기권,,60대,18,2669.25,24.05,103701.10,518
202606,04306,4306. 서래공원 앞,일일권(3시간),F,40대,1,332.07,2.99,12901.04,207
202606,00950,950. 구산역 2번 출구 예일여고 버스정류장,정기권,F,20대,39,1996.00,17.96,77545.41,1575
202606,02002,2002. 노들역 1번출구,일일권(3시간),,40대,2,413.13,3.72,16049.98,160
202606,04868,4868. 석촌호수 서호 남단,일일권,M,60대,3,340.75,3.07,13238.11,89
202606,01344,1344. 아리랑시네센터 앞,정기권,,60대,5,192.95,1.74,7496.30,39
202606,01770,1770.도봉한신아파트 주변,정기권,,70대이상,2,126.29,1.14,4906.10,25
202606,05887,5887.나루마을 마당공원,일일권,,50대,5,340.07,3.07,13211.51,100
202606,01404,1404. 동일로 지하차도,일일권(비회원),,30대,2,115.05,1.04,4469.49,59
202606,03701,3701. 방아삼거리,일일권,F,50대,3,212.23,1.92,8245.23,65
202606,04488,"4488. 문현중,고등학교 사이",일일권,M,20대,8,417.70,3.76,16227.75,98
202606,02271,2271. 내방역 8번출구 앞,정기권,,50대,28,1426.57,12.84,55421.34,702
202606,00557,557. 도선동 주민센터 앞,일일권,M,20대,13,886.31,7.98,34432.62,293
202606,00493,493.홍대입구역 6번출구,정기권,F,50대,21,3942.16,35.52,153153.07,727
202606,01557,1557.신창교,일일권,M,70대이상,1,54.01,0.49,2098.40,17
202606,01286,1286. 위례중앙푸르지오 1단지 앞,일일권,M,60대,2,88.82,0.80,3450.64,25
202606,04396,4396. 마장축산물시장 서문 인근,정기권,M,70대이상,1,31.32,0.28,1216.77,57
202606,04483,4483. 잠실나들목4,일일권(3시간),F,20대,1,121.39,1.09,4716.13,32
202606,03105,3105. 홍은센트레빌 아파트 앞,정기권,M,40대,22,660.14,5.94,25646.12,166
202606,01016,1016. 해뜨는 주유소옆 리엔파크 109동앞,일일권(3시간),M,20대,2,692.55,6.24,26905.53,165
202606,02642,2642.마천동 성내천 쉼터,정기권,F,50대,78,8363.75,75.40,325279.85,2248
202606,03571,3571.화양 APT(횡단보도 옆),정기권,,30대,242,13685.27,123.30,536627.05,5246
202606,01063,1063.강동롯데캐슬퍼스트 아파트(관리동),정기권,F,60대,6,990.17,8.92,38468.34,214
202606,05753,5753. 호반써밋,정기권,F,60대,15,3202.40,28.86,124413.49,1227
202606,02721,2721.등촌1-10단지 교차로,정기권,F,~10대,32,2121.72,19.11,82427.46,643
202606,00391,391. 시립미술관,일일권,,20대,9,707.40,6.39,27482.31,261
202606,02136,2136. 신림역 8번출구,정기권,F,30대,202,10112.10,91.15,396493.36,3751
202606,04683,4683. 은평 성모병원 사거리,일일권,M,~10대,10,797.81,7.19,30994.95,180
202606,00156,156. 서울서부지방법원 앞,일일권,,40대,6,278.36,2.51,10814.50,124
202606,05887,5887.나루마을 마당공원,정기권,M,50대,86,6190.03,55.77,242704.28,2204
202606,04640,4640. 원효로2가 교차로,정기권,M,40대,109,5544.61,49.97,215379.68,3257
202606,04540,4540. 목동역 3번 출구,일일권(3시간),M,20대,1,379.12,3.42,14728.73,89
202606,01084,1084. 윤선생빌딩(JYP사옥),일일권(3시간),,40대,2,448.35,4.04,17418.58,193
202606,04469,4469. 거여동 어울림아파트  102동앞,일일권,M,~10대,13,1234.89,10.01,43100.52,317
202606,04248,4248. 신촌 교보빌딩,일일권,F,50대,1,129.35,1.17,5025.40,35
202606,01866,1866.서울안천초등학교 옆,정기권,,60대,14,988.70,8.92,38410.68,375
202606,04643,4643. 한가람아파트 앞,일일권,,30대,32,5608.23,50.55,217880.99,1561
202606,00819,819. 선린인터넷 고등학교,정기권,,30대,136,5422.54,48.88,210667.71,2231
202606,04864,4864. 송파사거리,정기권,,기타,35,1553.55,14.20,61363.16,864
202606,03939,3939.신도림역 3번출구,일일권(3시간),M,30대,2,1016.33,9.16,39484.15,247
202606,05780,5780. 송파세무서,정기권,,50대,10,520.46,4.70,20219.89,162
202606,00156,156. 서울서부지방법원 앞,일일권(3시간),M,40대,1,482.21,4.35,18734.00,106
202606,02103,2103. 신림동 우방아파트,일일권,,50대,2,42.61,0.38,1655.28,10
202606,01514,1514. 강북구청 사거리 버스정류소 앞,일일권,M,40대,14,713.00,6.42,27699.85,169
202606,01001,1001. 광진교 남단 사거리(천호공원 방면),정기권,F,30대,188,12044.60,108.78,472986.53,4327
202606,01606,1606. 태릉입구역 3번출구 ,정기권,M,40대,97,7134.74,64.30,277184.86,2825
202606,01985,1985. 구로도서관,일일권,F,60대,5,580.83,5.29,22829.28,233
202606,05877,5877. 문래동 꽃밭정원,정기권,F,40대,63,3339.23,30.05,129729.56,1779
202606,00372,372. 약수역 3번출구 뒤,일일권,,20대,21,2640.33,23.77,102577.46,783
202606,04312,4312. 반포미도2차아파트 옆,정기권,F,60대,2,75.58,0.68,2936.31,21
202606,02365,2365. K+ 타워 앞,일일권,F,30대,18,2637.92,23.78,102483.07,857
202606,02525,2525.반포쇼핑타운 2동 앞,일일권(비회원),,50대,1,287.87,2.59,11183.75,53
202606,05867,5867. H타워 앞,일일권(3시간),F,20대,1,31.58,0.28,1227.07,15
202606,03882,3882. 자양2동 주민센터,일일권,M,20대,29,1385.31,12.41,53431.01,430
202606,02331,2331. 동영문화센터앞,일일권,,50대,1,65.64,0.59,2550.00,22
202606,04721,4721. 통인시장 정자,정기권,,30대,151,7577.69,68.32,296374.33,3335
202606,01030,1030. 미호 플랜트 앞,일일권,M,40대,12,538.01,4.85,20901.85,193
202606,03775,3775. 가양오토갤러리,정기권,,60대,8,287.12,2.59,11154.61,94
202606,01394,1394.길음뉴타운 래미안9단지,일일권,,30대,2,129.47,1.16,5029.83,29
202606,01181,1181. 농수산식품공사 (강서지사),일일권,F,40대,1,70.35,0.63,2733.03,18
202606,04801,4801. 충정로역 2호선(엘리베이터 앞),정기권,F,30대,13,618.55,5.57,24031.50,361
202606,04306,4306. 서래공원 앞,일일권(비회원),,기타,5,365.00,3.29,14180.16,164
202606,04887,4887. 호돌이상가,정기권,F,50대,99,6036.16,54.44,234505.78,2918
202606,02173,2173. 당곡사거리,정기권,,20대,84,4570.30,41.24,177556.10,1513
202606,05514,5514.공덕역 1번출구,정기권,F,50대,91,8156.92,73.50,316897.23,2215
202606,04913,4913. 레베쌍트 빌딩 앞,정기권,F,30대,27,711.56,6.39,28034.97,323
202606,02740,2740.마곡레포츠센터,정기권,M,40대,180,6884.83,62.09,267479.81,2222
202606,01765,1765.쌍문역 1번출구 주변,일일권,M,50대,12,831.54,7.50,32304.84,308
202606,03674,3674. 강동리버스트7단지,정기권,M,30대,16,619.86,5.58,24081.70,339
202606,00157,157. 애오개역 4번출구 앞,일일권,,30대,18,1280.76,11.56,49757.44,499
202606,01906,1906. 신도림역 1번 출구 앞,가족권,F,~10대,1,183.27,1.65,7120.22,53
202606,04537,4537. 서울남부지방검찰청 후문 ,일일권(비회원),,20대,2,97.27,0.87,3779.06,20
202606,02505,2505. 우성아파트사거리 (기업은행앞),일일권,,40대,6,339.54,3.05,13190.84,104
202606,04217,4217. 한강공원 망원나들목,일일권(비회원),,20대,17,2503.90,22.56,97276.64,801
202606,01105,1105. 방화근린공원,정기권,M,50대,24,1638.37,14.59,62889.30,569
202606,01628,1628. 노일초등학교 앞,일일권,F,30대,9,662.80,5.96,25749.59,353
202606,04496,4496. 잠실 파크리오 120동 앞,일일권,F,50대,8,446.21,3.94,17001.24,172
202606,02363,2363. 강남 을지병원 교차로,일일권,,20대,5,680.55,6.13,26439.94,204
202606,03694,3694. 강동리엔파크 13단지(1303동 앞),정기권,F,50대,33,1067.60,9.69,41885.55,374
202606,01662,1662. 노원역7번출구,일일권(3시간),F,20대,1,281.85,2.54,10950.07,115
202606,02824,2824.미래사랑어린이공원 앞,정기권,F,기타,1,10.50,0.09,407.92,3
202606,01333,1333. 석관초등학교 앞,정기권,,60대,21,883.12,7.96,34309.62,292
202606,03764,3764. 관문주유소(GS칼택스) 앞,일일권,,30대,51,2812.73,25.35,109274.35,1000
202606,04960,4960.고덕비즈밸리 지식산업센터 A,일일권,F,기타,1,63.06,0.57,2450.00,44
202606,01520,1520. 수유중앙시장,정기권,,50대,26,558.44,5.05,21695.51,487
202606,04362,4362. 행당중학교 후문,정기권,M,30대,49,6332.34,56.74,244449.52,1671
202606,00476,476.광희문,일일권,M,30대,20,1153.77,10.14,47706.89,517
202606,01662,1662. 노원역7번출구,일일권,F,40대,33,2958.01,27.16,117065.39,913
202606,00568,568. 청계8가 사거리 B,일일권,M,20대,80,6755.66,60.25,259779.22,1882
202606,00643,643. 동대문구민체육센터 (육교아래),일일권,,~10대,1,411.45,3.71,15984.94,79
202606,01226,1226. 잠실4동 주민센터 옆,일일권,,40대,24,1154.04,10.40,44833.48,418
202606,00398,398. 을지로3가역 3번출구,일일권(비회원),,30대,3,76.43,0.69,2969.07,45
202606,01361,1361. 홍익중고 입구,정기권,F,20대,82,3409.80,31.34,135088.75,1139
202606,02503,2503. 반포1동 서초빌딩 앞,정기권,M,40대,117,6469.25,58.34,251946.94,1712
202606,02801,2801. 대륭포스트타워1차,정기권,M,30대,392,31187.47,279.96,1220109.17,7289
202606,01008,1008. 암사역 3번출구(국민은행앞),정기권,F,~10대,20,819.45,7.37,31835.57,405
202606,00307,307. 서울역사박물관 앞,정기권,F,20대,60,2624.06,23.67,102600.21,869
202606,04028,4028. 한일유앤아이아파트 105동 인근,정기권,F,~10대,3,265.10,2.98,12826.93,81
202606,04367,4367. kt 행당빌딩 앞,정기권,F,60대,4,566.37,5.11,22003.43,89
202606,03013,3013.서울지방고용노동청 앞,일일권,F,20대,32,2075.26,18.73,80624.57,993
202606,00860,860.LG한강 자이아파트 앞,일일권,F,~10대,9,1478.35,13.52,58231.04,487
202606,05879,5879. 국회도서관 2문 앞,정기권,M,50대,38,2921.28,26.36,113492.20,1027
202606,04530,4530. 방아다리어린이공원,일일권,F,40대,7,424.50,3.82,16492.21,191
202606,05323,5323. 하계역 4번출구 앞,정기권,M,60대,47,5128.59,46.19,199244.96,1507
202606,01994,1994. 삼성전자 물류센터 앞,정기권,M,30대,219,6356.70,56.93,247278.79,1968
202606,00413,413. 상암월드컵파크 3단지 후문,정기권,F,~10대,3,104.28,0.94,4051.33,26
202606,00494,494.신수동주민센터,정기권,F,40대,9,942.93,8.51,36632.61,331
202606,01385,1385.성신여대입구역 3번출구 앞,일일권(3시간),M,~10대,1,34.77,0.31,1350.69,16
202606,00320,320. 을지로입구역 4번출구 앞,정기권,F,50대,20,1558.47,14.05,60546.46,627
202606,00612,612. 시립동부병원 앞 사거리,일일권,,기타,11,270.12,2.40,10494.08,68
202606,02127,2127. 난곡종점,정기권,,50대,22,2370.27,21.37,92084.11,533
202606,02184,2184. 구암초등학교 버스정류장,일일권,M,30대,6,213.98,1.93,8313.00,81
202606,04255,4255. 래미안 루센티아 아파트 108동 앞,정기권,F,60대,13,913.44,8.25,35487.46,239
202606,03123,3123.DMC파크뷰자이1단지 110동 앞,정기권,F,60대,2,51.59,0.47,2004.17,19
202606,04025,4025. 한천교 동편,정기권,F,기타,22,1785.01,16.08,69347.44,630
202606,01527,1527. 미아역 1번 출구 뒤,일일권,,기타,1,53.60,0.48,2082.29,10
202606,01337,1337. 돈암성당 옆,일일권(3시간),M,20대,2,712.89,6.46,27846.58,181
202606,04485,4485. 잠실나루역 고가하부,정기권,,20대,49,1778.63,16.04,69099.64,542
202606,01864,1864.산호시티빌 옆,정기권,,50대,15,1049.90,9.46,40788.51,273
202606,04538,4538. 양천공영차고지,정기권,M,~10대,21,478.50,4.30,18590.07,169
202606,00419,419. 홈플러스 마포점 앞,정기권,F,60대,86,10252.23,92.40,398300.09,3122
202606,02024,2024. 상도역 1번출구,정기권,F,60대,2,147.23,1.33,5719.88,20
202606,01952,1952. 천왕연지타운2단지 앞,일일권,,기타,6,837.22,7.54,32526.32,235
202606,05154,5154.광진구청 앞,일일권,M,50대,14,487.14,4.38,18925.36,197
202606,04427,4427. 동일하이빌뉴시티,가족권,M,~10대,3,224.01,2.01,8702.87,69
202606,02016,2016. 신대방삼거리역 3번출구쪽,일일권,F,70대이상,2,223.25,2.01,8673.46,56
202606,01336,1336. 성북3교 위,일일권,,70대이상,1,67.96,0.61,2640.40,73
202606,00793,793.목동5단지아파트 534동,일일권,M,40대,33,2467.07,22.23,97821.04,1239
202606,01869,1869.롯데캐슬골드파크3차 301동 앞,일일권(비회원),,40대,2,305.76,2.76,11878.96,50
202606,00807,807. 서울역 12번 출구 앞,정기권,F,~10대,3,69.01,0.63,2680.94,132
202606,03759,3759. 이대서울병원,정기권,M,70대이상,4,196.48,1.78,7633.46,117
202606,01336,1336. 성북3교 위,일일권,F,30대,11,1694.75,15.30,65841.14,351
202606,01530,1530. 광산사거리,일일권,M,20대,53,3506.82,31.61,136241.58,1110
202606,02235,2235.KT 서초지사 앞,정기권,,30대,4,110.78,1.00,4303.93,36
202606,00722,722. 경서농협 버스정류장(우리은행신정동지점방향),일일권,M,60대,2,34.33,0.31,1333.48,31
202606,03506,3506. 영동대교 북단,정기권,F,30대,198,10071.38,90.83,392820.89,5596
202606,05337,5337. 태강릉 앞,정기권,,30대,2,98.48,0.88,3825.75,47
202606,03801,3801. 이랜드글로벌R&D센터,일일권(비회원),,기타,2,373.29,3.36,14502.53,105
202606,03628,3628. 역삼1동 주민센터,일일권,,40대,1,54.60,0.49,2121.09,27
202606,01048,1048. 둔촌어린이공원,일일권,,30대,24,1371.96,12.37,53301.42,472
202606,01430,1430. 중랑구청,일일권(3시간),M,40대,1,37.89,0.34,1472.09,17
202606,04144,4144.시립대학교 박물관 앞,일일권,,30대,1,22.83,0.21,887.09,8
202606,00159,159. 이대역 4번 출구,정기권,M,70대이상,8,200.87,1.80,7803.28,96
202606,01729,1729. 도봉한신아파트 버스정류장,정기권,M,~10대,205,6165.03,55.42,240300.15,2345
202606,03699,3699. 상일파출소 옆,정기권,M,70대이상,9,380.81,3.44,14794.17,119
202606,01565,1565.수유사거리,정기권,,30대,91,3952.26,35.63,153546.25,1113
202606,00292,292. 영일 어린이공원,일일권,F,60대,1,46.08,0.42,1790.26,19
202606,01158,1158. 가양역 8번출구,정기권,,기타,26,1287.68,11.62,50025.36,335
202606,05322,5322.노원성당 앞,정기권,M,~10대,78,3130.90,27.01,118235.18,1033
202606,01351,1351. 안암2교 옆,정기권,M,~10대,59,1952.32,17.59,76933.54,614
202606,01520,1520. 수유중앙시장,일일권,F,~10대,5,350.42,3.16,13613.94,349
202606,04240,4240. 아현문화건강센터,일일권,M,~10대,10,438.97,3.96,17053.37,105
202606,02358,2358. 구룡초사거리 (현대아파트10동 앞 ),일일권,M,60대,6,699.86,6.30,27189.55,193
202606,03634,3634. 국악고교 앞 교차로,정기권,,기타,17,616.95,5.77,24897.06,214
202606,05311,5311. 주공601동 상가 노원지하보도 앞,정기권,,40대,128,4646.11,41.90,180498.34,1987
202606,04009,4009. 월계프라자,일일권,M,20대,5,442.57,3.98,17193.82,77
202606,03899,3899. 아차산역 2번출구,정기권,M,50대,50,2691.81,24.26,104577.65,1030
202606,03881,3881. 신자초교입구 교차로,일일권,M,60대,1,37.96,0.34,1474.68,9
202606,00301,301. 경복궁역 7번출구 앞,정기권,,50대,24,1081.42,9.75,42013.05,352
202606,01025,1025. 상일초등학교,일일권(비회원),,기타,5,439.61,3.97,17078.92,364
202606,01830,1830. 빅마켓 금천점 앞,일일권,M,~10대,2,60.56,0.54,2352.87,16
202606,00962,962. 은평뉴타운엘크루 앞,정기권,,60대,6,102.66,0.93,3988.39,48
202606,00320,320. 을지로입구역 4번출구 앞,정기권,M,~10대,3,190.26,1.72,7391.81,50
202606,04553,4553. 당산삼성2차아파트,정기권,F,~10대,38,876.13,8.03,34612.88,299
202606,02356,2356. 강남구청,일일권,,50대,1,34.43,0.31,1337.52,8
202606,01727,1727. 서울도봉초등학교인근,정기권,F,40대,19,2733.15,24.63,106183.69,699
202606,03935,3935. 고대구로병원 앞,정기권,,50대,23,2077.99,18.70,80731.00,568
202606,00610,610. 동대문중 교차로,정기권,M,60대,66,2277.18,20.53,88468.08,1085
202606,05756,5756. 극동아파트,정기권,M,~10대,5,167.03,1.50,6489.36,66
202606,04875,4875. 위례포레샤인13단지,일일권,,20대,9,407.85,3.66,15844.77,110
202606,06187,6187.마곡119안전센터 맞은편,일일권(비회원),,기타,4,194.56,1.75,7559.12,172
202606,03886,3886.광진구 민방위교육센터,가족권,M,~10대,1,44.26,0.36,1552.41,57
202606,01386,1386.동선고가차도 초입,일일권,F,50대,1,13.56,0.12,526.64,4
202606,01333,1333. 석관초등학교 앞,일일권(3시간),M,20대,3,263.56,2.37,10239.12,384
202606,04846,4846. 상봉동양엔파트 앞,일일권,F,20대,16,691.39,6.23,26860.31,212
202606,02332,2332. 선릉역3번출구,일일권,,40대,7,385.15,3.47,14963.39,139
202606,01937,1937. 한진아파트 입구,일일권(3시간),M,20대,3,2039.81,18.39,79246.44,461
202606,03413,3413.종로플레이스,정기권,,50대,69,2727.37,24.55,107207.10,1918
202606,02012,2012. 대림사거리(동작상떼빌아파트),정기권,M,30대,113,6104.72,54.74,235942.32,3066
202606,03910,3910. 목양전원교회 앞 로터리,정기권,M,30대,31,2353.57,21.20,91436.28,945
202606,04715,4715. 돈의문 박물관 마을,일일권,F,30대,6,251.11,2.27,9755.56,90
202606,01337,1337. 돈암성당 옆,정기권,M,20대,201,10293.88,93.00,400688.64,2705
202606,00993,993.은평뉴타운 은뜨락아파트앞,일일권,,기타,4,461.07,4.16,17912.54,195
202606,00161,161. 무악재역1번 출구,일일권,F,20대,6,411.05,3.71,15969.32,177
202606,02731,2731.명덕고교,정기권,F,기타,2,305.42,2.75,11865.51,57
202606,04226,4226. 마포프레스티지자이 1,정기권,M,50대,86,4018.59,36.23,156122.05,1197
202606,01952,1952. 천왕연지타운2단지 앞,정기권,M,30대,165,12204.64,104.78,451710.77,4037
202606,00670,670.삼육서울병원 버스정류장,일일권,M,20대,316,27969.07,251.94,1096061.19,7652
202606,02089,2089.사당역10번출구(금강빌딩),정기권,F,50대,28,1178.70,10.60,45791.89,1887
202606,00426,426. 서울신용보증재단,정기권,,30대,174,6299.33,56.85,246645.54,2351
202606,04834,4834. 용마복지센터 앞,일일권,M,50대,5,285.91,2.58,11107.57,79
202606,03906,3906. 천왕차량사업소 입구,일일권,F,40대,11,1388.71,12.51,53951.43,397
202606,00161,161. 무악재역1번 출구,정기권,,20대,1,16.68,0.15,648.02,5
202606,01344,1344. 아리랑시네센터 앞,일일권,M,20대,9,747.47,6.74,29039.19,215
202606,04798,4798. 황학동롯데캐슬,정기권,M,40대,188,15784.03,142.25,617306.00,4454
202606,04481,4481. 올림픽공원 북2문 B,일일권,,20대,72,4775.02,42.87,191919.91,1675
202606,01936,1936. 개봉역 1번 출구 자전거보관서쪽,정기권,F,20대,13,433.66,3.91,16848.20,176
202606,00731,731. 서울시 도로환경관리센터,일일권(3시간),M,40대,2,345.43,3.11,13420.00,166
202606,01034,1034. 고덕동 래미안 힐스테이트,정기권,,70대이상,1,19.19,0.17,745.41,6
202606,00468,468.웨스틴 조선호텔,일일권,M,~10대,2,298.56,2.70,11599.32,67
202606,01218,1218. 방이역 4번출구,정기권,M,30대,223,12524.83,112.67,493573.42,4734
202606,04880,4880. 송파청소년센터,일일권,M,20대,19,2068.52,18.65,80362.13,463
202606,04852,4852. 서울복합물류 게이트 1,정기권,M,~10대,8,1029.64,9.28,40001.57,170
202606,04842,4842. 면목라온프라이빗 아파트,일일권,M,60대,3,332.64,3.00,12922.80,80
202606,02372,2372. 대치역 사거리,가족권,F,~10대,1,274.90,2.48,10680.00,48
202606,02627,2627.문정시영아파트 5동 앞 공원,정기권,M,50대,41,1322.71,11.83,51164.58,443
202606,04518,4518. 청기와빌딩,일일권,M,30대,16,872.27,7.85,33887.04,263
202606,02084,2084.e편한세상 상도노빌리티 앞,정기권,,30대,21,1389.27,12.53,53973.81,400
202606,02410,2410. 포스코피앤에스타워 (역삼역 3번출구 부근),일일권(비회원),,20대,2,6.63,0.06,257.76,6
202606,04452,4452. 삼성SDS,정기권,M,30대,394,24861.53,223.61,967033.64,8181
202606,02390,2390. 구룡마을 입구 (래미안블레스티지 아파트),정기권,M,~10대,2,109.39,0.98,4249.78,26
202606,00766,766. 신목동역 3번출구,일일권,F,40대,21,2674.06,24.09,103886.65,913
202606,02094,2094.숭실대학교(중문) ,일일권(비회원 3시간),,기타,1,2072.50,18.68,80516.87,589
202606,01414,1414. 사가정역 2번출구,일일권,,20대,57,3989.76,35.96,155001.34,1263
202606,04574,4574. 영등포시장역 포레나영등포,정기권,M,60대,117,4967.70,44.72,192596.38,2166
202606,01063,1063.강동롯데캐슬퍼스트 아파트(관리동),일일권,F,50대,1,183.61,1.65,7133.28,75
202606,01901,1901. 신도림동주민센터 앞,일일권,F,30대,32,1464.96,13.20,58167.94,609
202606,04558,4558. 대영중고 후문,일일권,M,60대,3,193.09,1.74,7501.49,272
202606,00770,770.목동역5번출구,정기권,,20대,222,8291.74,74.73,323055.74,2475
202606,00642,642. 신답역 사거리,정기권,F,20대,134,3680.60,33.25,142990.74,1286
202606,00162,162. 봉원고가차도 밑,일일권,M,기타,1,27.97,0.25,1086.52,7
202606,00162,162. 봉원고가차도 밑,일일권(비회원),,기타,5,413.02,3.72,16046.00,131
202606,05082,5082. 가양역 7번출구,정기권,,기타,57,1188.92,10.80,46622.56,377
202606,02015,2015. 신대방삼거리역 6번출구쪽,일일권,F,40대,13,595.83,5.37,23147.87,316
202606,00996,996.응암역2번출구 국민은행 앞,일일권(비회원 3시간),,30대,1,418.97,3.78,16276.86,244
202606,00525,525. 한양대병원사거리,정기권,M,40대,67,4134.23,37.27,160616.34,1252
202606,01956,1956. 동아1차APT105동 버스정류장(신도림중학교 방면),정기권,M,70대이상,3,70.11,0.63,2723.58,18
202606,00816,816. 신용산역 6번출구 앞,일일권,F,~10대,4,332.55,3.00,12919.29,100
202606,00534,534. 금호사거리,일일권(3시간),,40대,1,466.68,4.21,18130.35,171
202606,05651,5651.한강버스 옥수 선착장,일일권,,70대이상,2,567.43,5.12,22044.91,191
202606,03692,3692. 둔촌오륜역 1번 출구,일일권,M,20대,26,2400.69,18.25,78633.26,611
202606,01036,1036. 고덕동 주양쇼핑,일일권,M,~10대,48,2552.55,22.47,98066.06,967
202606,03920,3920. 개봉역2번출구 B,일일권,M,60대,1,95.80,0.86,3721.77,22
202606,01327,1327. 상월곡역 3번출구,일일권(3시간),M,30대,2,1616.63,14.57,62806.23,344
202606,03780,3780. 등촌서광아파트,정기권,,40대,202,12619.28,113.71,490883.21,3970
202606,05885,5885. 신정교하부(도림천역 방면),일일권(3시간),F,~10대,1,601.80,5.42,23380.00,123
202606,03642,3642. 강남자곡힐스테이트,일일권,,기타,2,87.57,0.79,3402.09,19
202606,03514,3514. 왕십리교회옆,정기권,,60대,14,1028.02,9.29,39938.92,272
202606,01731,1731. 도봉고등학교 맞은편,일일권,F,30대,2,62.03,0.56,2409.80,18
202606,01666,1666. 노원소방서인근,정기권,F,30대,52,1211.18,10.88,47386.67,456
202606,01685,1685. 불암고등학교 앞 횡단보도,일일권,F,40대,8,510.45,4.61,19831.28,220
202606,02389,2389. 경기여자고등학교 후문 (삼성로3길 입구),일일권,F,40대,15,1794.95,16.18,73203.91,549
202606,00854,854.HID 유족동지회 앞,일일권,M,20대,15,1260.99,10.97,47321.10,383
202606,00163,163. 명지전문대학교 정문 앞,일일권,,40대,7,893.16,8.05,34699.48,257
202606,00280,280. 양평동6차현대아파트 앞,정기권,,50대,143,6215.46,56.01,241471.33,1798
202606,03623,3623. 일원에코파크 앞(개포로 방면),정기권,M,40대,41,4747.13,42.56,183485.80,1095
202606,01462,1462.동부시장 북문 앞,정기권,M,70대이상,5,270.73,2.44,10517.75,90
202606,04559,4559. 신길역 2번출구,일일권,F,50대,6,794.19,7.15,30854.65,259
202606,01827,1827. 독산보도육교 앞 자전거 보관소,일일권,M,70대이상,2,643.04,5.80,24982.12,149
202606,00590,590. 건국대학교 (입학정보관),정기권,,60대,3,123.69,1.12,4805.48,35
202606,00585,585. 성수2가1동 공영주차장 인근,정기권,M,50대,294,30111.27,270.84,1168257.78,9346
202606,00258,258. 신길역3번출구,일일권,M,50대,1,52.07,0.47,2022.73,19
202606,00827,827. 국군복지단,일일권,M,60대,1,36.98,0.33,1436.86,15
202606,04930,4930. 학여울역 1번출구,일일권,M,30대,8,1037.71,9.35,40314.99,203
202606,02739,2739.수명산파크1단지교차로,일일권(3시간),F,70대이상,1,390.95,3.52,15188.46,111
202606,05506,5506. 월드컵참누리아파트,일일권,F,40대,11,1082.95,9.78,42072.45,406
202606,02903,2903.월계초안아파트 1단지,정기권,,70대이상,33,1577.93,14.24,61301.97,467
202606,01031,1031. 올림픽로 836(아리수로),일일권(비회원),,~10대,1,35.96,0.32,1397.18,14
202606,01991,1991. 오류동역 맞은편,정기권,,20대,90,4090.84,37.28,160991.41,1311
202606,02221,2221. 방일초교 마을버스 정류장,일일권,M,20대,25,2302.66,20.60,88835.04,715
202606,01959,1959. 구로구의회 앞,일일권,F,20대,28,2443.63,22.34,96259.15,743
202606,00508,508. 성수아카데미타워 앞,정기권,M,기타,2,14.25,0.13,553.43,9
202606,00493,493.홍대입구역 6번출구,정기권,M,60대,18,1226.55,11.11,47922.10,466
202606,00163,163. 명지전문대학교 정문 앞,정기권,,30대,27,2883.96,26.01,112042.57,997
202606,04942,4942.율현삼거리,일일권,M,40대,7,830.66,7.13,30711.80,181
202606,00758,758. 한사랑교회 앞,정기권,,20대,81,2867.51,25.84,111403.38,987
202606,03984,3984. 가산롯데아이티캐슬,정기권,,20대,84,7850.05,70.80,323872.26,2002
202606,00163,163. 명지전문대학교 정문 앞,정기권,,기타,13,858.69,7.73,33359.85,176
202606,04281,4281.명지대사거리,정기권,M,20대,93,5468.37,49.41,212985.92,1432
202606,04629,4629. 한강초교보도육교 앞,일일권,,기타,11,1613.11,14.53,62669.86,669
202606,02504,2504. 신사역 4번출구 뒤,일일권,M,40대,20,2165.96,19.53,84147.85,638
202606,00163,163. 명지전문대학교 정문 앞,정기권,F,50대,42,3327.35,29.97,129267.75,800
202606,03975,3975.현대시티아울렛 가산,일일권,M,20대,55,2833.81,25.78,111059.47,896
202606,04102,4102. 휘경1동주민센터 앞,일일권,,40대,10,617.47,5.56,23988.74,227
202606,02230,2230.이수역 4번 출구,정기권,M,50대,153,8390.70,75.59,339897.85,3655
202606,04213,4213. 마포구중앙도서관 정문 앞,일일권,,50대,10,929.18,8.35,36098.70,435
202606,05311,5311. 주공601동 상가 노원지하보도 앞,정기권,,30대,124,6132.52,55.23,238249.48,2550
202606,05313,5313. 중계주공2단지 앞,정기권,M,70대이상,6,96.98,0.88,3768.02,33
202606,00508,508. 성수아카데미타워 앞,일일권(3시간),F,30대,2,112.39,1.01,4366.09,143
202606,02725,2725.서울식물원 식물문화센터,일일권,F,60대,3,120.46,1.09,5892.02,48
202606,00263,263. 근로자회관 사거리,정기권,F,60대,10,649.43,5.85,25230.46,417
202606,03797,3797. 마곡수명산파크7단지 710동 앞,일일권,M,40대,13,740.08,6.64,28645.66,166
202606,03600,3600.사근빗물펌프장 건너편,정기권,,50대,51,5852.82,52.74,227381.92,1186
202606,01726,1726. 삼익세라믹아파트교차로,일일권(비회원),,40대,1,223.14,2.01,8668.87,53
202606,06188,6188.금호아파트,일일권,,기타,3,139.23,1.25,5408.88,33
202606,00908,908. 구산역 4번출구,정기권,F,20대,54,3375.11,30.38,131123.54,1017
202606,00372,372. 약수역 3번출구 뒤,일일권,M,30대,29,2414.33,21.69,93409.40,791
202606,02333,2333. 양재역 3번출구 주변,정기권,F,40대,33,2205.93,19.89,85699.85,650
202606,00832,832. 이촌1동 주민센터 뒤,정기권,M,20대,49,2869.85,25.87,112251.02,855
202606,04940,4940.한강버스 압구정 선착장,일일권,M,50대,103,20690.15,180.60,785448.18,5085
202606,01464,1464.중화역 4번출구,일일권,,기타,1,17.96,0.16,697.84,6
202606,01901,1901. 신도림동주민센터 앞,일일권,,30대,31,1661.07,15.01,64532.79,553
202606,02426,2426.강남한신휴플러스 6단지,정기권,F,30대,52,2647.99,23.88,102873.99,1862
202606,02645,2645.잠실나들목2(엘스아파트136동),일일권,F,40대,13,1349.65,12.53,54024.87,420
202606,04859,4859. 잠실나루 나들목,일일권,,40대,26,2718.23,24.51,105603.22,818
202606,05098,5098. LG사이언스파크 W4동,일일권,F,20대,19,606.89,5.46,23578.07,323
202606,03416,3416.동묘앞역 6번출구,정기권,,기타,5,375.89,3.39,14603.25,99
202606,03868,3868. 자양한강도서관,일일권,M,20대,33,2929.21,26.40,113799.59,755
202606,00817,817. 삼각지역 4번출구 앞,일일권,,30대,59,3111.73,28.02,120889.79,886
202606,01346,1346. 길음8골어린이공원 옆,가족권,M,~10대,5,181.53,1.62,7052.19,188
202606,01110,1110. 공항중학교앞,일일권(비회원),,40대,1,40.91,0.37,1589.30,14
202606,00438,438. 성산2-1 공영주차장,일일권(비회원),,20대,3,185.14,1.67,7192.48,121
202606,04098,4098.창동역 1번출구 인근,일일권(3시간),,기타,1,880.57,7.94,34210.00,124
202606,00623,623. 서울시립대 정문 앞 B,일일권,F,30대,18,766.88,6.88,29643.45,281
202606,04104,4104. 외대앞역 교차로,정기권,,40대,7,126.18,1.13,4902.57,74
202606,04425,4425. 하늘채코오롱아파트 앞,일일권,,기타,2,306.35,2.76,11901.73,69
202606,02503,2503. 반포1동 서초빌딩 앞,일일권,,30대,26,2537.15,22.86,98568.16,703
202606,01965,1965. 삼환로즈빌아파트 105동 옆,정기권,M,40대,108,7210.52,64.98,280128.40,2051
202606,06062,6062.서울역파출소,일일권,,40대,2,246.76,2.23,9586.71,64
202606,02427,2427.개포고등학교 정문앞,정기권,M,~10대,73,3000.59,27.18,118908.41,1001
202606,04968,4968.강동구 자원순환센터,일일권(3시간),,30대,2,1392.76,12.56,54108.80,429
202606,04940,4940.한강버스 압구정 선착장,일일권,F,40대,204,31219.81,287.22,1252016.01,10559
202606,04180,4180. 흑석동주민센터 입구,일일권(비회원),,~10대,1,136.86,1.23,5317.05,36
202606,00426,426. 서울신용보증재단,일일권,F,50대,2,222.35,2.00,8638.16,173
202606,04855,4855. 거여5단지 503동 앞,정기권,M,70대이상,19,1448.37,13.07,56269.40,1169
202606,00425,425. DMC첨단산업센터,일일권,F,30대,11,645.57,5.81,25080.09,195
202606,01446,1446. 중랑전화국 교차로,일일권,F,40대,5,104.37,0.94,4054.98,71
202606,04508,4508. 유원목동아파트 103동 앞,일일권,F,기타,1,48.09,0.43,1868.48,15
202606,00409,409. 누리꿈스퀘어 옆,일일권,,30대,11,1469.51,13.26,57090.43,353
202606,00303,303. 광화문역 1번출구 앞,일일권,M,기타,1,51.25,0.46,1991.02,23
202606,00916,916. 평생학습관 앞,정기권,,30대,99,4404.47,39.69,171113.75,1248
202606,02826,2826.가마산지하보도 옆,일일권,M,70대이상,1,69.64,0.63,2705.38,29
202606,01078,1078.둔촌사거리,일일권(비회원),,60대,11,677.12,6.11,26306.20,193
202606,01368,1368. 성신여대입구 교차로,일일권(비회원),,20대,1,62.61,0.56,2432.59,25
202606,03539,3539. 서원마을,일일권,F,20대,3,162.25,1.46,6303.12,37
202606,01853,1853. 청년취업사관학교앞,일일권,,20대,5,93.87,0.85,5620.39,110
202606,02221,2221. 방일초교 마을버스 정류장,일일권(3시간),M,40대,2,18.65,0.16,724.70,8
202606,01105,1105. 방화근린공원,정기권,,70대이상,4,54.77,0.49,2127.97,20
202606,04891,4891. 위례포레나송파,정기권,M,50대,44,2570.53,23.18,99864.20,1028
202606,00633,633. 청량리 기업은행 앞,정기권,,40대,43,3089.37,27.84,120953.84,972
202606,05764,5764. 한국체육대학교,일일권(3시간),F,30대,1,131.03,1.18,5090.62,80
202606,01774,1774.정의여중고 버스정류소,일일권(비회원),,20대,1,24.45,0.22,950.00,7
202606,04244,4244. 당인리발전소 공원 앞,일일권,M,50대,4,946.43,8.34,35929.98,237
202606,00996,996.응암역2번출구 국민은행 앞,정기권,,70대이상,8,484.64,4.38,18828.32,274
202606,01696,1696.수락리버시티4단지,일일권,M,~10대,31,2049.36,18.42,79328.90,551
202606,03788,3788. 정곡나들목,일일권,M,20대,60,9364.02,83.66,360534.83,2134
202606,00733,733. 신정이펜하우스314동,정기권,,50대,22,1392.34,12.57,54092.72,406
202606,02245,2245.양재초등학교 맞은편,일일권,,기타,1,35.76,0.32,1389.16,11
202606,05507,5507. 아현래미안푸르지오아파트 104동 앞,정기권,F,60대,3,149.16,1.35,5795.08,56
202606,00777,777.신월6차보람아파트 앞,일일권,F,~10대,5,178.82,1.61,6947.17,136
202606,03542,3542. 래미안 구의파크 스위트,가족권,,~10대,2,82.06,0.74,3188.18,13
202606,01674,1674. 서울북부고용센터앞,일일권(비회원),,30대,1,117.97,1.06,4582.96,45
202606,04137,4137. 답십리역 4번출구,일일권(비회원),,20대,4,226.11,2.03,8784.48,73
202606,00165,165. 중앙근린공원,일일권(3시간),F,40대,2,633.54,5.71,24613.00,184
202606,01244,1244. 문정 법조단지8,정기권,,50대,50,1894.39,17.11,73916.43,667
202606,01113,1113. 서남환경공원 버스정류장,정기권,,기타,38,1641.74,14.76,63780.16,417
202606,01205,1205. 종합운동장역 4번출구,가족권(2시간),F,~10대,1,180.44,1.63,7010.00,38
202606,03503,3503. 광진유진스웰,일일권,F,~10대,3,91.56,0.83,3557.07,22
202606,00493,493.홍대입구역 6번출구,일일권(3시간),M,40대,1,55.86,0.50,2169.97,171
202606,01610,1610. 화랑대역 2번출구 앞,가족권(2시간),M,~10대,2,924.19,8.33,35905.11,248
202606,01531,1531. 미아사거리 1번 출구,일일권,F,30대,21,1661.48,14.98,64549.35,616
202606,01854,1854. 가산아네스트 오피스텔 앞,일일권,M,40대,2,65.16,0.58,2530.90,36
202606,03794,3794. 안양천합수부(현대3차아파트),정기권,F,40대,106,11162.35,101.22,436447.56,2934
202606,00165,165. 중앙근린공원,정기권,,40대,73,3337.22,30.08,129651.66,1120
202606,00551,551. 구의삼성쉐르빌 앞,정기권,,기타,38,2910.86,26.65,114914.38,870
202606,00329,329. 청계2가 사거리 옆,일일권(비회원),,기타,23,1524.88,13.73,62044.43,611
202606,04512,4512. 목동13_14단지 사거리,정기권,F,60대,10,1417.53,12.79,55071.43,450
202606,04313,4313. 반포종합운동장,일일권(3시간),M,30대,1,188.68,1.70,7330.26,55
202606,04895,4895. 송파레이크힐 상가,정기권,,50대,21,1427.94,12.87,66165.16,593
202606,00289,289. 대림3동사거리,일일권,M,40대,13,667.78,6.00,25943.92,221
202606,03528,3528. 광진정보도서관,일일권(비회원),,50대,2,547.29,4.93,21262.38,123
202606,05342,5342. 상계공원 입구,정기권,M,20대,114,5545.04,50.05,215425.02,2145
202606,01059,1059. 래미안 강동팰리스(102동),정기권,F,60대,4,83.85,0.76,3257.31,29
202606,00535,535. 응봉삼거리,정기권,,40대,21,1625.71,14.67,63158.71,417
202606,02223,2223. 방배래미안 정문 앞,정기권,F,~10대,1,5.13,0.05,199.44,3
202606,00745,745. 강서초등학교,일일권,F,20대,4,119.20,1.07,4630.81,43
202606,04427,4427. 동일하이빌뉴시티,일일권,M,50대,7,435.63,3.94,16923.84,139
202606,01003,1003. 해공도서관앞,일일권,M,~10대,2,60.64,0.54,2355.97,24
202606,01380,1380.월곡역 5번출구 앞,일일권,F,40대,25,3571.90,32.23,138768.89,834
202606,02539,2539.대한무역투자진흥공사 KOTRA 앞,일일권,M,기타,1,63.25,0.57,2457.18,17
202606,02398,2398. 더라움,정기권,F,70대이상,1,,,2998.00,40
202606,02223,2223. 방배래미안 정문 앞,일일권,F,30대,9,425.17,3.95,16974.61,140
202606,00656,656. 영휘원 교차로,정기권,,50대,26,1738.94,15.67,67557.88,546
202606,04397,4397. 마장축산물시장 북문 건너편,일일권,F,40대,17,2662.59,23.96,103255.12,566
202606,02214,2214. 신반포역 2번출구 앞,정기권,M,50대,134,22013.02,198.37,864773.93,5520
202606,02306,2306. 압구정역 2번 출구 옆,일일권,F,30대,37,3743.82,34.24,147580.48,1510
202606,02539,2539.대한무역투자진흥공사 KOTRA 앞,일일권,F,20대,4,434.83,3.92,16893.04,181
202606,03692,3692. 둔촌오륜역 1번 출구,일일권,,30대,39,2673.50,24.10,103865.57,875
202606,02012,2012. 대림사거리(동작상떼빌아파트),일일권,,20대,9,440.31,3.97,17930.16,214
202606,01013,1013. 강동구청역 1번 출입구,정기권,,40대,115,4659.91,42.06,183248.59,3319
202606,01851,1851. 가산디지털단지 9번출구 인근,정기권,M,20대,149,5029.06,45.34,195379.98,1565
202606,05868,5868. 로프트시티오피스텔,일일권(3시간),M,20대,1,700.35,6.31,27208.48,219
202606,02239,2239.교대역 6번출구,정기권,M,60대,39,1815.68,16.35,72077.89,1145
202606,01468,1468.먹골역 7번 출구,일일권,,30대,12,1250.86,11.28,48595.84,296
202606,02312,2312. 청담역 13번 출구 앞,일일권(3시간),F,40대,2,441.19,3.98,17139.90,176
202606,01289,1289. 풍납토성 서성벽터B,정기권,,50대,24,1765.10,15.89,68574.50,429
202606,02069,2069. 숭실대 입구역3번 출구 앞,일일권(비회원),,20대,8,568.33,5.12,22080.08,145
202606,00927,927. 연신내역 3번출구 인근,일일권,M,60대,3,95.94,0.86,3727.15,30
202606,05872,5872. 서경팰리스 앞,일일권,F,30대,9,498.70,4.51,19374.79,188
202606,05867,5867. H타워 앞,정기권,M,50대,119,11483.51,103.75,446977.97,3315
202606,04324,4324. 세화고등학교,일일권(3시간),M,30대,1,479.54,4.32,18630.00,118
202606,00743,743. 현대6차아파트 101동 옆,일일권,F,30대,5,775.06,7.00,30110.68,230
202606,01611,1611. 과기대 입구(우),정기권,,50대,24,1751.90,15.80,68060.90,435
202606,01296,1296. 석촌호수교차로 (송파나루근린공원 앞),정기권,M,50대,21,927.14,8.30,35799.69,485
202606,00731,731. 서울시 도로환경관리센터,일일권,F,30대,24,1823.32,16.44,70836.23,536
202606,00633,633. 청량리 기업은행 앞,정기권,F,~10대,11,374.02,3.37,14530.78,130
202606,01708,1708. 도봉보건소사거리,일일권(3시간),M,50대,1,179.15,1.61,6960.00,55
202606,05091,5091. 보타닉파크타워2,정기권,M,~10대,28,769.02,6.92,29877.15,285
202606,04423,4423.현대백화점 미아점,일일권,,기타,7,711.35,6.41,27635.49,173
202606,04765,4765. 동대문디자인플라자,정기권,M,50대,73,8182.20,73.77,317879.65,2297
202606,00368,368. SK 서린빌딩 앞,일일권(비회원),,30대,2,179.08,1.62,6957.05,37
202606,02040,2040. 비계 버스정류소,일일권,F,60대,1,15.30,0.14,594.54,18
202606,00795,795.양천 해누리타운,일일권,F,20대,26,1876.76,16.98,73265.51,568
202606,03100,3100. 북성초교,일일권,,20대,2,130.26,1.17,5060.54,28
202606,04238,4238. 상암한샘빌딩앞,일일권,F,60대,1,40.67,0.37,1580.00,21
202606,04940,4940.한강버스 압구정 선착장,정기권,F,40대,225,46070.13,421.28,1821357.78,10344
202606,04752,4752. 삼성사이버빌리지아파트,일일권,,20대,2,378.02,3.41,14686.36,82
202606,01514,1514. 강북구청 사거리 버스정류소 앞,정기권,F,40대,50,4658.21,42.07,181320.88,1290
202606,03413,3413.종로플레이스,일일권,,50대,1,41.38,0.37,1607.75,11
202606,02265,2265. 이수고가차도 남단,일일권(3시간),,20대,1,295.69,2.67,11487.48,122
202606,05329,5329. 상계주공15단지 1509동 앞,일일권(비회원),,50대,2,90.78,0.82,3526.86,35
202606,02392,2392. 구룡산 입구 (구룡산 서울둘레길 입구),일일권,,기타,1,57.76,0.52,2243.79,15
202606,01533,"1533. 번동 주공3, 4단지 교차로",정기권,M,70대이상,2,173.04,1.56,6722.78,49
202606,00780,780.신정교 하부,일일권,F,20대,64,7996.81,72.37,311872.16,2055
202606,02206,2206. 언남초등학교 앞,정기권,F,50대,27,1112.01,9.99,43202.70,833
202606,00166,166. 가재울 초등학교,정기권,M,50대,92,6054.66,55.24,237900.52,1837
202606,00815,815. LIG강촌아파트 103동앞,정기권,F,40대,75,5079.77,45.78,197349.94,1899
202606,02737,2737.까치산역 3번 출구,정기권,,50대,32,1773.55,15.96,73471.06,710
202606,00166,166. 가재울 초등학교,정기권,M,~10대,22,4239.20,37.44,161436.91,855
202606,01611,1611. 과기대 입구(우),일일권,,50대,2,242.68,2.19,9428.22,74
202606,04657,4657. 본 서부병원 교차로 사거리,정기권,,60대,6,380.14,3.44,14768.91,297
202606,02603,2603. 송파 글마루 도서관,정기권,F,20대,47,1527.55,13.77,59345.93,459
202606,00307,307. 서울역사박물관 앞,정기권,,20대,51,2629.32,23.68,102147.51,940
202606,05076,5076. 메이필드호텔앞,일일권,F,40대,1,25.76,0.23,1000.73,9
202606,02358,2358. 구룡초사거리 (현대아파트10동 앞 ),일일권(3시간),F,40대,1,302.04,2.72,11734.33,177
202606,02715,2715.마곡나루역 2번 출구 ,정기권,,기타,187,5538.75,50.28,216751.14,2635
202606,05885,5885. 신정교하부(도림천역 방면),일일권(3시간),,30대,1,348.06,3.14,13522.20,152
202606,01388,1388. 돈암초교입구 버스정류장(한성대입구역 방면),일일권,M,40대,1,98.33,0.89,3820.00,36
202606,04139,4139. 답십리 사거리,정기권,,60대,5,298.34,2.69,11590.26,102
202606,06062,6062.서울역파출소,정기권,F,20대,11,1242.52,11.19,48271.60,383
202606,01696,1696.수락리버시티4단지,정기권,,20대,23,1097.33,9.91,42631.93,366
202606,01075,1075.천동초교 삼거리,일일권,,기타,2,320.87,2.89,12465.60,109
202606,04099,4099.창동역 이마트 건너편,일일권,F,20대,7,551.18,5.00,21540.99,161
202606,04543,4543. 오목교역 6번 출구,가족권,M,~10대,5,410.96,3.70,15965.26,172
202606,04644,4644.서울특별시교육청 앞,일일권,F,40대,19,1310.21,11.81,50900.96,576
202606,04102,4102. 휘경1동주민센터 앞,일일권,F,50대,5,889.82,8.02,34569.65,200
202606,04273,4273. 홍연2교 사거리,정기권,M,~10대,3,124.67,1.12,4843.15,70
202606,01243,1243. 문정 법조단지7,정기권,M,50대,120,12010.83,108.23,467228.10,3758
202606,02414,2414. 도곡역 아카데미스위트 앞,정기권,M,30대,130,12032.65,106.52,459128.96,3106
202606,00388,388. 동성중학교 앞,정기권,M,70대이상,1,230.28,2.08,8946.20,71
202606,00341,341. 혜화역 3번출구 뒤,일일권,F,20대,32,2470.08,22.27,96123.41,707
202606,02909,2909. 석계역 3번 출구,일일권,M,~10대,24,1337.68,11.87,51192.94,373
202606,01933,1933. 개봉푸르지오아파트 상가,정기권,F,60대,13,645.91,5.82,25554.23,318
202606,03207,3207.양남사거리1,정기권,M,60대,39,1378.08,12.39,53537.96,729
202606,00272,272. 당산육갑문,일일권(3시간),M,70대이상,2,262.70,2.36,10205.80,101
202606,00992,992.북한산입구 정류장,일일권,F,20대,2,227.31,2.05,8830.98,57
202606,03919,3919. 구로역·NC신구로점 버스정류장(구로역 방면),정기권,F,60대,19,753.92,6.79,29289.39,329
202606,02198,2198.사랑의병원,가족권,M,~10대,1,30.31,0.27,1177.69,12
202606,00906,906. 연신내역 5번출구,정기권,,20대,209,15914.62,143.41,618284.50,6333
202606,01388,1388. 돈암초교입구 버스정류장(한성대입구역 방면),정기권,M,20대,75,3877.43,34.97,151611.94,1005
202606,00382,382. 약수역 10번출구 앞,정기권,,20대,19,2792.88,25.16,108503.89,546
202606,04665,4665. 응암역3번 출구(서부경찰서 방면),일일권,M,20대,21,756.72,7.01,30189.79,254
202606,02414,2414. 도곡역 아카데미스위트 앞,정기권,F,20대,48,2740.60,24.70,106920.76,666
202606,04465,4465. 건영아파트앞 사거리,정기권,,기타,7,335.07,3.02,13016.92,92
202606,01200,1200. 개화광역환승센터,정기권,,20대,21,1160.16,10.45,45072.03,502
202606,04266,4266.국민연금공단충정로사옥,정기권,F,40대,7,853.00,7.69,33138.78,193
202606,00852,852. 청암자이아파트 앞,일일권,M,40대,31,3821.72,34.36,148214.36,955
202606,05322,5322.노원성당 앞,일일권(비회원 3시간),,기타,1,98.21,0.89,3815.32,39
202606,00464,464. 삼청동 골목,일일권,M,50대,3,75.57,0.68,2935.86,21
202606,01459,1459. 용마한신아파트사거리,일일권,M,~10대,4,412.19,3.72,16013.86,168
202606,01553,1553.서울북부고용노동지청,일일권(비회원),,기타,17,1844.21,16.62,71647.47,387
202606,01501,"1501. 미아역 3번,4번 출구 사이",정기권,F,60대,21,586.17,5.29,22772.41,314
202606,05760,5760. 풍납사거리 성내유수지,정기권,M,30대,108,4987.81,44.04,189954.52,2278
202606,04040,4040. 공릉로 26길,정기권,F,30대,21,1088.91,9.81,42305.27,391
202606,05861,5861. 보라주유소 앞,일일권(비회원),,40대,1,76.73,0.69,2980.83,17
202606,03688,3688. 상일동산(동아아파트앞 교차로),일일권,F,30대,6,278.89,2.52,10834.91,77
202606,04599,4599. 대림우성아파트 사거리,일일권,F,50대,1,68.70,0.62,2668.90,20
202606,03668,3668. 성내삼성아파트,일일권,M,50대,8,470.24,4.24,18268.82,214
202606,01042,1042. 강일리버파크 2~5단지,일일권,F,50대,2,154.23,1.39,5992.18,96
202606,02356,2356. 강남구청,일일권,M,20대,16,1186.62,10.68,46101.07,330
202606,01714,1714. 도봉문화정보도서관 삼거리,일일권,F,30대,10,414.90,3.74,16119.22,153
202606,03914,3914. 신도림쌍용플래티넘노블아파트 앞,일일권,M,~10대,12,291.31,2.64,11316.97,83
202606,04031,4031. 청암예술학교 앞,정기권,F,40대,125,6837.77,61.62,265648.42,2546
202606,00468,468.웨스틴 조선호텔,정기권,M,~10대,2,54.14,0.48,2103.11,17
202606,00800,800. 목월공원 앞,일일권,,40대,3,184.40,1.66,7163.67,181
202606,00169,169. 북가좌 삼거리,정기권,F,20대,9,839.12,7.57,32599.75,205
202606,00298,298.KBS 연구동 건너편,정기권,M,50대,64,5261.60,46.98,202421.43,1282
202606,04214,4214. JTBC 앞,정기권,M,기타,1,20.53,0.19,797.52,5
202606,01636,1636. 상계주공2단지 버스정류장 옆,정기권,,50대,78,3492.98,31.47,135704.71,1408
202606,02336,2336. 강남세브란스교차로  래미안그레이튼 104동 앞,정기권,,20대,39,1562.72,14.10,60710.72,307
202606,00169,169. 북가좌 삼거리,정기권,M,20대,24,971.67,8.76,37749.25,375
202606,04206,4206. 광흥창역5번출구,일일권,,기타,14,3074.74,27.72,119453.61,972
202606,01110,1110. 공항중학교앞,일일권,F,40대,2,231.16,2.08,8980.29,72
202606,00949,949. 연신내역 1번 출구 ,정기권,M,20대,107,4198.03,36.85,158735.90,1161
202606,00169,169. 북가좌 삼거리,정기권,M,60대,23,2313.01,20.85,89821.72,629
202606,03518,3518. 군자역 7번출구뒤,정기권,F,~10대,14,525.71,4.76,20423.63,120
202606,00937,937. 상림마을 롯데캐슬2단지 옆,일일권,F,30대,3,278.69,2.52,10827.11,95
202606,01036,1036. 고덕동 주양쇼핑,일일권(비회원),,기타,4,261.51,2.35,10159.34,77
202606,03109,3109.북한산더? 106동 앞,일일권,F,20대,4,830.76,7.48,32275.03,209
202606,03127,3127.홍은2파출소 옆,정기권,M,~10대,9,673.63,6.08,26170.32,164
202606,03113,3113. 독립문 앞,정기권,F,70대이상,3,231.18,2.82,12162.42,202
202606,01117,1117. 등촌5단지아파트 버스정류장,정기권,M,40대,364,19772.30,178.22,770657.12,5677
202606,01727,1727. 서울도봉초등학교인근,일일권,,50대,4,146.08,1.33,5675.51,45
202606,00904,904. 은평뉴타운 푸르지오,일일권(비회원),,40대,1,45.52,0.41,1768.52,12
202606,03692,3692. 둔촌오륜역 1번 출구,정기권,,40대,71,4982.52,44.92,194301.39,1620
202606,00787,787.양천아파트 입구,정기권,,40대,174,9927.30,89.44,388229.31,3243
202606,00904,904. 은평뉴타운 푸르지오,일일권,,40대,1,13.53,0.12,525.77,3
202606,04897,4897. 잠실주공5단지1,가족권,M,~10대,3,138.86,1.25,5394.65,42
202606,00533,533. 금남시장 교차로,일일권,,기타,3,1186.48,10.69,46095.06,242
202606,00297,297.국회3문,일일권,,20대,3,142.49,1.29,5535.90,57
202606,01809,1809. LG전자 별관동(호서대 벤처타워 맞은편),정기권,F,40대,22,1184.51,10.69,48874.30,390
202606,02172,2172. 나들목공원,일일권,F,30대,6,314.45,2.84,12216.01,113
202606,04266,4266.국민연금공단충정로사옥,정기권,,60대,2,27.51,0.25,1068.82,12
202606,00381,381. 장충체육관,정기권,,20대,5,1019.02,9.18,39589.13,213
202606,00170,170. DMC파크뷰자이아파트 302동 앞,일일권(3시간),F,40대,1,175.46,1.58,6816.77,131
202606,04345,4345. 반포역 4번출구,정기권,M,50대,73,8793.44,79.24,342111.97,2110
202606,00251,251. 서울지방병무청 버스정류장,일일권,,기타,2,43.97,0.40,1708.18,85
202606,04619,4619. 한강트럼프월드3차 앞,정기권,,70대이상,5,564.76,5.10,21940.82,120
202606,00435,435. SK 남산빌딩,일일권,,30대,5,235.23,2.11,9138.75,57
202606,01535,1535. 효성인텔리안 앞,정기권,,20대,112,5440.05,49.00,211145.27,1602
202606,01759,1759.서울북부지방법원 앞,일일권,F,30대,12,685.84,6.19,26644.53,256
202606,01814,1814. 두산위브아파트 옆 상가건물 앞,정기권,,60대,1,21.57,0.19,838.18,3
202606,00170,170. DMC파크뷰자이아파트 302동 앞,정기권,,40대,76,5822.89,52.49,226217.48,2104
202606,01167,1167. 마곡수명산파크3단지 교차로,정기권,M,20대,439,12256.70,110.48,483676.09,5894
202606,00555,555. 구의3동주민센터,정기권,,40대,9,287.53,2.60,11169.95,169
202606,03609,3609. 언주초등학교 입구,정기권,F,40대,25,2057.80,18.53,79945.53,608
202606,04791,4791. 명동역9번 출구,정기권,F,~10대,1,107.83,1.15,4951.07,41
202606,05087,5087. 연세강서빌딩,정기권,M,30대,382,15570.48,139.95,603546.66,4766
202606,04353,4353. 코오롱디지털타워 3차앞,일일권,M,50대,3,177.80,1.60,6907.57,56
202606,04104,4104. 외대앞역 교차로,일일권,,20대,19,2109.35,18.99,99958.61,645
202606,02807,2807.항동지구 1단지 105동 앞,정기권,M,30대,9,551.93,4.96,21442.46,150
202606,00426,426. 서울신용보증재단,정기권,M,60대,7,299.80,2.71,11646.60,72
202606,01924,1924. 삼부르네상스파크빌,일일권(비회원),,기타,5,447.69,4.03,17392.37,203
202606,03770,3770. 남부순환로 205,일일권(3시간),,30대,5,678.30,6.11,26351.76,281
202606,05319,5319. 연해피빌 앞,일일권,F,20대,44,954.75,8.58,37091.65,799
202606,00320,320. 을지로입구역 4번출구 앞,정기권,F,30대,100,4830.65,43.90,189273.74,2195
202606,05059,5059. 화곡2동주민센터,일일권,M,50대,3,314.81,2.83,12230.42,107
202606,02659,2659.서울친환경유통센터,정기권,F,30대,26,1017.53,9.15,39530.62,254
202606,01861,1861.IBK기업은행 석수역 지점 앞,정기권,F,50대,3,244.50,2.21,9498.83,73
202606,02421,2421. 신논현역 4번출구,정기권,M,50대,76,4260.67,38.35,165272.94,1963
202606,01820,1820. 신한은행 시흥대로금융센터지점,정기권,M,~10대,2,324.74,2.93,12615.91,88
202606,02823,2823.중앙유통단지 앞,일일권(비회원),,~10대,1,19.82,0.18,770.00,6
202606,01572,1572. 우이동 먹거리마을,정기권,,40대,1,209.80,1.89,8150.72,94
202606,04025,4025. 한천교 동편,일일권(비회원),,기타,6,656.57,5.91,25507.78,228
202606,01946,1946. 구로역 광장,일일권(비회원),,기타,10,580.34,5.22,23851.46,200
202606,05753,5753. 호반써밋,정기권,M,60대,38,2327.51,20.97,90424.44,833
202606,00171,171. 임광빌딩 앞,일일권,F,30대,5,312.88,2.82,12155.07,119
202606,05305,5305. 대륜E&S 서울지사 앞,정기권,F,60대,9,640.49,5.77,24883.55,348
202606,01253,1253. 오금역 3번 출구 뒤,일일권(비회원),,30대,2,90.71,0.81,3524.08,65
202606,04591,4591. 신길자이아파트,일일권,M,30대,18,1725.99,15.54,67055.57,478
202606,01160,1160. 양천향교역 7번출구앞,일일권,,30대,99,5393.00,48.76,213565.50,1768
202606,03518,3518. 군자역 7번출구뒤,일일권,F,~10대,7,439.01,3.97,17153.20,114
202606,01975,1975. 대림역 1번 출입구 밑,일일권,,기타,9,1515.75,13.66,58887.75,416
202606,04638,4638. 청파동삼거리 앞,정기권,F,60대,5,506.25,4.57,19667.59,246
202606,00483,483.남산타운아파트 버스정류장,일일권,M,20대,19,1605.48,14.46,62372.53,491
202606,01955,1955. 디지털입구 교차로,정기권,M,50대,119,7376.25,66.53,292826.72,2420
202606,03542,3542. 래미안 구의파크 스위트,정기권,,30대,146,8156.05,73.68,318609.20,2363
202606,01725,1725. 창1동주민센터,일일권,M,20대,10,489.98,4.41,19035.78,219
202606,00949,949. 연신내역 1번 출구 ,정기권,F,50대,25,1096.20,9.89,42588.15,367
202606,02301,2301. 현대고등학교 건너편,정기권,,50대,33,4667.01,42.05,181313.67,957
202606,00950,950. 구산역 2번 출구 예일여고 버스정류장,정기권,M,70대이상,3,100.68,0.91,3911.37,47
202606,00931,931. 역촌파출소,일일권(3시간),F,30대,1,396.00,3.57,15384.50,101
202606,01002,1002. 해공공원(천호동),정기권,,50대,11,418.16,3.76,16245.40,206
202606,02127,2127. 난곡종점,정기권,,기타,7,495.98,4.46,19269.07,98
202606,04918,4918. 매봉역 1번출구,정기권,M,40대,154,5583.28,50.27,217538.99,3308
202606,00953,953. 서울연신초등학교,정기권,F,30대,10,370.23,3.33,14383.40,188
202606,00766,766. 신목동역 3번출구,일일권,F,~10대,2,302.49,2.73,11752.03,85
202606,02024,2024. 상도역 1번출구,일일권,F,~10대,1,9.58,0.09,372.02,33
202606,01628,1628. 노일초등학교 앞,일일권(3시간),M,20대,1,242.89,2.19,9436.46,163
202606,01013,1013. 강동구청역 1번 출입구,일일권,F,50대,8,370.20,3.37,14550.50,153
202606,01767,1767.방학초등학교 앞,일일권,,60대,1,123.73,1.12,4806.89,44
202606,00642,642. 신답역 사거리,일일권,,~10대,1,154.72,1.39,6010.77,27
202606,01707,1707. 도봉구민회관,정기권,F,30대,27,1622.80,14.63,63046.23,668
202606,01716,1716. 창동역 1번출구 건너편,일일권,,30대,22,1373.52,12.39,53362.00,629
202606,05342,5342. 상계공원 입구,정기권,,50대,26,3170.53,28.59,128645.97,974
202606,04547,4547. 목동역 2번 출구,정기권,M,기타,4,135.76,1.23,5274.64,41
202606,01064,1064.중앙보훈병원역 1번출구,정기권,,60대,18,1254.88,11.31,49648.72,1364
202606,05301,5301. 상계주공1단지 버스정류장 옆(대원빌딩 앞),일일권,,50대,5,428.95,3.86,16664.62,109
202606,01277,1277. 성내7교,정기권,M,~10대,5,577.98,5.32,22967.43,182
202606,02214,2214. 신반포역 2번출구 앞,일일권,F,50대,15,2001.92,18.46,79505.90,707
202606,02529,2529.우리은행 방배동지점 앞,정기권,,20대,21,1355.56,11.99,51763.06,366
202606,01548,1548. 북서울 꿈의숲 서문,정기권,,50대,11,484.04,4.35,18805.30,125
202606,00931,931. 역촌파출소,일일권,F,70대이상,2,409.57,4.36,18804.97,158
202606,00173,173. 서대문역 8번출구 앞,일일권,F,30대,4,204.57,1.85,7947.34,77
202606,04883,4883. 위례포레샤인18단지 1812동,정기권,F,40대,13,747.78,6.75,29050.86,226
202606,01077,1077.강동역 1번출구 앞,정기권,M,60대,76,4073.58,36.34,156512.73,1553
202606,03418,3418.창신역2번 출구,일일권,F,~10대,2,1145.57,10.32,44505.51,220
202606,01016,1016. 해뜨는 주유소옆 리엔파크 109동앞,정기권,,기타,24,373.94,3.37,14525.76,336
202606,04484,4484. 잠실나루역4번출구뒤,정기권,M,40대,369,20429.27,183.47,790022.51,6215
202606,00173,173. 서대문역 8번출구 앞,일일권,M,~10대,1,28.40,0.26,1103.46,7
202606,00584,584. 광진광장 교통섬,일일권(비회원),,40대,1,184.59,1.66,7171.44,74
202606,05309,5309. 월계 롯데캐슬아파트 뒤,일일권,M,50대,8,1059.60,9.54,41165.61,236
202606,00557,557. 도선동 주민센터 앞,일일권,M,기타,1,6.51,0.06,253.08,3
202606,02178,2178. 서울대학교 정문,일일권,,~10대,1,41.57,0.37,1614.85,16
202606,04545,4545. 청소년음악센터,정기권,F,60대,27,1486.39,13.40,57746.18,1316
202606,04493,4493. 마천사거리 2,정기권,F,50대,18,770.73,6.95,29943.20,480
202606,04169,4169. 신대방삼거리,일일권(3시간),M,30대,1,602.13,5.43,23392.90,91
202606,02320,2320. 도곡역 대치지구대 방향,정기권,M,40대,90,6067.20,54.63,235512.39,1729
202606,04033,4033. 녹천역 4번 출구 옆,정기권,,40대,4,241.86,2.18,9396.31,110
202606,00502,502. 자양(뚝섬한강공원)역 1번출구 앞,정기권,,20대,371,19325.59,174.02,750199.54,6437
202606,04668,4668. 기자촌사거리 B,정기권,F,60대,2,100.81,0.91,3916.37,27
202606,01652,1652. 파르코 앞,정기권,M,50대,90,4544.27,40.93,176544.51,2112
202606,03600,3600.사근빗물펌프장 건너편,정기권,F,50대,43,4099.24,36.94,159254.40,1386
202606,00956,956. 응암시장교차로,정기권,M,50대,268,19873.05,179.00,773060.56,5970
202606,04641,4641. 아메리칸센터,정기권,M,40대,51,3007.95,27.14,116859.44,1057
202606,00173,173. 서대문역 8번출구 앞,정기권,M,20대,11,263.47,2.38,10235.74,51
202606,00173,173. 서대문역 8번출구 앞,정기권,M,30대,76,3390.22,30.55,131710.36,1095
202606,00322,322. 명동성당 앞,정기권,M,40대,126,6736.85,60.71,261568.32,3254
202606,01343,1343. 한성대7번출구 앞,정기권,M,70대이상,2,84.60,0.76,3286.88,23
202606,02265,2265. 이수고가차도 남단,정기권,F,30대,97,4293.38,38.72,166797.30,1314
202606,01050,1050.  둔촌역 3번 출입구,일일권,F,50대,10,461.70,4.18,17937.03,175
202606,03103,3103. 홍제삼거리 북측,일일권,F,30대,13,1518.04,13.68,58976.00,468
202606,04398,4398. 유원지식산업센터 앞,일일권(비회원),,30대,4,262.71,2.37,10205.87,86
202606,01826,1826. 한신코아 앞,일일권(비회원),,30대,3,228.28,2.05,8868.85,102
202606,05777,5777. 호반써밋12단지,일일권,F,40대,8,550.57,4.96,21389.54,257
202606,01120,1120. 대림경동아파트앞,일일권(3시간),M,20대,1,168.56,1.52,6548.45,228
202606,04962,4962.고덕비즈밸리 디엠스퀘어 앞,일일권,M,50대,11,1548.35,13.79,61976.21,372
202606,04017,4017. 월계 청백1단지 아파트 정류장,정기권,F,40대,7,486.73,4.39,18909.31,165
202606,01262,1262. 송파여성문화회관 앞,정기권,F,50대,61,3645.00,33.05,142309.64,1872
202606,02231,2231. 삼성타운(삼성생명) A동 맞은편,일일권(3시간),M,20대,1,74.76,0.67,2904.28,32
202606,00175,175. 홍연2교옆,일일권,,기타,8,924.68,8.33,35923.56,274
202606,00394,394. 경희궁 자이 3단지,일일권,M,~10대,5,544.11,4.90,21138.53,136
202606,00823,823. 효창동주민센터 앞,일일권,M,~10대,2,116.85,1.05,4539.85,35
202606,03211,3211.신길 래미안 프레비뉴,정기권,M,60대,16,1170.06,11.22,48342.41,337
202606,00927,927. 연신내역 3번출구 인근,일일권,F,30대,4,334.19,3.02,12983.47,128
202606,00609,609. 제기2교,일일권,M,40대,17,1864.79,16.81,72447.12,547
202606,01109,1109. 공항시장역 4번출구,일일권,F,~10대,1,47.03,0.42,1826.93,18
202606,02824,2824.미래사랑어린이공원 앞,일일권,,40대,13,994.80,8.96,38648.02,313
202606,04846,4846. 상봉동양엔파트 앞,일일권,M,20대,41,3239.16,29.12,125553.62,971
202606,00450,450. 효자동 삼거리,정기권,M,60대,34,2210.77,19.93,85888.22,869
202606,02628,2628.문정역 1번출구,일일권(비회원),,20대,2,111.75,1.00,4341.50,36
202606,02537,2537.양재역 8번출구 앞,일일권,M,40대,16,1133.15,10.15,43807.78,320
202606,01022,1022. 길동 사거리(초소앞),일일권(비회원),,20대,3,236.89,2.14,9203.31,127
202606,00175,175. 홍연2교옆,일일권(3시간),F,20대,1,251.34,2.27,9764.39,95
202606,04512,4512. 목동13_14단지 사거리,가족권,F,~10대,3,152.74,1.38,5933.91,68
202606,00666,666.이문대성유니드아파트 앞,일일권,F,40대,14,2856.47,25.75,110974.49,788
202606,05885,5885. 신정교하부(도림천역 방면),정기권,,30대,82,6079.19,54.49,238587.99,1649
202606,00931,931. 역촌파출소,일일권(비회원),,50대,1,167.54,1.51,6508.89,30
202606,01662,1662. 노원역7번출구,정기권,F,50대,132,9763.51,87.99,380450.83,3320
202606,04856,4856. 올림픽공원 서1문 앞,정기권,F,40대,139,9211.60,83.08,364106.20,3920
202606,05064,5064. 양천향교역8번출구,정기권,F,~10대,9,372.01,3.35,14452.95,105
202606,02535,2535.신반포역 3번출구 뒤,정기권,M,20대,15,879.83,7.93,34181.84,580
202606,03132,3132.홍제교,정기권,F,~10대,1,29.33,0.26,1139.65,8
202606,04479,4479. 문정중학교,정기권,,30대,10,297.41,2.67,11553.96,78
202606,04640,4640. 원효로2가 교차로,정기권,,30대,74,3569.87,32.18,140171.75,1270
202606,00332,332. 을지로2가 사거리 남측,정기권,,기타,10,249.92,2.25,9709.55,66
202606,00272,272. 당산육갑문,정기권,M,40대,457,51067.46,458.89,1977868.93,12389
202606,04823,4823. 방정환교육지원센터 옆,일일권,,50대,1,52.16,0.47,2026.23,11
202606,03770,3770. 남부순환로 205,일일권,M,~10대,7,516.08,4.65,20049.00,135
202606,02821,2821.청구아파트 앞,일일권,F,30대,8,889.45,8.02,34555.06,262
202606,02386,2386. 크린랩 본사,일일권,,30대,10,604.55,5.45,23486.90,213
202606,02404,2404. 대모산입구역 4번 출구 앞,일일권(3시간),,50대,1,294.98,2.66,11460.00,202
202606,04417,4417. 성북청소년문화의집,정기권,,20대,10,683.91,6.17,26569.94,198
202606,03616,3616. 역삼중학교 앞(체육관 방향),일일권,,40대,7,702.45,6.33,27289.73,219
202606,04084,4084. 도봉동실내스포츠센터,정기권,F,40대,135,7954.12,71.69,309018.97,6800
202606,00348,348. 독립문역 사거리,가족권,,~10대,1,27.66,0.25,1074.74,9
202606,04162,4162. 노량진1동 청소년독서실,일일권,,~10대,2,128.26,1.16,4983.03,34
202606,01103,1103. 방화역 4번출구앞,일일권,M,70대이상,6,1277.38,11.51,49626.38,221
202606,02641,2641.송파역 4번출구,일일권,F,50대,12,535.68,4.83,20810.94,230
202606,05082,5082. 가양역 7번출구,일일권,F,50대,13,2638.79,23.80,112694.60,599
202606,02266,2266. 서초역 3번출구,일일권,,50대,3,98.34,0.89,5466.39,95
202606,04336,4336. 서울교육청 교육연수원 앞,일일권,M,~10대,3,187.28,1.69,7275.91,67
202606,03102,3102. 연희삼거리,정기권,,기타,2,82.54,0.74,3206.72,111
202606,04559,4559. 신길역 2번출구,일일권,F,~10대,1,41.81,0.38,1624.46,11
202606,02214,2214. 신반포역 2번출구 앞,정기권,F,30대,51,7934.21,71.52,308245.56,2309
202606,02109,2109. 은천로입구 가로공원,정기권,M,30대,371,16037.08,144.49,629644.69,8235
202606,00817,817. 삼각지역 4번출구 앞,일일권,F,30대,28,1056.13,9.51,41030.35,406
202606,03553,3553.마장역3번출구,일일권,M,50대,5,662.29,5.98,25730.37,130
202606,01681,1681. 현대6차 아파트,정기권,M,~10대,55,1504.96,13.56,58467.84,634
202606,00278,278. 쌍용플레티넘오피스텔,일일권,,20대,68,5728.34,51.61,222546.34,1554
202606,05883,5883. 영문초사거리,일일권,,30대,63,3984.78,35.90,154808.95,1284
202606,01119,1119. 염창동 한마음아파트 앞,가족권,F,~10대,1,17.25,0.16,670.00,6
202606,01201,1201. 가락시장역 3번 출구,일일권,,기타,3,267.80,2.41,10403.87,82
202606,04419,4419. 성북구 한예종 캠퍼스 본관,정기권,,60대,1,63.06,0.57,2450.00,13
202606,04940,4940.한강버스 압구정 선착장,일일권(3시간),F,~10대,4,838.54,7.87,33916.54,228
202606,04074,4074. 도봉구육아종합지원센터(창동),정기권,M,60대,34,1648.13,14.84,64030.76,546
202606,01931,1931. 개봉역2번출구 A,일일권,,40대,4,185.26,1.67,7197.54,61
202606,04179,4179. 보라매병원역 1번출구,일일권(3시간),M,~10대,3,1359.65,12.46,53760.20,507
202606,04703,4703. 쌍용아파트2단지 정문,정기권,F,60대,1,40.67,0.37,1580.00,8
202606,01750,1750. 창포원 남쪽 입구,일일권,F,~10대,5,884.62,7.98,34367.60,186
202606,04523,4523. 구립양천어르신요양센터,정기권,F,50대,5,465.82,4.20,18097.10,122
202606,02096,2096.서울특별시 동작관악교육지원청,일일권(3시간),M,40대,1,447.21,4.03,17374.32,197
202606,01536,1536. 번동 두산위브 101동 옆,정기권,M,30대,69,5592.27,47.74,205632.18,1511
202606,01452,1452. 겸재교 진입부,일일권,F,기타,2,423.47,3.82,16451.59,85
202606,00755,755. 목동1단지아파트 상가 앞,정기권,M,30대,183,9847.09,88.78,388685.38,5318
202606,01088,1088.풍납사거리(강동),일일권(3시간),M,30대,1,24.30,0.22,944.19,8
202606,04207,4207. 아만티호텔 앞,정기권,M,~10대,1,14.11,0.13,548.25,5
202606,03505,3505. 신양초교앞 교차로,정기권,,60대,27,1277.85,11.51,49644.93,2132
202606,02364,2364. 도산공원교차로,정기권,,20대,40,4083.12,36.81,158628.77,929
202606,04269,4269. 연희IC 남측,일일권(비회원),,30대,1,61.61,0.56,2393.55,12
202606,00176,176. 명지대학교 도서관,일일권(3시간),M,60대,1,24.71,0.22,960.00,5
202606,03659,3659. 명일초등학교 옆,일일권,M,~10대,7,200.46,1.77,7683.46,43
202606,00282,282. 신한은행 대림동지점,일일권,,60대,1,64.79,0.58,2517.24,15
202606,00785,"785.양천구청, 보건소 사잇길",일일권(3시간),M,40대,1,95.20,0.86,3698.49,162
202606,01402,1402. 금란주차장 앞,정기권,M,50대,16,597.50,5.36,23213.05,387
202606,00176,176. 명지대학교 도서관,정기권,,30대,86,7177.33,64.67,278841.07,2000
202606,02230,2230.이수역 4번 출구,정기권,M,60대,58,2545.62,22.93,98897.45,1111
202606,03427,3427.인왕산 아이파크 정문,정기권,M,60대,25,1588.20,14.31,61701.46,414
202606,02110,2110. 조원동 미성아파트,정기권,M,70대이상,7,298.38,2.67,11591.76,88
202606,03416,3416.동묘앞역 6번출구,정기권,M,30대,247,14775.49,132.48,570923.15,4996
202606,00426,426. 서울신용보증재단,정기권,F,70대이상,1,52.40,0.47,2035.85,15
202606,04310,4310. 염곡동(염통골) 입구,정기권,M,50대,39,1649.01,14.90,64064.42,378
202606,01024,1024.  강동구청 앞,가족권,,~10대,2,216.58,1.96,8414.26,84
202606,04578,4578.보라매sk뷰,정기권,F,40대,29,1178.18,10.63,45771.92,257
202606,00343,343. 힐스테이트창경궁 아파트 앞,정기권,,50대,31,910.94,8.18,35390.13,707
202606,02907,2907. 월계중학교,정기권,M,60대,15,512.40,4.61,19907.77,173
202606,04584,4584. 국회2문,일일권,M,60대,1,31.38,0.28,1218.92,70
202606,00516,516. 광진메디칼 앞,정기권,F,40대,86,5013.01,45.23,194754.23,2758
202606,04671,4671. 청구성심병원 앞,정기권,M,30대,67,3256.20,29.34,126502.55,1170
202606,05781,5781. 올림픽공원 수영장,일일권,M,~10대,19,1209.89,10.92,47003.93,461
202606,00382,382. 약수역 10번출구 앞,일일권,M,60대,1,68.63,0.62,2666.24,32
202606,00387,387. 훈련원공원주차장 앞,정기권,M,~10대,1,25.56,0.23,992.98,18
202606,03714,3714. 송천센트레빌,정기권,M,30대,19,542.65,4.89,21081.96,233
202606,03557,3557.서울숲리버뷰자이APT105동 앞,일일권,,기타,2,440.05,3.97,17096.08,131
202606,01471,1471.동양쇼핑 정류소 앞,일일권,,기타,5,558.53,5.04,21698.47,151
202606,00905,905. 구파발역 2번출구,정기권,,기타,16,1615.64,14.74,63535.18,395
202606,04017,4017. 월계 청백1단지 아파트 정류장,정기권,F,30대,20,661.56,5.96,25701.89,282
202606,03559,3559.성동구민종합체육센터 앞,일일권(3시간),M,40대,4,236.88,2.13,9202.87,280
202606,03534,3534. 건대입구역 5번출구 뒤,가족권,F,~10대,3,146.27,1.32,5682.54,52
202606,00807,807. 서울역 12번 출구 앞,일일권,F,60대,1,156.92,1.41,6096.44,37
202606,00756,756. 목동주차장,정기권,,20대,89,4655.84,42.01,180879.30,1514
202606,00523,523. 옥수동성당 옆,정기권,M,40대,13,1193.99,10.76,46386.24,303
202606,01242,1242. 문정 법조단지6,정기권,M,40대,15,745.24,6.73,28952.59,229
202606,04713,4713. 현대 뜨레비앙 아파트 앞,정기권,F,70대이상,13,949.90,8.57,36903.64,689
202606,02109,2109. 은천로입구 가로공원,가족권,,~10대,1,143.38,1.29,5570.42,24
202606,04870,4870. 몽촌토성역 3번 출구,정기권,,40대,163,10130.70,91.39,394107.77,4485
202606,03623,3623. 일원에코파크 앞(개포로 방면),일일권,F,20대,11,1460.55,13.16,56743.00,350
202606,02529,2529.우리은행 방배동지점 앞,정기권,M,70대이상,1,57.61,0.52,2238.25,13
202606,01663,1663. 동해문화예술관앞,가족권,,~10대,1,102.70,0.93,3990.00,53
202606,03813,3813. 낙성대역 5번출구,일일권(비회원),,기타,2,229.32,2.07,8909.19,64
202606,04386,4386. 현대자동차 동부서비스센터 주변,정기권,M,60대,24,3252.11,29.29,126344.66,930
202606,04033,4033. 녹천역 4번 출구 옆,정기권,M,~10대,23,1178.46,10.60,45783.00,388
202606,04002,4002. 상계주공 14단지 상가 앞,일일권(3시간),M,20대,1,27.45,0.25,1066.62,11
202606,04479,4479. 문정중학교,일일권,F,40대,2,172.53,1.55,6702.93,91
202606,03934,3934. 철도교통관제센터 정문 앞,정기권,F,20대,82,2166.96,19.64,84341.06,589
202606,00549,549. 아차산역 3번출구,일일권,F,40대,11,500.69,4.38,18849.26,195
202606,01617,1617. 하계동 중평어린이공원 앞,정기권,,30대,152,6316.07,56.92,247729.36,2440
202606,05893,5893.한국산업은행,정기권,,기타,13,844.52,7.56,32580.40,328
202606,00768,768.목동5단지아파트 501동,정기권,M,70대이상,20,854.27,7.70,33188.32,379
202606,01689,1689. 마들역 3번출구,일일권,M,30대,23,1706.45,15.36,71141.25,607
202606,02809,2809.항동지구 11단지 1103동 앞,정기권,F,50대,10,337.43,3.03,13108.42,125
202606,00557,557. 도선동 주민센터 앞,일일권,F,20대,23,2190.02,19.75,85082.07,677
202606,00177,177. 북가좌 초등학교,정기권,,기타,13,1239.95,11.17,48171.72,645
202606,02127,2127. 난곡종점,일일권,M,60대,2,123.38,1.11,4793.39,19
202606,03761,3761. 나이아가라관광호텔,일일권(3시간),M,50대,1,149.59,1.35,5811.49,105
202606,04569,4569. 힐스테이트클래시안아파트,정기권,M,20대,143,5859.52,52.75,227323.34,1583
202606,04473,4473. 마천금호어울림 1차 102동앞,일일권,M,40대,2,102.81,0.93,3975.75,46
202606,01680,1680. 삼육대 제3과학관,정기권,,50대,1,122.35,1.10,4753.27,33
202606,00950,950. 구산역 2번 출구 예일여고 버스정류장,정기권,,20대,46,2877.34,25.96,111784.62,1014
202606,01861,1861.IBK기업은행 석수역 지점 앞,정기권,F,40대,14,1031.97,9.38,40478.10,273
202606,05320,5320. 국제 스케이트장,일일권,M,40대,2,57.32,0.52,2227.06,18
202606,00612,612. 시립동부병원 앞 사거리,정기권,M,30대,256,8863.78,79.91,351644.07,4582
202606,04353,4353. 코오롱디지털타워 3차앞,정기권,F,30대,131,7129.28,64.49,278989.82,2839
202606,01856,1856. 모두의학교,일일권,F,~10대,2,211.99,1.91,8235.67,83
202606,02655,2655.송이공원,정기권,,30대,108,4813.06,43.39,186988.42,6157
202606,04167,4167. 구로교 아래,일일권,M,40대,25,2359.12,21.27,91651.43,628
202606,01806,1806. 에이스하이엔드타워9차 앞,일일권,,기타,1,18.76,0.17,728.88,9
202606,04281,4281.명지대사거리,일일권(비회원),,30대,2,241.91,2.18,9397.98,62
202606,00939,939. 은평구청 교차로,일일권,M,70대이상,1,45.41,0.41,1764.01,15
202606,03204,3204.도림고가도로 밑,일일권,M,40대,5,300.38,2.71,11669.89,107
202606,00178,178. 증산3교 앞,가족권(3시간),M,~10대,2,550.56,4.96,21389.15,220
202606,00260,260. 여의도 마리나선착장 앞,일일권,F,50대,2,373.09,3.36,14494.66,92
202606,03915,3915. 동선아파트 앞,일일권,M,30대,3,111.98,1.06,4562.16,30
202606,04828,4828. 신내동 한살림 중랑지구 앞,일일권,,기타,7,192.05,1.75,7460.49,41
202606,05059,5059. 화곡2동주민센터,정기권,M,40대,73,3728.73,33.61,144861.07,1070
202606,00521,521. 왕십리역 11번 출구 앞,정기권,M,60대,31,2377.06,21.43,92349.49,1274
202606,02219,"2219. 고속터미널역 8-1번, 8-2번 출구 사이",일일권(3시간),,20대,3,724.81,6.53,28158.72,206
202606,01480,1480. 용마지구대 B,정기권,F,50대,20,1751.46,15.89,68514.65,436
202606,02621,2621. 한성백제역 2번 출구,일일권(3시간),M,30대,2,311.94,2.81,12118.68,184
202606,03657,3657. 서울천호동우체국,일일권,F,기타,1,60.69,0.55,2357.62,15
202606,01253,1253. 오금역 3번 출구 뒤,정기권,M,~10대,17,1991.42,17.84,76969.87,371
202606,00748,748. 목동운동장,정기권,,30대,8,419.86,3.77,16311.79,121
202606,04573,4573. 두산위브아파트,일일권,F,~10대,1,12.77,0.12,496.11,5
202606,04940,4940.한강버스 압구정 선착장,일일권(비회원 3시간),,30대,1,591.25,5.33,22970.00,131
202606,01677,1677. 육군사관학교  앞,일일권(비회원),,기타,6,743.06,6.69,28867.89,167
202606,02385,2385. 학동역,정기권,,50대,14,1095.38,9.85,44944.71,304
202606,05866,5866.포레나 당산,일일권(비회원),,기타,9,351.62,3.18,13660.22,132
202606,03680,3680. 강동역3번출구,정기권,F,60대,43,1967.81,18.34,79069.29,1199
202606,01150,1150. 송정역 1번출구,정기권,,50대,59,1673.88,15.10,65032.13,751
202606,04035,4035. 휴플러스 수락한신아파트 101동 앞,일일권(비회원),,기타,3,112.42,1.01,4367.58,298
202606,00178,178. 증산3교 앞,일일권(3시간),F,40대,2,367.34,3.31,14271.33,136
202606,01121,1121. 가양레포츠센터 앞,일일권,,~10대,4,197.37,1.78,7668.03,55
202606,01674,1674. 서울북부고용센터앞,정기권,M,60대,97,6623.75,59.49,256598.04,2634
202606,00345,345. 서울보증보험본사 앞,정기권,,30대,130,8747.54,78.85,339841.86,3145
202606,04246,4246. 상수역새마을금고,정기권,F,20대,82,7433.12,66.99,288776.34,1998
202606,04820,4820. 망우역 2번 출구,정기권,M,50대,111,6283.84,56.64,251161.52,1709
202606,02277,2277. 길마중4교 하부,정기권,,60대,33,2979.27,26.83,115744.88,624
202606,00584,584. 광진광장 교통섬,일일권,F,30대,29,1814.19,16.50,70977.47,814
202606,03503,3503. 광진유진스웰,정기권,,30대,16,1480.60,13.37,57521.78,341
202606,00178,178. 증산3교 앞,정기권,,30대,130,5763.73,51.98,223921.45,2415
202606,03123,3123.DMC파크뷰자이1단지 110동 앞,일일권,,30대,8,978.18,8.81,38002.31,260
202606,00178,178. 증산3교 앞,정기권,,50대,52,4855.23,43.79,188626.51,1246
202606,06184,6184. 한강버스 마곡 선착장,가족권,F,~10대,4,264.06,2.38,10258.33,120
202606,04457,4457. 아산병원 기숙사 부근,일일권,,20대,46,3313.41,29.88,128726.35,1128
202606,04916,4916. 청담역 1번출구,정기권,,기타,2,69.71,0.63,2708.47,23
202606,05763,5763. 세륜초등학교 건너편,정기권,M,40대,32,2256.87,20.01,86273.93,663
202606,04881,4881. 거여동사거리 송파둘레길 입구,일일권,M,~10대,3,140.81,1.26,5470.38,30
202606,03622,3622. 은마아파트입구 사거리(1),일일권,,20대,2,109.40,0.98,4250.29,26
202606,05321,5321.불암아파트 앞,정기권,F,40대,41,2315.46,20.87,89955.06,614
202606,05752,5752. 풍납백제문화공원 옆 인근,일일권(비회원),,30대,1,154.18,1.39,5990.00,41
202606,02348,2348. 포스코사거리(기업은행),정기권,F,50대,48,4654.91,41.95,180842.25,2056
202606,01543,1543. 수유1동 주민센터,일일권(3시간),F,~10대,1,180.11,1.79,7708.99,88
202606,04108,4108. 답십리파크자이아파트 앞,정기권,,20대,170,4590.62,41.58,179147.62,1973
202606,01720,1720. 도봉구청 옆(중랑천변),정기권,,70대이상,7,1398.59,12.60,54335.93,346
202606,05332,5332. 마들역 4번출구,일일권(비회원),,50대,1,100.48,0.91,3903.53,46
202606,05898,5898.당산역 1번출구,일일권,M,~10대,12,706.62,6.38,27452.01,236
202606,04398,4398. 유원지식산업센터 앞,일일권,M,~10대,24,2309.41,20.50,88355.96,911
202606,04315,4315. 이투스교육 앞,일일권,F,30대,7,452.03,4.07,17561.36,150
202606,04527,4527. 목동신시가지아파트6단지,정기권,M,70대이상,7,288.14,2.59,11193.77,96
202606,05337,5337. 태강릉 앞,일일권,M,30대,1,54.86,0.49,2131.31,22
202606,00735,735. 영도초등학교,일일권,F,50대,5,401.56,3.62,15601.31,136
202606,01201,1201. 가락시장역 3번 출구,일일권,F,40대,7,1146.97,10.33,44559.57,384
202606,00665,665.이문동 쌍용아파트 정문,정기권,,50대,15,3473.39,31.32,134941.56,844
202606,01197,1197. 엠펠리체 호텔 건너편,일일권(3시간),,30대,1,16.09,0.15,625.01,4
202606,03514,3514. 왕십리교회옆,가족권,F,~10대,1,31.91,0.29,1239.74,19
202606,01726,1726. 삼익세라믹아파트교차로,정기권,F,70대이상,1,63.37,0.57,2461.90,38
202606,04875,4875. 위례포레샤인13단지,일일권(비회원),,기타,3,301.96,2.72,11731.08,135
202606,00268,268. 그랜드컨벤션센터 앞,정기권,M,70대이상,47,2973.69,26.82,115529.86,1944
202606,03624,3624. 대모산입구역 7번 출구 앞,일일권(3시간),F,20대,1,10.30,0.09,400.00,198
202606,00179,179. 가좌역 4번출구 앞,일일권,F,50대,9,870.19,7.84,33806.81,252
202606,01392,1392.돈암삼성풍림아파트,일일권,M,50대,2,132.17,1.19,5134.97,21
202606,04226,4226. 마포프레스티지자이 1,일일권,,70대이상,2,216.32,1.95,8403.99,51
202606,00430,430. 장충동먹자골목 앞,일일권,F,~10대,5,293.96,2.81,12117.88,136
202606,04547,4547. 목동역 2번 출구,정기권,,60대,10,473.69,4.26,18403.00,185
202606,00275,275. 신동아아파트,일일권,M,30대,84,5133.93,46.02,203016.17,1671
202606,01018,1018. 둔촌 주공 GS 맞은편,일일권(비회원),,기타,9,425.95,3.84,16547.75,209
202606,02325,2325. 대치삼성아파트 앞 교차로,정기권,,40대,33,1853.42,16.69,72005.43,788
202606,03985,3985. 디폴리스 지식산업센터,일일권,F,50대,3,700.44,6.32,27211.89,167
202606,01969,1969. 궁동생태공원,정기권,,60대,1,100.18,0.90,3891.90,47
202606,00179,179. 가좌역 4번출구 앞,일일권,M,~10대,8,591.45,5.33,22978.06,196
202606,00179,179. 가좌역 4번출구 앞,일일권,M,기타,4,113.10,1.03,4394.03,29
202606,05052,5052. 마곡역 7번출구,일일권,M,70대이상,6,172.76,1.56,6711.64,43
202606,04083,4083.도봉아이나라도서관 앞,정기권,,50대,45,2316.82,20.88,90008.02,779
202606,00179,179. 가좌역 4번출구 앞,일일권(3시간),M,20대,1,252.28,2.27,9800.93,108
202606,00380,380. CJ제일제당 앞,정기권,,20대,73,4122.72,37.19,160167.23,1425
202606,03641,3641. 대청역,일일권,M,~10대,8,763.40,6.87,29657.60,207
202606,04557,4557. 리버뷰신안인스빌2차 후문,일일권,M,40대,17,1100.33,9.66,41723.65,382
202606,04915,4915. 영동중앙교회 버스정류장,일일권,,20대,3,423.30,3.81,16445.63,95
202606,00467,467.한국은행,일일권,,20대,2,91.87,0.83,3569.15,39
202606,00179,179. 가좌역 4번출구 앞,일일권(비회원),,기타,6,521.95,4.71,24702.58,189
202606,01206,1206. 9호선종합운동장역 9번출구,정기권,F,40대,76,4365.24,39.94,172056.28,2957
202606,04206,4206. 광흥창역5번출구,일일권,,40대,2,611.68,5.52,23763.85,111
202606,05767,5767. 북위례2,일일권,M,40대,7,614.70,4.92,21227.31,324
202606,00477,477.앰배서더 호텔 주변,일일권,,30대,3,366.02,3.30,14219.92,102
202606,03559,3559.성동구민종합체육센터 앞,일일권,,20대,60,5572.11,50.24,216476.04,2226
202606,04016,4016. 노원 마들스타디움,정기권,,40대,78,3680.30,33.19,145962.16,1159
202606,01916,1916. 구로중학교앞,정기권,M,20대,49,2538.16,22.90,98607.89,1499
202606,03114,3114.충정로역 3번 출구,일일권(비회원),,30대,1,180.55,1.63,7014.34,57
202606,00974,974.연신초등학교옆 마을마당,정기권,M,60대,16,1193.50,10.76,46367.31,456
202606,00542,542. 강변역 4번출구 뒤,일일권,,40대,13,1390.64,12.54,54026.65,468
202606,04182,4182.보라매병원역 2번출구,가족권,M,~10대,2,114.89,1.03,4463.70,97
202606,02525,2525.반포쇼핑타운 2동 앞,일일권,F,50대,23,5123.31,46.18,199040.93,1296
202606,00529,529. 장한평역 8번 출구 앞,일일권,,50대,7,618.74,5.58,24038.03,187
202606,04561,4561. 양평역 1번출구,일일권,M,30대,117,8986.33,80.94,348825.44,3235
202606,02704,2704.홈플러스(강서점),정기권,F,60대,23,710.73,6.44,27612.96,235
202606,02824,2824.미래사랑어린이공원 앞,일일권,,20대,51,3855.06,34.76,153100.81,1355
202606,01118,1118. 증미역 3번출구뒤(등촌두산위브센티움오피스텔),일일권,F,30대,39,3062.87,27.62,118992.53,953
202606,01680,1680. 삼육대 제3과학관,일일권,,기타,1,19.23,0.17,747.06,8
202606,02370,2370. 한티역 3번출구,일일권,M,50대,4,223.48,2.01,8682.10,64
202606,02645,2645.잠실나들목2(엘스아파트136동),일일권,,40대,16,1418.86,12.78,55123.03,1321
202606,00255,255. 도림사거리,일일권,F,~10대,19,839.27,7.57,32605.07,281
202606,02178,2178. 서울대학교 정문,정기권,F,40대,26,9962.64,105.12,453104.83,1990
202606,00180,180. 충정로역 7번출구 아래,일일권,,30대,6,208.32,1.88,15067.63,95
202606,01321,1321. 국민은행 종암동지점 앞,일일권(비회원),,20대,2,312.46,2.81,12138.81,110
202606,04387,4387. 성수역 1번출구 주변,정기권,F,60대,1,43.76,0.39,1699.89,8
202606,00724,724. 계남공원 입구 주출입구 좌측,정기권,M,30대,28,1558.60,14.06,60551.68,461
202606,05095,5095. 원당근린공원,정기권,F,20대,180,6285.25,56.65,247499.07,2243
202606,00624,624. 전농동 동아아파트 앞,일일권,F,30대,18,2799.79,25.22,108771.17,592
202606,00771,771.목동아파트 703동 앞,가족권,M,~10대,1,11.09,0.10,430.88,8
202606,04014,4014. 불암산역 3번 출구,일일권,,20대,6,666.23,6.01,25883.07,182
202606,04383,4383. 푸조비즈타워 앞,일일권,F,50대,1,56.16,0.51,2181.91,15
202606,00180,180. 충정로역 7번출구 아래,일일권,M,40대,6,403.78,3.65,15686.66,108
202606,01193,1193. 마곡센트럴타워 1차,정기권,F,50대,71,2826.92,25.56,110282.55,1060
202606,01334,1334. 석관동주민센터 앞,정기권,M,40대,101,8328.90,75.09,323577.23,3396
202606,02108,2108. 은천치안센터,일일권,M,20대,21,1263.00,11.37,49067.24,351
202606,00780,780.신정교 하부,일일권,M,30대,89,10438.42,94.03,405532.04,3485
202606,01339,1339. 삼성전자서비스 성북센터,정기권,,60대,11,555.64,5.02,21586.02,169
202606,00241,241. 신길우성1차아파트 앞 공원,일일권,,20대,15,1545.26,13.92,60033.25,372
202606,04064,4064. 신창아파트 입구 앞,일일권,,30대,2,140.66,1.27,5464.65,38
202606,01962,1962. 가리봉동주민센터,일일권,M,40대,8,268.22,2.42,10420.41,106
202606,00289,289. 대림3동사거리,정기권,F,~10대,15,347.74,3.14,13510.24,99
202606,02384,2384. 자곡사거리,정기권,M,40대,156,9458.55,85.01,366290.76,2224
202606,00180,180. 충정로역 7번출구 아래,정기권,,기타,7,132.52,1.21,5148.22,27
202606,01002,1002. 해공공원(천호동),일일권(비회원),,40대,1,39.16,0.35,1521.19,8
202606,04847,4847. 신내역시티프라디움 앞,일일권(3시간),M,50대,1,31.08,0.28,1207.62,7
202606,01361,1361. 홍익중고 입구,일일권,F,~10대,5,388.99,3.53,15217.21,173
202606,01605,1605. 헬스케어,일일권(3시간),M,20대,1,108.25,0.98,4205.62,36
202606,00639,639. 서울시립대 후문,정기권,F,40대,13,649.03,5.85,25214.34,408
202606,01663,1663. 동해문화예술관앞,가족권(2시간),F,~10대,1,174.26,1.57,6770.00,45
202606,01291,1291. 서울체육고등학교 앞,일일권,M,50대,1,32.82,0.30,1274.94,7
202606,02535,2535.신반포역 3번출구 뒤,일일권,,20대,5,412.57,3.72,16028.64,132
202606,01025,1025. 상일초등학교,일일권(3시간),F,40대,2,894.42,8.06,34748.40,313
202606,04639,4639. 동빙고근린공원,정기권,F,40대,43,3903.62,35.16,151654.37,1221
202606,04865,4865. 한성백제역 1번출구 뒤,일일권,F,~10대,5,177.58,1.60,6898.97,64
202606,03690,3690. 강일역 4번출구,정기권,M,60대,34,1060.26,9.54,41191.79,237
202606,00181,181. 망원초록길 입구,가족권,M,~10대,1,219.04,1.97,8509.79,54
202606,01725,1725. 창1동주민센터,정기권,F,40대,11,419.01,3.78,16278.01,225
202606,04181,4181. 보라매공원역 2번출구,일일권,M,기타,1,12.44,0.11,483.35,6
202606,02356,2356. 강남구청,일일권,,60대,1,14.12,0.13,548.54,3
202606,01291,1291. 서울체육고등학교 앞,일일권,M,40대,14,1223.28,10.62,45715.53,308
202606,04868,4868. 석촌호수 서호 남단,가족권(2시간),M,~10대,1,105.79,0.95,4109.88,27
202606,00641,641. 용두역 4번출구,일일권,F,50대,5,647.04,5.83,25137.68,160
202606,02901,2901.공릉동풍림아파트 101동,일일권(비회원),,기타,3,55.39,0.51,2151.98,16
202606,04425,4425. 하늘채코오롱아파트 앞,정기권,F,60대,9,625.88,5.65,24315.36,223
202606,03548,3548.뚝섬역 6번출구,일일권(비회원),,50대,1,86.76,0.78,3370.73,32
202606,02521,2521.서초 크로바타워 앞,일일권,,기타,2,70.42,0.63,2735.71,67
202606,04829,4829. 신내동 한살림 중랑지구 건너편,일일권,M,~10대,10,556.11,5.01,21605.10,174
202606,01611,1611. 과기대 입구(우),일일권,M,기타,2,37.56,0.34,1459.01,9
202606,02389,2389. 경기여자고등학교 후문 (삼성로3길 입구),일일권,M,60대,8,1065.50,9.61,41394.30,240
202606,00676,676.FITI시험연구원 앞,일일권,M,~10대,11,810.06,7.30,31470.70,370
202606,00785,"785.양천구청, 보건소 사잇길",일일권,,20대,40,1681.37,15.15,67517.55,894
202606,01129,1129. 화곡역 1번 출구 앞,일일권,M,20대,46,3257.45,28.92,124569.38,905
202606,01528,1528. 삼각산동 주민센터,일일권,F,40대,3,223.83,2.02,8695.64,72
202606,05507,5507. 아현래미안푸르지오아파트 104동 앞,일일권,F,30대,4,276.49,2.50,10741.27,67
202606,00491,491.월드컵파크 4단지,일일권,,기타,2,263.83,2.38,10249.86,204
202606,02213,2213. 고속터미널역 5번출구 앞,일일권,M,20대,26,2300.25,20.03,86369.18,910
202606,05768,5768.방이삼거리,일일권,M,40대,77,4807.55,43.31,186612.34,1642
202606,01703,1703. 도봉산광역환승센터앞 ,정기권,M,30대,27,2620.27,23.60,101796.94,547
202606,00344,344. 성균관대 E하우스 앞,정기권,M,40대,64,5166.60,46.51,200529.40,1766
202606,00181,181. 망원초록길 입구,일일권(비회원),,50대,1,107.72,0.97,4184.82,62
202606,04226,4226. 마포프레스티지자이 1,일일권(비회원),,30대,1,41.54,0.37,1613.88,14
202606,02340,2340. 삼호물산버스정류장(23370) 옆,정기권,M,70대이상,3,151.45,1.37,5883.82,39
202606,01068,1068.명일파출소,일일권,,40대,6,215.89,1.95,8387.51,79
202606,01120,1120. 대림경동아파트앞,일일권(3시간),,30대,2,467.42,4.21,18159.26,128
202606,01737,1737. 신창시장,정기권,,40대,31,1607.64,14.49,62456.23,1510
202606,00817,817. 삼각지역 4번출구 앞,일일권,M,30대,41,3357.88,29.77,128218.15,864
202606,04137,4137. 답십리역 4번출구,일일권,F,~10대,10,577.84,5.21,22449.04,181
202606,03754,3754. 신방화역 8번출구,정기권,F,~10대,42,2182.01,19.67,84770.62,522
202606,01305,1305. 성북구청,정기권,F,~10대,4,101.40,0.92,3939.34,22
202606,01137,1137. 등촌2동주민센터,일일권,M,20대,5,142.12,1.28,5521.66,38
202606,04278,4278. 홍은2동주민센터,정기권,F,40대,38,2988.56,26.93,116105.70,788
202606,00976,976.진관고등학교앞,일일권,,20대,3,89.82,0.81,3489.52,64
202606,00960,960. 구파발역 환승센터,정기권,F,60대,10,363.61,3.54,15275.57,110
202606,04350,4350.누리숲어린이공원 앞,일일권(3시간),M,20대,4,1447.64,12.56,54141.90,350
202606,01158,1158. 가양역 8번출구,일일권(3시간),,40대,2,1995.86,17.99,77539.29,345
202606,00513,513. 뚝섬역 5번 출구 정류소 옆,일일권,,50대,4,114.55,1.04,4450.33,99
202606,02358,2358. 구룡초사거리 (현대아파트10동 앞 ),일일권,,30대,6,303.88,2.73,11805.23,223
202606,01177,1177. 수명중?고교,일일권,,30대,15,614.06,5.55,28010.29,215
202606,00515,515. 광양중학교 앞,일일권,,30대,27,1394.45,12.55,54174.21,498
202606,00519,519. 양지사거리,일일권(3시간),M,60대,1,17.30,0.16,672.16,5
202606,00946,946. 독바위역 ,일일권,F,40대,5,341.31,3.34,14383.05,181
202606,00676,676.FITI시험연구원 앞,일일권,,~10대,1,91.35,0.82,3548.83,27
202606,05752,5752. 풍납백제문화공원 옆 인근,정기권,F,30대,337,16539.05,149.05,642541.96,5895
202606,02521,2521.서초 크로바타워 앞,정기권,F,30대,60,2180.40,19.66,87106.77,973
202606,02252,2252. 잔디마을 마을버스 정류장,정기권,,70대이상,5,167.62,1.50,6512.21,63
202606,00464,464. 삼청동 골목,일일권(비회원),,20대,6,233.58,2.11,9074.31,124
202606,01148,1148. 볏골공원,정기권,,60대,8,321.41,2.90,12486.87,120
202606,03573,3573.광나루안전체험관,정기권,F,40대,48,2035.93,18.34,79094.85,1282
202606,01253,1253. 오금역 3번 출구 뒤,정기권,,50대,8,373.82,3.23,15258.24,130
202606,01338,1338. 용문2교 옆,일일권,F,30대,27,2204.33,20.00,86186.40,674
202606,05764,5764. 한국체육대학교,일일권,,기타,10,339.15,3.05,13175.61,171
202606,01250,1250.문정2동 주민센터,일일권(3시간),F,30대,1,524.40,4.73,20373.14,119
202606,01188,1188. 롯데중앙연구소,정기권,,30대,46,1321.08,11.94,53307.40,767
202606,00583,583. 청계천 생태교실 앞,정기권,M,50대,564,91128.27,820.50,3541930.74,21055
202606,01291,1291. 서울체육고등학교 앞,정기권,M,60대,10,1074.59,9.69,41747.71,345
202606,00182,182. 망원2빗물펌프장 앞,일일권,M,40대,4,332.80,3.00,12929.23,139
202606,00654,654. 전농동 텃골공원,일일권,F,50대,3,184.78,1.67,7178.65,78
202606,00706,706. 신정네거리역,일일권(비회원),,50대,2,27.72,0.25,1076.95,15
202606,00272,272. 당산육갑문,정기권,M,60대,115,17976.50,162.07,698390.01,5889
202606,03007,3007.MBC 앞,정기권,F,20대,49,2785.11,25.12,108200.61,1346
202606,01851,1851. 가산디지털단지 9번출구 인근,정기권,,50대,85,5505.21,49.62,213876.57,1722
202606,01639,1639. 희성오피앙,일일권,M,~10대,39,1492.30,13.46,57976.50,479
202606,04370,4370. 성동교 사거리,정기권,,70대이상,2,12.23,0.11,475.49,3
202606,03102,3102. 연희삼거리,정기권,M,~10대,3,133.69,1.30,5626.68,65
202606,04351,4351.서울AI허브 앞,일일권,F,30대,6,671.75,6.06,26097.28,377
202606,04641,4641. 아메리칸센터,일일권,F,30대,13,497.43,4.48,19325.98,227
202606,02383,2383. 보금자리정원,정기권,M,40대,22,1225.14,11.01,47383.41,304
202606,02266,2266. 서초역 3번출구,정기권,F,~10대,1,18.84,0.17,731.93,8
202606,03531,3531. 논골사거리(금호도서관 입구),일일권,M,40대,1,46.75,0.42,1816.20,16
202606,00520,520. 상왕십리역 4번 출구 앞,정기권,M,50대,59,3877.85,34.99,150653.98,1488
202606,04892,4892. 성내유수지 체육공원,일일권,,50대,1,50.45,0.45,1960.00,9
202606,00320,320. 을지로입구역 4번출구 앞,일일권(비회원),,40대,2,111.36,1.00,4326.48,85
202606,02641,2641.송파역 4번출구,정기권,M,20대,187,9639.30,86.03,383313.55,3636
202606,02065,2065. 서울시여성가족재단,정기권,F,40대,11,849.15,7.94,34203.57,471
202606,02048,2048. 삼일초등학교 인근,정기권,F,60대,1,29.85,0.27,1159.57,7
202606,04527,4527. 목동신시가지아파트6단지,일일권(3시간),F,40대,1,242.56,2.19,9423.29,187
202606,01992,1992. 구로구배드민턴실내체육관 앞,일일권,M,60대,1,23.94,0.22,930.00,41
202606,04944,4944.젠빌딩,정기권,,20대,12,739.87,6.68,28743.91,253
202606,00985,985. 은평세무서 버스정류장(은평구청 방면),정기권,,20대,43,1994.56,17.97,78936.39,1204
202606,01630,1630. 수연빌딩 앞,정기권,,30대,40,1476.74,13.35,57600.30,603
202606,04672,4672. 준빌딩 앞,일일권,M,40대,1,20.66,0.19,802.67,9
202606,00519,519. 양지사거리,정기권,,50대,21,1163.42,10.51,45198.67,408
202606,00182,182. 망원2빗물펌프장 앞,정기권,M,60대,28,4825.93,43.48,187487.08,1599
202606,04887,4887. 호돌이상가,정기권,M,~10대,24,600.75,5.43,26569.33,246
202606,01124,1124. 발산역 6번 출구 뒤,정기권,F,60대,98,4634.09,41.81,180271.12,4145
202606,01756,1756.서울북부광역등기국,가족권(2시간),F,~10대,1,186.09,1.68,7229.69,144
202606,04940,4940.한강버스 압구정 선착장,일일권(비회원),,40대,6,811.63,7.31,31531.47,273
202606,04457,4457. 아산병원 기숙사 부근,정기권,F,20대,696,35951.21,324.53,1404612.80,10994
202606,00183,183. 하늘채코오롱아파트 건너편,가족권(2시간),F,~10대,1,551.80,4.97,21437.62,113
202606,03930,3930. 온수역 2번 출구 앞,일일권(3시간),,기타,1,587.23,5.29,22813.90,129
202606,02259,2259. 잠원역 3번-4번 출구사이 ,정기권,M,60대,50,2830.40,25.53,109961.20,1255
202606,00749,749. 이대목동병원보도육교,일일권(3시간),,30대,1,63.85,0.58,2480.74,126
202606,03760,3760. 발산역 8번 출구,일일권,F,60대,1,65.33,0.59,2538.13,16
202606,00737,737. 장수공원,정기권,F,30대,17,468.65,4.22,18206.29,167
202606,01473,1473.중랑역 1번 출구(중화문화복지센터),정기권,,70대이상,3,102.18,0.93,3969.85,61
202606,04497,4497. 아시아선수촌아파트 교차로,일일권(비회원),,40대,1,53.80,0.48,2090.00,33
202606,00183,183. 하늘채코오롱아파트 건너편,일일권,F,30대,57,4262.15,38.41,165585.37,1387
202606,00334,334. 종로3가역 2번출구 뒤,일일권(비회원),,40대,1,38.79,0.35,1507.11,22
202606,01297,1297. 석촌호수교차로(동호 팔각정 앞),정기권,F,30대,329,14031.51,126.40,546380.45,6346
202606,01203,1203. 밀리아나2빌딩 앞,정기권,,40대,36,3874.63,34.92,150528.63,1238
202606,02910,2910.도깨비시장,정기권,F,50대,66,3457.53,31.14,134324.90,1175
202606,00183,183. 하늘채코오롱아파트 건너편,일일권,M,30대,60,4950.29,44.62,192779.52,1682
202606,02219,"2219. 고속터미널역 8-1번, 8-2번 출구 사이",일일권,,60대,3,470.37,4.24,18273.90,146
202606,04573,4573. 두산위브아파트,일일권,M,30대,19,1388.23,12.49,53841.95,509
202606,02007,2007. 유한양행앞,정기권,,60대,1,14.07,0.13,546.51,2
202606,01346,1346. 길음8골어린이공원 옆,정기권,,기타,6,52.34,0.59,2552.78,18
202606,00295,295.영등포공원 분수대 앞,일일권(비회원),,기타,3,369.09,3.33,14339.19,89
202606,04515,4515. 동문굿모닝탑,정기권,M,60대,76,2207.16,19.84,85558.72,748
202606,02247,2247.섬들근린공원,정기권,M,60대,41,2238.81,20.17,86977.89,438
202606,00420,420. 서울시 공공자전거 상암센터,가족권(2시간),M,~10대,8,769.49,6.95,29894.52,705
202606,03908,3908. 오류동 다숲오피스텔 앞,정기권,,30대,37,1452.66,13.12,56435.68,858
202606,03566,3566.우성4차아파트,일일권,F,40대,5,309.94,2.79,12041.19,106
202606,01914,1914. 대림역4번출구,정기권,F,50대,84,9529.35,86.00,370690.41,2318
202606,02744,2744.강서세무서 앞,정기권,M,70대이상,3,72.50,0.65,2816.59,23
202606,01925,1925. 동양미래대학교 정문 옆,일일권,,기타,36,4358.00,39.90,172038.55,1211
202606,04138,4138. 조일빌딩 앞,일일권,M,20대,27,2407.80,21.72,93542.66,1405
202606,00183,183. 하늘채코오롱아파트 건너편,일일권(비회원),,기타,37,2576.13,23.22,102222.82,791
202606,04620,4620. 삼각지역 14번 출구 앞(교통섬),일일권,,20대,30,1899.63,17.14,73800.85,599
202606,06058,6058. 시청역 2번출구,정기권,M,60대,89,5184.00,46.70,201398.48,2462
202606,03757,3757. 신방화역 6번출구,일일권,,40대,6,167.98,1.52,6525.59,56
202606,05859,5859. 여의도 삼부아파트,일일권(3시간),,20대,1,443.66,4.00,17236.21,199
202606,00825,825. 서빙고동 주민센터 앞,정기권,,50대,87,9630.51,86.77,374144.96,2625
202606,01075,1075.천동초교 삼거리,정기권,M,~10대,58,3259.20,29.35,126620.47,847
202606,00587,587. 유니베라 앞,정기권,,40대,85,10659.24,96.09,414109.71,2847
202606,02259,2259. 잠원역 3번-4번 출구사이 ,가족권(2시간),M,~10대,2,536.05,4.83,20825.88,227
202606,04481,4481. 올림픽공원 북2문 B,일일권(비회원),,~10대,1,34.13,0.31,1326.02,10
202606,02644,2644. 성내5교,정기권,M,70대이상,4,63.12,0.57,2452.44,23
202606,04619,4619. 한강트럼프월드3차 앞,일일권,M,~10대,42,3739.86,32.20,139017.04,859
202606,04760,4760. 서울역 7번출구,정기권,,30대,4,660.16,5.95,25647.48,153
202606,01808,1808. 에이스하이엔드타워8차 앞,일일권,,20대,9,587.98,5.30,22842.67,225
202606,04348,4348. 사당역 1번출구,정기권,F,50대,4,255.63,2.31,9931.46,66
202606,04765,4765. 동대문디자인플라자,일일권,F,30대,32,1568.80,14.15,60948.49,792
202606,00183,183. 하늘채코오롱아파트 건너편,정기권,M,30대,461,19836.78,175.59,760340.16,7398
202606,02174,2174. 삼성디지털프라자관악점,정기권,M,60대,9,457.44,4.11,17771.76,396
202606,01467,1467.sk신내 주유소앞(용마산로),일일권,F,20대,3,190.82,1.73,7413.11,107
202606,04266,4266.국민연금공단충정로사옥,정기권,,40대,24,1032.10,9.31,40097.64,412
202606,02077,2077.노들역 3번출구,일일권(3시간),F,30대,2,365.70,3.30,14207.61,238
202606,02525,2525.반포쇼핑타운 2동 앞,가족권,,~10대,4,492.99,4.45,19152.57,163
202606,03425,3425.광화문 풍림스페이스본 1단지앞,정기권,F,50대,25,1361.64,12.29,56160.82,577
202606,04583,4583. 의정관,일일권,M,60대,3,517.61,4.67,20109.48,137
202606,03648,3648. 구룡역 4번 출구,정기권,F,~10대,4,325.81,2.95,12657.58,83
202606,00558,558. 성동광진 교육지원청 앞,정기권,,60대,10,572.53,5.16,22242.77,217
202606,00184,184.망원우체국사거리 인근,일일권,,30대,54,4377.19,39.48,170052.42,1314
202606,01986,1986. 태평양물산,정기권,F,30대,292,21723.88,195.74,846947.03,5754
202606,03922,3922. 서울남부교정시설 앞,정기권,,40대,41,1650.44,14.87,64119.69,391
202606,03940,3940.삼각어린이공원 앞,정기권,M,~10대,27,528.44,4.78,20530.41,146
202606,03642,3642. 강남자곡힐스테이트,일일권,,50대,3,604.44,5.45,23482.21,133
202606,04016,4016. 노원 마들스타디움,일일권,M,50대,6,358.35,3.23,13921.55,130
202606,01061,1061. 천호초교 입구 사거리(일주빌딩),일일권,,기타,9,836.42,7.55,32495.26,200
202606,04863,4863. 잠실나들목5,정기권,M,50대,43,3862.51,34.85,150058.14,956
202606,04871,4871. 오금동 대림아파트 정문,정기권,,40대,29,1731.69,15.61,68200.88,446
202606,04653,4653. 불광역 9번 출구 맞은편,정기권,M,30대,75,5193.30,46.84,203867.26,2317
202606,04794,4794. 서울역 서부교차로(3),정기권,M,70대이상,5,172.31,1.56,6694.53,94
202606,01003,1003. 해공도서관앞,정기권,F,50대,9,751.08,6.76,29179.52,317
202606,04032,4032. 불암주유소 앞,정기권,F,30대,36,2873.58,25.91,111639.30,941
202606,00184,184.망원우체국사거리 인근,일일권,M,30대,108,6822.56,61.26,275043.12,2348
202606,02059,2059. 보라매공원 정문,일일권,F,20대,43,4420.81,39.83,171750.21,1204
202606,02009,2009. 보라매역 8번출구,정기권,F,30대,23,1393.97,12.49,53922.21,498
202606,04840,4840. 서울시 북부병원 앞,정기권,M,~10대,90,4216.09,37.96,163795.90,1646
202606,03575,3575. 자양사거리(서원빌딩),정기권,F,20대,365,14521.28,131.03,567493.89,4983
202606,03531,3531. 논골사거리(금호도서관 입구),일일권,M,30대,9,915.96,8.24,35503.09,254
202606,00806,806. 전자랜드 본관 앞,일일권(비회원),,기타,13,667.05,6.00,25914.74,287
202606,01429,1429. 장안중학교,정기권,F,60대,14,510.40,4.59,19828.96,204
202606,00184,184.망원우체국사거리 인근,일일권(3시간),F,30대,1,38.21,0.34,1484.46,9
202606,02709,2709.강변아파트 310동 앞,일일권,,20대,21,2058.11,18.53,79958.40,569
202606,02281,2281. 서울교통공사 사당별관 건너편,정기권,,40대,17,574.11,5.17,22304.44,159
202606,00754,754. 목동1단지아파트 118동 앞,일일권(3시간),M,40대,2,868.14,7.83,33727.35,336
202606,03606,3606. 신사동주민센터 옆,일일권,,20대,24,2966.24,26.74,115238.61,881
202606,04809,"4809. 동성1,2차 아파트 앞",가족권,F,~10대,1,48.65,0.44,1890.00,17
202606,00403,403. 부엉이공원 앞,정기권,M,20대,61,1275.13,11.51,49538.87,331
202606,01001,1001. 광진교 남단 사거리(천호공원 방면),가족권,F,~10대,1,165.45,1.49,6427.58,66
202606,02110,2110. 조원동 미성아파트,일일권,F,20대,25,2946.97,26.55,114489.63,867
202606,01987,1987. 개봉아이파크아파트 앞,일일권(비회원 3시간),,기타,1,555.43,5.01,21578.44,203
202606,00797,797.목동아파트 1422동 1434동 사잇길,일일권(3시간),,기타,3,955.25,8.61,37111.54,243
202606,00942,942. 상림마을 생태공원,정기권,,30대,24,588.52,5.29,22863.78,122
202606,02621,2621. 한성백제역 2번 출구,정기권,,40대,127,5929.12,53.49,233551.89,3490
202606,06178,6178. 마스터밸류에이스 지식산업센터,정기권,M,30대,96,6903.92,55.79,240438.26,2073
202606,00402,402. 상암월드컵파크 9단지 앞,일일권,M,40대,6,442.55,4.00,17193.20,155
202606,04752,4752. 삼성사이버빌리지아파트,정기권,,30대,44,2406.62,21.67,97590.14,1930
202606,01068,1068.명일파출소,정기권,M,20대,95,5949.56,53.58,231142.14,2016
202606,04212,4212. 한화오벨리스크 앞,정기권,F,60대,19,1236.70,11.18,48045.83,384
202606,00184,184.망원우체국사거리 인근,정기권,F,40대,139,8833.92,79.65,347323.96,3840
202606,04761,4761. 중부경찰서앞사거리 건너편,일일권,M,40대,1,40.34,0.36,1567.03,26
202606,01282,1282. 송파소방서 맞은편(성내4교),정기권,M,40대,149,10900.17,98.29,430105.42,3460
202606,01849,1849. 대륭포스트타워5차,정기권,,20대,36,1222.80,11.02,47506.66,333
202606,00621,621. 전농초등학교 건너편,일일권,M,40대,9,364.62,3.27,14165.62,150
202606,00592,592. 건국대학교 학생회관,일일권,,기타,21,1275.73,11.51,49561.51,359
202606,04938,4938.LH수서2단지 201동 앞,가족권,,~10대,1,37.32,0.34,1450.00,12
202606,00506,506. 금호 어울림 아파트 앞,정기권,M,기타,1,205.76,1.85,7993.83,37
202606,03559,3559.성동구민종합체육센터 앞,일일권,,30대,46,5106.64,46.02,198393.12,1787
202606,01705,1705. 도봉구청 정문앞,일일권,M,30대,27,2271.12,20.45,88232.84,601
202606,06188,6188.금호아파트,일일권(비회원),,~10대,3,101.28,0.91,3934.51,36
202606,01715,1715. 서울특별시교육청도봉도서관,일일권,M,기타,1,24.31,0.22,944.60,4
202606,02334,2334. 삼호아파트 2동 ( 간선도로),정기권,F,50대,4,386.68,3.48,15022.51,157
202606,00445,445.대한상공회의소,일일권(3시간),M,20대,1,465.76,3.64,15682.10,75
202606,03201,3201.당산skv1센터,일일권(비회원),,20대,8,274.53,2.46,10665.64,157
202606,04317,4317. 양재근린공원,정기권,F,~10대,1,2.86,0.03,111.30,7
202606,04561,4561. 양평역 1번출구,일일권,,50대,2,351.96,3.17,13673.63,68
202606,02148,2148. 낙성대역 3번출구 뒤,일일권,F,40대,6,290.37,2.62,11280.88,105
202606,05067,5067. 주원 리젠트 앞,정기권,,20대,31,888.02,8.03,34552.92,395
202606,00381,381. 장충체육관,일일권,,기타,1,62.06,0.56,2411.03,39
202606,02426,2426.강남한신휴플러스 6단지,정기권,,기타,35,900.62,8.27,35590.08,510
202606,04222,4222. 서울디자인고등학교 앞,정기권,M,60대,21,1073.57,9.66,41709.13,343
202606,00245,245. 삼성생명 당산사옥 앞,정기권,F,30대,333,10544.83,94.92,412624.81,4399
202606,05052,5052. 마곡역 7번출구,정기권,M,40대,678,15778.62,141.99,615005.87,6209
202606,01275,1275. 거여초등학교 옆,일일권(비회원),,60대,1,56.59,0.51,2198.60,20
202606,04965,4965.고덕비즈밸리 쿠쿠강동빌딩,정기권,,20대,72,4263.39,38.42,165632.42,1342
202606,00416,416. 상암월드컵파크 1단지 교차로,일일권,,30대,12,877.61,7.92,34094.81,269
202606,05086,5086. 가양테크노타운,일일권(3시간),M,40대,2,443.41,4.00,17226.45,157
202606,01996,1996. 구일역 1번 출입구 앞,정기권,M,40대,199,19074.60,170.95,742000.49,4377
202606,01171,1171. 염창동 새마을금고 건너편,정기권,F,30대,56,1900.30,17.14,73824.39,825
202606,00430,430. 장충동먹자골목 앞,정기권,M,70대이상,2,38.79,0.35,1506.86,7
202606,02721,2721.등촌1-10단지 교차로,일일권,M,40대,18,864.21,7.80,33574.49,233
202606,04632,4632. 용산 푸르지오 파크타운 1단지 앞,정기권,M,60대,6,778.63,7.02,30249.47,249
202606,01372,1372. KEB은행 고대점,일일권,,20대,21,1864.22,16.82,72425.85,489
202606,02516,2516.본마을 노인복지센터 앞,일일권,M,40대,5,944.21,8.50,36683.03,268
202606,02386,2386. 크린랩 본사,일일권,M,40대,11,676.43,6.09,28308.00,249
202606,01535,1535. 효성인텔리안 앞,정기권,,기타,56,1981.73,17.89,76990.58,780
202606,00185,185. 마포 신수공원 앞,일일권(3시간),M,30대,3,1323.27,11.26,48546.09,282
202606,01424,1424. 양원역 2번출구,일일권,M,40대,1,26.03,0.23,1011.08,8
202606,02108,2108. 은천치안센터,일일권(3시간),F,30대,1,244.27,2.20,9490.00,45
202606,04591,4591. 신길자이아파트,정기권,,50대,17,472.93,4.25,18373.34,222
202606,01127,1127. 화곡역 버스정류장,일일권,,20대,21,1180.00,10.63,45843.31,503
202606,03671,3671. 둔촌동역교차로,일일권(3시간),M,40대,2,397.78,3.59,15453.84,248
202606,04273,4273. 홍연2교 사거리,정기권,,기타,1,114.22,1.03,4437.61,20
202606,02390,2390. 구룡마을 입구 (래미안블레스티지 아파트),일일권,M,60대,3,127.61,1.15,4957.61,33
202606,02657,2657.송파 파인타운 11단지 ,정기권,M,30대,58,1999.90,18.05,77695.17,597
202606,01158,1158. 가양역 8번출구,일일권(3시간),M,40대,1,68.45,0.62,2659.32,80
202606,05786,5786.문정로데오거리입구,정기권,F,40대,25,591.18,5.36,23130.27,255
202606,04217,4217. 한강공원 망원나들목,일일권(3시간),F,30대,6,1355.94,12.21,52678.30,881
202606,01198,1198. LG 사이언스파크,일일권,,20대,27,971.75,8.74,42138.06,558
202606,05767,5767. 북위례2,일일권,,20대,6,704.25,6.34,27360.11,179
202606,02211,2211. 서초구립반포도서관 앞,정기권,F,30대,139,4123.69,38.17,167957.69,1821
202606,02902,2902.공릉풍림아파트 108동,일일권,M,20대,32,1582.46,14.25,61478.75,414
202606,03205,3205.문래현대2차,일일권(비회원),,50대,1,206.53,1.86,8023.72,53
202606,03528,3528. 광진정보도서관,정기권,,30대,51,7052.98,63.57,274008.78,1687
202606,05336,5336. 월계 고등학교 앞,정기권,M,20대,61,3605.18,32.51,140847.27,1651
202606,02822,2822.제니스스포츠 앞,일일권,F,30대,6,395.81,3.57,15377.47,119
202606,05601,5601.감정평가사회관앞,정기권,M,60대,13,652.17,5.88,25336.42,207
202606,01168,1168. 마곡엠밸리10단지 앞,일일권,M,60대,4,247.41,2.23,9611.91,64
202606,04324,4324. 세화고등학교,일일권,F,30대,1,26.96,0.24,1047.28,7
202606,03627,3627. 압구정나들목,정기권,,60대,5,580.44,5.24,22550.25,129
202606,01184,1184. 마곡13단지,일일권,M,70대이상,2,86.41,0.78,3357.15,37
202606,03128,3128.동신병원 맞은편,일일권,F,40대,24,3211.54,29.15,125679.03,1091
202606,04882,4882. 위례포레샤인18단지 1802동,정기권,F,30대,4,408.78,3.69,15881.16,96
202606,04637,4637. 용산시티파크 101동 앞,정기권,F,40대,16,426.10,3.82,16553.39,243
202606,01011,1011. LIGA 아파트 앞,일일권,F,50대,11,876.97,7.90,34069.85,381
202606,00670,670.삼육서울병원 버스정류장,일일권,,기타,32,5176.79,46.67,201118.48,1233
202606,00361,361. 동묘앞역 1번출구 뒤,정기권,M,50대,212,12357.97,110.97,479597.16,6066
202606,01078,1078.둔촌사거리,정기권,,50대,51,4859.97,43.81,188810.57,1421
202606,05758,5758. 올림픽선수기자촌아파트 123동 근처,가족권,F,~10대,2,144.01,1.30,5594.77,51
202606,00432,432. 마포중앙도서관,일일권,M,20대,7,316.46,2.85,12294.48,86
202606,03940,3940.삼각어린이공원 앞,일일권,F,30대,33,1981.84,17.87,76995.06,518
202606,02717,2717.LG유플러스 마곡사옥,정기권,,30대,600,24915.86,224.59,971784.23,7716
202606,01468,1468.먹골역 7번 출구,정기권,M,~10대,70,2436.41,21.93,94655.20,850
202606,01086,1086.래미안 솔베뉴(구천면로),정기권,,30대,69,6355.69,57.25,246919.40,2377
202606,02601,2601. 석촌호수 아뜰리에,일일권,M,20대,58,4873.16,43.83,189044.67,1420
202606,02332,2332. 선릉역3번출구,정기권,,20대,74,4975.24,44.88,198479.97,1669
202606,04136,4136. 롯데캐슬SKY-L65 D동 앞,정기권,,60대,16,683.51,6.16,28621.26,258
202606,04811,4811. 한양수자인아파트 앞,정기권,M,60대,16,777.87,6.98,30219.65,340
202606,00186,186. 월드컵공원,일일권,F,60대,8,1262.77,11.60,49995.45,492
202606,01342,1342. 성북쉼터 앞,일일권,F,50대,2,127.13,1.15,4938.98,45
202606,03975,3975.현대시티아울렛 가산,정기권,F,~10대,1,59.20,0.53,2300.00,22
202606,02622,2622. 올림픽공원역 3번출구,정기권,M,50대,457,23873.76,214.60,931165.06,10360
202606,01435,1435. 능산삼거리,정기권,,20대,7,306.66,2.77,11913.83,192
202606,00389,389. 을지로4가역 1번출구,일일권,,70대이상,1,18.69,0.17,726.03,5
202606,00553,553. 중곡 성원아파트 앞,일일권,M,40대,5,902.53,8.13,35063.10,226
202606,02523,2523.뉴코아 킴스클럽 앞,일일권,F,30대,13,2020.23,18.20,78485.46,550
202606,01690,1690. 도봉운전면허시험장 버스정류장 옆,일일권,F,60대,2,96.74,0.87,3758.30,36
202606,00670,670.삼육서울병원 버스정류장,정기권,F,50대,121,6441.10,58.07,252483.87,3016
202606,01451,1451. 중랑세무서,일일권(비회원),,40대,3,300.22,2.70,11663.34,140
202606,02913,2913.상계8동 주민센터,일일권,F,60대,12,2339.20,21.08,90878.46,473
202606,02651,2651.경찰병원역 3번출구 앞,정기권,M,~10대,17,732.04,6.59,28439.94,187
202606,02396,2396. 영동3교 북단(우성캐릭터 앞 보도),정기권,F,20대,23,2227.96,20.07,86555.96,581
202606,02746,2746.수명산파크 4단지 411동 앞,정기권,,50대,73,1802.92,16.24,71897.44,541
202606,01741,1741. 제일강산수산입구,일일권,M,40대,11,932.52,8.41,36228.27,304
202606,02325,2325. 대치삼성아파트 앞 교차로,정기권,F,~10대,15,1072.10,9.65,42443.81,374
202606,02716,2716.롯데 R&D 센터,정기권,M,30대,119,3309.02,29.79,128555.55,1186
202606,01060,1060. 천일초교 사거리,일일권,F,40대,1,10.99,0.10,427.08,10
202606,04603,4603. 한강GS에클라트 건너편 교통섬,가족권,M,~10대,1,175.67,1.58,6824.95,47
202606,03681,3681. 길동 마루빌딩,일일권,,50대,4,380.99,3.43,14801.58,138
202606,03674,3674. 강동리버스트7단지,정기권,M,40대,79,13321.54,120.04,517541.69,3260
202606,03932,3932. 개봉센트레빌레우스아파트 앞,일일권,,20대,5,197.91,1.79,7689.23,104
202606,01019,1019. 다성이즈빌아파트(호원대 대각선 맞은편),일일권,,50대,8,515.24,4.65,20017.50,194
202606,05860,5860. 어울림병원 앞,가족권,,~10대,2,132.51,1.20,5147.85,40
202606,02185,2185. 대학동 고시촌,일일권(3시간),M,50대,1,109.88,0.99,4268.88,22
202606,02344,2344. 리엔파크 2단지 앞,정기권,F,~10대,12,426.44,3.84,16566.99,118
202606,00343,343. 힐스테이트창경궁 아파트 앞,일일권,F,40대,4,140.51,1.37,5929.39,131
202606,04665,4665. 응암역3번 출구(서부경찰서 방면),정기권,,60대,2,156.77,1.41,6090.69,169
202606,00186,186. 월드컵공원,일일권(비회원),,20대,3,144.61,1.30,5618.04,168
202606,01946,1946. 구로역 광장,일일권(비회원),,40대,1,14.70,0.13,570.93,5
202606,01655,1655. 공릉1단지아파트,일일권,,70대이상,1,85.87,0.77,3336.16,31
202606,03780,3780. 등촌서광아파트,정기권,M,20대,418,16405.23,147.27,637841.72,5739
202606,00622,622. 전농사거리 교통섬,정기권,F,30대,50,1875.36,16.89,72859.11,645
202606,00361,361. 동묘앞역 1번출구 뒤,정기권,F,~10대,24,2390.39,21.54,97688.89,680
202606,04024,4024. 꿈의숲 SK뷰 아파트,정기권,F,~10대,10,921.35,8.30,35794.30,268
202606,04023,4023. 월계역 1번 출구,정기권,,30대,25,1558.79,14.06,60559.76,372
202606,02523,2523.뉴코아 킴스클럽 앞,가족권,M,~10대,9,1215.77,10.96,47233.00,333
202606,02078,2078.흑석 아크로리버하임(103동),일일권,M,20대,9,983.17,8.79,37899.87,235
202606,02012,2012. 대림사거리(동작상떼빌아파트),일일권(3시간),,20대,1,639.33,5.76,24838.04,172
202606,00565,565. 옥수역 3번출구,정기권,,기타,23,2634.98,23.74,102369.39,524
202606,01438,1438. 홈플러스 신내점 앞,일일권,F,30대,22,1903.42,17.27,74505.25,503
202606,02812,2812.항동프라자,정기권,M,40대,28,1730.39,15.58,67225.52,624
202606,03928,3928.고척아이파크아파트 106동 앞,일일권(비회원),,30대,4,89.41,0.80,3473.85,58
202606,03956,3956. 대륭테크노타운21차 앞,일일권,M,20대,20,4689.48,42.12,181536.00,1067
202606,00286,286. 우성아파트 교차로,일일권,M,~10대,6,259.44,2.34,10079.20,97
202606,01716,1716. 창동역 1번출구 건너편,일일권(비회원),,기타,3,272.77,2.46,10597.21,75
202606,03923,3923. 구로공구상가 앞,일일권,M,60대,1,20.72,0.17,747.30,18
202606,03783,3783. 마곡금호어울림아파트,일일권,M,50대,13,2036.21,18.35,79106.65,460
202606,00418,418. 월드컵경기장역 3번출구 옆,정기권,F,50대,14,867.59,7.82,33705.84,352
202606,01988,1988. 고척LIGA아파트 앞,일일권,,기타,4,452.06,4.07,17562.23,92
202606,00264,264. 교보생명보험 앞,일일권,F,50대,2,10.50,0.09,407.89,4
202606,01468,1468.먹골역 7번 출구,일일권,F,~10대,8,345.61,3.11,13426.30,164
202606,00848,848. 삼각지12번 출구,정기권,,30대,34,2192.69,19.75,85185.78,495
202606,02333,2333. 양재역 3번출구 주변,정기권,M,~10대,12,445.33,4.01,17301.01,227
202606,04029,4029. 청소년수련관 후문,일일권,,20대,32,3627.87,32.71,140944.20,784
202606,03792,3792. 화곡본동시장 입구,정기권,,60대,4,178.00,1.60,6915.52,104
202606,01151,1151. 마곡역1번출구,일일권,M,40대,34,1824.38,16.42,70773.24,512
202606,02091,2091. 이수역9번출구,정기권,,60대,9,808.79,7.27,31421.59,203
202606,04774,4774. 을지로입구역 8번출구,정기권,,40대,21,1328.17,11.96,51600.00,628
202606,01080,1080.천호지하주차장 5번 출입구,일일권,F,기타,2,80.49,0.73,3126.86,21
202606,00627,627. 장안동삼거리 교통섬,정기권,,40대,76,7041.94,63.48,273579.56,1919
202606,00782,782.서남병원 후문,정기권,M,50대,68,4285.95,38.53,166176.51,1697
202606,04721,4721. 통인시장 정자,정기권,,60대,1,17.60,0.16,683.87,5
202606,01160,1160. 양천향교역 7번출구앞,일일권,,40대,13,399.85,3.60,15534.01,154
202606,01455,1455. 상봉역 2번 출구,정기권,M,60대,40,2581.04,23.22,100273.54,725
202606,03214,3214.영등포 푸르지오 아파트 A,일일권(3시간),,20대,2,1216.11,10.96,47245.79,197
202606,06063,6063.NH농협은행(신당역6번출구),정기권,,20대,29,2138.86,19.27,83094.78,502
202606,02604,2604. 풍납토성 서성벽터A,정기권,,20대,123,5441.04,49.01,211382.69,2344
202606,04569,4569. 힐스테이트클래시안아파트,일일권,,40대,3,117.33,1.05,4558.25,36
202606,01145,1145. 곰달래 문화복지센터 B,일일권,,30대,9,1339.88,12.09,52054.50,325
202606,01117,1117. 등촌5단지아파트 버스정류장,일일권,M,30대,46,2053.89,18.45,79587.52,703
202606,01227,1227. 거여역 8번출구 뒤,일일권,M,20대,30,3174.92,28.51,122836.70,840
202606,01385,1385.성신여대입구역 3번출구 앞,일일권(3시간),F,20대,1,567.39,5.11,22043.13,129
202606,02165,2165. JK장평타워,일일권,F,20대,11,1469.90,13.42,57892.26,465
202606,02176,2176. 보라매공원 보도육교,정기권,F,50대,99,14944.48,134.63,580332.27,3708
202606,00489,489.구룡근린공원,정기권,M,40대,30,1546.87,13.96,60095.89,407
202606,01167,1167. 마곡수명산파크3단지 교차로,일일권,M,~10대,83,3568.25,32.13,138627.61,1164
202606,00714,714. 한국SGI 양천문화회관 앞,정기권,M,50대,16,1618.38,14.58,62874.37,405
202606,00704,704. 남부법원검찰청 교차로,일일권,M,기타,5,226.07,2.03,8783.15,53
202606,00188,188. 홍은동 정원여중 입구,정기권,,20대,31,2430.27,21.89,94416.06,577
202606,03692,3692. 둔촌오륜역 1번 출구,정기권,M,~10대,111,5524.97,49.77,216857.14,1812
202606,04929,4929. 투썸플레이스 강남청담점 앞,일일권,,30대,12,853.18,7.68,33145.49,245
202606,01761,1761.방학중학교 앞,정기권,,20대,14,1244.80,11.21,48360.29,562
202606,04547,4547. 목동역 2번 출구,정기권,,50대,79,4109.75,37.06,159665.08,1654
202606,00188,188. 홍은동 정원여중 입구,정기권,,70대이상,1,16.32,0.15,633.99,7
202606,01226,1226. 잠실4동 주민센터 옆,정기권,,20대,171,6484.01,58.46,251903.28,2141
202606,02321,2321. 학여울역 사거리,일일권(비회원),,기타,6,388.79,3.50,15104.56,194
202606,03939,3939.신도림역 3번출구,정기권,M,60대,339,16267.98,143.10,618018.82,5636
202606,01421,1421. 신내역 4번출구,정기권,F,40대,6,432.08,3.90,16786.53,126
202606,02286,2286. 탑성마을입구,일일권,F,30대,3,512.72,4.65,20038.10,104
202606,00870,870.노들섬 서측 앞,정기권,M,40대,89,10492.38,93.91,411560.41,2596
202606,04883,4883. 위례포레샤인18단지 1812동,정기권,M,20대,11,278.09,2.51,10804.21,81
202606,03758,3758. 서울남부출입국관리소,정기권,F,20대,141,3249.28,29.33,126930.48,1384
202606,01565,1565.수유사거리,일일권,F,70대이상,2,78.36,0.70,3044.29,24
202606,01692,1692. 온곡초교 교차로,정기권,M,70대이상,9,483.08,4.36,18767.57,168
202606,04575,4575. 대림동 e편한세상영등포아델포레,일일권,F,~10대,7,310.27,2.80,12053.58,173
202606,04028,4028. 한일유앤아이아파트 105동 인근,정기권,,60대,4,115.81,1.05,4499.37,134
202606,04566,4566. 대림성원상떼빌아파트,정기권,F,30대,163,6229.18,56.19,242002.22,2858
202606,01231,1231. 잠실역 6번출구,정기권,M,60대,90,5265.38,47.43,204439.12,1679
202606,01414,1414. 사가정역 2번출구,정기권,M,60대,53,3249.50,29.26,126129.81,1043
202606,00483,483.남산타운아파트 버스정류장,정기권,M,20대,10,453.89,4.05,17475.05,160
202606,04253,4253. 홍은도담도서관,정기권,M,50대,37,3109.01,28.01,120784.34,749
202606,01408,1408. 먹골역 6번출구 앞,정기권,F,30대,21,906.26,8.17,35207.90,389
202606,01036,1036. 고덕동 주양쇼핑,일일권,M,50대,2,153.45,1.39,5961.60,61
202606,00590,590. 건국대학교 (입학정보관),정기권,M,20대,780,22537.96,203.83,881774.04,11242
202606,04453,4453. 위례중앙푸르지오 201동 앞,일일권,,기타,5,312.65,2.82,12145.93,80
202606,00701,701. 목동사거리 부근,일일권,F,40대,9,546.10,4.92,21216.12,172
202606,04540,4540. 목동역 3번 출구,정기권,,30대,208,8510.78,76.67,331452.09,4148
202606,02427,2427.개포고등학교 정문앞,정기권,F,30대,56,2973.23,27.03,120209.25,1511
202606,02704,2704.홈플러스(강서점),일일권(3시간),,30대,1,30.02,0.27,1166.09,16
202606,01227,1227. 거여역 8번출구 뒤,정기권,M,60대,105,5099.59,45.98,198049.28,1256
202606,03816,3816. 관악 GSfresh,정기권,M,50대,34,3069.09,27.66,119120.09,1164
202606,04306,4306. 서래공원 앞,정기권,F,40대,26,1659.61,15.69,69663.37,584
202606,00314,314. 국립현대미술관,일일권,M,60대,3,261.27,2.35,10150.40,99
202606,00303,303. 광화문역 1번출구 앞,가족권,M,~10대,2,54.68,0.49,2124.61,77
202606,01090,1090.상일동역 2번출구 앞,일일권,M,70대이상,2,214.00,1.93,8313.80,76
202606,01187,1187. 강서수산물도매시장,정기권,F,20대,23,1034.53,9.54,41087.54,273
202606,01478,1478.홈플러스 상봉점 앞,정기권,F,50대,56,2731.61,24.65,106122.41,992
202606,04958,4958. 고덕래미안힐스테이트 아파트 211동,가족권,F,~10대,1,18.79,0.17,730.00,12
202606,02342,2342. 대청역 1번출구  뒤,일일권,M,~10대,20,1038.04,9.35,40327.51,645
202606,04009,4009. 월계프라자,정기권,,20대,36,990.30,8.93,38473.19,278
202606,00731,731. 서울시 도로환경관리센터,정기권,,60대,15,648.39,5.84,25189.91,254
202606,00948,948. 디지털미디어 시티역 4번출구(DMC역),정기권,M,50대,86,5176.96,46.64,201126.72,1521
202606,05065,5065. 허준박물관삼거리,정기권,F,60대,23,566.48,5.10,22008.14,359
202606,01653,1653. 노원역1번출구,일일권,F,~10대,27,1664.90,15.26,65766.66,750
202606,00666,666.이문대성유니드아파트 앞,정기권,,60대,14,2720.52,24.53,105693.18,580
202606,00947,947. 연신내 선일하이츠빌 정류소,정기권,,20대,13,598.03,5.40,23233.67,147
202606,04715,4715. 돈의문 박물관 마을,일일권,M,40대,7,296.30,2.66,11511.32,74
202606,02174,2174. 삼성디지털프라자관악점,정기권,M,50대,31,1491.49,13.44,57944.26,539
202606,01183,1183. 강서대학교,정기권,F,30대,27,1509.88,13.61,58659.66,404
202606,03939,3939.신도림역 3번출구,일일권,M,기타,3,254.92,2.30,9903.60,106
202606,05082,5082. 가양역 7번출구,일일권(3시간),,30대,2,1081.39,9.75,42012.02,305
202606,01089,1089.고덕 래미안힐스테이트(201동),일일권,M,50대,14,630.50,5.68,24495.12,145
202606,00191,191. 서우빌딩,정기권,M,30대,115,6707.54,60.46,260586.09,2280
202606,01901,1901. 신도림동주민센터 앞,일일권(3시간),F,~10대,3,252.16,2.27,9796.26,106
202606,00636,636. 세종대왕기념관 교차로,일일권,,20대,1,59.49,0.54,2311.25,16
202606,00267,267. 삼성화재 사옥 옆,일일권(3시간),,40대,3,842.41,7.59,32727.63,371
202606,02549,2549.호반써밋서초파크 403동,일일권,F,~10대,1,69.67,0.63,2706.71,12
202606,04135,4135. 삼성생명 앞,일일권(3시간),M,20대,1,202.61,1.83,7871.46,92
202606,00716,716.신정6동 주민센터 인근,일일권,M,40대,15,839.95,7.53,32464.63,327
202606,00349,349. 어린이도서관,일일권(비회원),,20대,1,88.66,0.80,3444.41,39
202606,03894,3894. 노룬산시장 앞,정기권,F,50대,103,5712.98,51.48,228192.66,5372
202606,05859,5859. 여의도 삼부아파트,정기권,F,20대,33,2320.14,20.93,90138.18,632
202606,02244,2244. 말죽거리공원 사거리,정기권,,40대,73,6736.31,60.67,261704.26,1693
202606,03782,3782. 겸재정선미술관,정기권,F,40대,107,7544.02,68.04,298079.03,2434
202606,04565,4565. 영등포 신세계백화점,정기권,F,70대이상,1,40.08,0.36,1556.98,15
202606,00623,623. 서울시립대 정문 앞 B,일일권,F,60대,2,35.83,0.33,1391.93,8
202606,00909,909. 백련산 힐스테이트 3차,일일권,M,40대,1,21.09,0.19,819.44,8
202606,03757,3757. 신방화역 6번출구,정기권,M,40대,210,5688.35,51.29,222953.89,2351
202606,03408,3408.종로타워빌딩,일일권(3시간),F,40대,1,360.96,3.92,16880.04,94
202606,01971,1971. 오정초교 앞 보도육교,일일권,M,20대,6,600.93,5.43,23346.15,149
202606,02621,2621. 한성백제역 2번 출구,일일권(비회원 3시간),,기타,4,541.90,4.88,23927.00,556
202606,00447,447. 신영동삼거리,일일권,F,40대,1,273.76,2.47,10635.47,107
202606,04536,4536. 양천해누리체육공원,정기권,F,60대,1,27.23,0.25,1057.86,6
202606,00543,543. 구의공원(테크노마트 앞),일일권,M,40대,29,2501.39,22.44,96733.18,927
202606,01601,1601. 석계역 문화광장 내 자전거 보관소,일일권,M,~10대,87,5754.27,51.57,222868.85,1472
202606,03616,3616. 역삼중학교 앞(체육관 방향),일일권,M,~10대,2,137.80,1.24,5353.46,32
202606,00434,434. 신당 래미안 버스정류장,정기권,F,30대,20,1366.98,12.33,53107.31,402
202606,02307,2307. 압구정 한양 3차 아파트,정기권,F,60대,2,86.79,0.79,3371.68,37
202606,04569,4569. 힐스테이트클래시안아파트,정기권,M,60대,23,1365.25,12.20,52606.96,546
202606,03782,3782. 겸재정선미술관,정기권,F,20대,223,16191.62,144.93,625188.26,3707
202606,01541,1541. 삼양역,정기권,F,50대,4,406.83,3.66,15805.36,86
202606,03882,3882. 자양2동 주민센터,정기권,,30대,134,4475.69,40.32,173882.24,1338
202606,04035,4035. 휴플러스 수락한신아파트 101동 앞,정기권,M,30대,30,680.97,6.15,26455.61,595
202606,03573,3573.광나루안전체험관,일일권,F,~10대,6,380.73,3.43,14791.04,121
202606,02708,2708.강서한강자이타워 앞,정기권,,기타,26,708.42,6.40,27522.11,220
202606,06185,6185.가양나들목,일일권,,기타,1,236.60,2.13,9191.94,46
202606,00192,192. 연서어린이공원,정기권,F,50대,27,1308.53,11.78,50836.44,519
202606,02615,2615. 테라타워2,정기권,F,~10대,3,56.50,0.50,2195.10,11
202606,04029,4029. 청소년수련관 후문,일일권(3시간),M,20대,1,589.81,5.32,22914.20,88
202606,00192,192. 연서어린이공원,정기권,M,20대,19,752.26,6.79,29246.94,232
202606,02653,2653.올림픽공원사거리(선수촌아파트),정기권,M,70대이상,7,425.10,3.83,16515.20,116
202606,04537,4537. 서울남부지방검찰청 후문 ,정기권,,20대,106,3328.77,30.27,130626.61,1655
202606,01302,1302. 한성대입구역6번출구 뒤,일일권,M,50대,3,256.71,2.31,9973.53,49
202606,00904,904. 은평뉴타운 푸르지오,일일권,F,40대,6,362.73,3.26,14092.34,117
202606,02143,2143. 서울산업정보학교,일일권(3시간),,40대,1,26.25,0.24,1020.00,105
202606,00762,762. 오목로 무중력지대 앞,일일권,M,50대,8,1014.90,8.72,37552.20,248
202606,04509,4509. 서울영상고교 입구,일일권,M,60대,3,147.10,1.33,5714.88,43
202606,00467,467.한국은행,일일권,,30대,1,9.38,0.08,364.28,5
202606,04350,4350.누리숲어린이공원 앞,일일권,M,20대,41,4643.51,41.82,180253.81,1373
202606,01959,1959. 구로구의회 앞,정기권,,40대,58,3673.19,33.12,142703.45,969
202606,00371,371. 동대입구역 6번출구 뒤,일일권,F,~10대,2,41.00,0.37,1592.72,18
202606,01639,1639. 희성오피앙,정기권,F,~10대,15,382.59,3.34,14339.10,109
202606,04891,4891. 위례포레나송파,정기권,F,~10대,4,142.98,1.29,5554.75,54
202606,02611,2611. 송파지역자활센터 뒤,가족권,,~10대,1,72.05,0.65,2799.13,20
202606,04087,4087. 우이교 교차로,가족권,F,~10대,6,752.03,6.79,29216.59,225
202606,01177,1177. 수명중?고교,정기권,,60대,4,200.55,1.80,7791.57,51
202606,04819,4819. 면목동 새싹어린이공원 앞,일일권,F,50대,10,2224.97,16.66,71817.61,440
202606,05858,5858. 영등포역5번출구,일일권,M,60대,3,716.92,6.47,27852.30,178
202606,02060,2060. 남성역3번출구 뒤,일일권,,40대,2,57.90,0.53,2249.62,14
202606,03659,3659. 명일초등학교 옆,일일권,M,20대,3,139.71,1.25,5428.20,34
202606,01734,1734. 쌍문현대1차아파트 108동 앞,정기권,F,~10대,1,106.43,1.39,5972.30,55
202606,01841,1841. 가산동 주민센터,정기권,,50대,53,4089.73,36.87,158884.68,1270
202606,02804,2804.항동지구 6단지 602동 앞,정기권,,20대,2,76.08,0.68,2955.72,20
202606,00550,550. 서울시설공단 앞,일일권,M,50대,14,2630.58,23.35,100639.89,630
202606,00406,406. 상암월드컵파크 7단지 앞,일일권,,~10대,2,496.86,4.47,19302.79,121
202606,03201,3201.당산skv1센터,정기권,F,20대,114,3431.94,31.57,136606.41,1515
202606,01715,1715. 서울특별시교육청도봉도서관,일일권(3시간),,30대,1,164.99,1.49,6410.00,97
202606,02090,2090.기아자동차 사당점 앞,정기권,,기타,3,183.74,1.77,7611.98,49
202606,04873,4873. 개롱역사거리 2번 출구,일일권,,기타,9,734.24,6.62,28525.44,306
202606,03561,3561.행당동 삼부APT후문,정기권,M,50대,18,1246.93,11.24,48444.21,308
202606,01661,1661. 당현천근린공원,정기권,M,50대,137,8286.83,74.43,321163.30,2127
202606,03799,3799. 국립항공박물관,일일권,M,40대,2,67.23,0.60,2611.74,17
202606,04637,4637. 용산시티파크 101동 앞,일일권,M,30대,15,1043.06,9.38,40411.59,341
202606,01180,1180. 마곡엠밸리 15단지(1502동) 건너편,일일권,M,30대,28,925.18,8.31,37818.94,359
202606,06058,6058. 시청역 2번출구,일일권,M,~10대,10,984.16,8.66,37300.46,262
202606,04603,4603. 한강GS에클라트 건너편 교통섬,일일권,F,30대,16,1667.16,15.09,65013.26,402
202606,00194,194. 증산교 앞,일일권(비회원),,30대,1,277.90,2.50,10796.40,46
202606,04144,4144.시립대학교 박물관 앞,일일권,M,50대,4,263.15,2.38,10223.62,81
202606,01072,1072.고덕역 5번출구,정기권,M,60대,45,1965.62,17.76,76363.11,1689
202606,02657,2657.송파 파인타운 11단지 ,일일권,M,30대,10,622.94,5.62,24201.50,145
202606,00440,440. 하늘공원 입구,일일권,F,60대,3,349.14,3.14,13564.02,73
202606,04665,4665. 응암역3번 출구(서부경찰서 방면),정기권,F,50대,13,821.63,7.42,31920.64,301
202606,04468,4468. 가락1동주민센터 ,일일권,,30대,23,2560.76,23.10,99484.95,638
202606,05865,5865.더리브오피스텔 앞,정기권,M,50대,123,8345.41,75.19,323968.28,2933
202606,04913,4913. 레베쌍트 빌딩 앞,일일권,F,50대,2,157.38,1.42,6114.28,45
202606,04543,4543. 오목교역 6번 출구,일일권,,기타,14,1144.68,10.31,44471.04,414
202606,01736,1736. 버스정류장 앞,일일권(비회원),,20대,1,65.38,0.59,2539.87,22
202606,01848,1848. 벽산 디지털밸리 5차,정기권,M,20대,130,4925.29,44.43,193615.99,1543
202606,01535,1535. 효성인텔리안 앞,일일권,,40대,9,228.53,2.06,9865.46,101
202606,01296,1296. 석촌호수교차로 (송파나루근린공원 앞),정기권,F,기타,1,26.25,0.24,1020.00,9
202606,02231,2231. 삼성타운(삼성생명) A동 맞은편,일일권(비회원),,50대,1,20.77,0.19,807.02,5
202606,02634,2634.위례포레샤인아파트 정류장,일일권,F,50대,2,320.18,2.88,12438.73,65
202606,03971,3971. 순흥안씨묘 건너편,정기권,F,20대,2,736.95,6.64,28630.38,133
202606,01256,1256. 문정현대아파트 교차로,일일권,,기타,1,71.56,0.64,2780.00,22
202606,02601,2601. 석촌호수 아뜰리에,정기권,,50대,30,959.40,8.67,37272.39,349
202606,02214,2214. 신반포역 2번출구 앞,일일권(비회원 3시간),,20대,1,324.89,2.93,12621.83,140
202606,00194,194. 증산교 앞,정기권,M,40대,140,9302.68,83.76,361108.73,2423
202606,01187,1187. 강서수산물도매시장,정기권,F,50대,54,2910.51,26.26,113074.57,833
202606,04803,4803. 상봉2동 주민센터 앞,정기권,F,~10대,10,379.86,3.44,14757.54,144
202606,01396,1396.래미안장위퍼스트하이(513동),정기권,F,30대,44,3407.13,30.74,135532.45,1037
202606,04389,4389. 서울숲역3번출구,일일권,,50대,1,158.39,1.43,6153.43,37
202606,01384,1384.성신여대입구역 5번출구,정기권,F,~10대,2,60.94,0.55,2367.68,17
202606,00551,551. 구의삼성쉐르빌 앞,정기권,,~10대,1,86.36,0.78,3355.20,19
202606,01421,1421. 신내역 4번출구,일일권,M,20대,19,2781.93,25.08,108077.81,612
202606,04841,4841. 중화수경공원,일일권,M,70대이상,1,84.72,0.76,3291.30,82
202606,00840,840. 용산 파크타워 앞,일일권,,30대,7,623.94,5.62,24239.91,192
202606,02921,2921.중계역 2번출구,일일권,,~10대,1,9.57,0.09,371.70,4
202606,01402,1402. 금란주차장 앞,정기권,M,30대,80,3348.11,29.97,129071.58,1032
202606,02728,2728.마곡나루역 3번 출구,일일권,,50대,13,1840.76,16.58,71513.25,362
202606,05779,5779. 나래교,일일권(비회원),,40대,1,81.08,0.73,3149.84,31
202606,02421,2421. 신논현역 4번출구,정기권,M,40대,58,4151.17,37.21,162694.59,1625
202606,00195,195. 모래내고가차도 ,일일권,F,~10대,3,754.50,6.80,29312.40,201
202606,00678,678.장안힐스테이트(아) 앞,정기권,M,40대,146,12635.34,111.16,479197.76,5428
202606,04852,4852. 서울복합물류 게이트 1,일일권,F,30대,20,1893.03,17.07,73544.73,443
202606,03902,3902. 항동지구5단지 501동 앞,일일권,F,20대,4,347.37,3.12,13495.09,91
202606,01256,1256. 문정현대아파트 교차로,정기권,M,30대,132,4571.15,41.24,177591.41,2657
202606,03571,3571.화양 APT(횡단보도 옆),일일권(3시간),F,30대,1,498.00,4.49,19347.44,132
202606,01250,1250.문정2동 주민센터,일일권,,50대,1,58.98,0.53,2291.32,11
202606,00282,282. 신한은행 대림동지점,일일권(3시간),F,~10대,1,42.62,0.38,1655.88,16
202606,03918,3918. 이좋은집오피스텔 앞,정기권,F,20대,7,756.17,6.81,29376.59,191
202606,02604,2604. 풍납토성 서성벽터A,일일권(비회원),,기타,4,458.08,4.13,17796.83,141
202606,04884,4884. H비즈니스파크,일일권(3시간),,30대,1,434.92,3.92,16896.60,127
202606,00564,564. 금호역 3번출구,정기권,,20대,5,231.93,2.09,9010.54,89
202606,04689,4689. 은평서해그랑블아파트앞,일일권(3시간),M,20대,1,541.67,4.88,21043.79,135
202606,04874,4874. 탄천1교 하부보도,일일권,F,50대,6,616.60,5.46,23511.70,184
202606,01286,1286. 위례중앙푸르지오 1단지 앞,일일권,,~10대,1,22.91,0.21,890.00,5
202606,04202,4202. 프런트원(공덕역4번출구 앞),가족권,M,~10대,1,83.91,0.76,3260.00,44
202606,03927,3927. 구로월드아파트 앞,일일권,M,50대,7,345.25,3.10,13413.45,86
202606,01702,1702. 녹천역 1번출구 앞,일일권,M,50대,6,256.31,2.31,9957.33,89
202606,01574,1574.송중초등학교 옆,정기권,F,30대,6,431.01,3.97,17093.79,128
202606,00195,195. 모래내고가차도 ,정기권,F,30대,78,4105.32,36.99,159491.53,1196
202606,00542,542. 강변역 4번출구 뒤,일일권(3시간),,기타,2,346.97,3.13,13479.65,253
202606,02410,2410. 포스코피앤에스타워 (역삼역 3번출구 부근),정기권,F,70대이상,5,217.01,1.96,8430.91,194
202606,05893,5893.한국산업은행,정기권,,70대이상,1,15.82,0.14,614.50,5
202606,01667,1667. 중계중학교,일일권,F,20대,29,3540.16,31.92,137535.22,917
202606,02219,"2219. 고속터미널역 8-1번, 8-2번 출구 사이",일일권,F,~10대,24,2129.31,19.48,84136.97,741
202606,03517,3517. 용마사거리,정기권,,20대,97,11812.89,106.48,458929.18,2598
202606,04334,4334. 인재개발원 데이터센터,일일권,M,20대,12,324.55,2.92,12608.62,94
202606,01854,1854. 가산아네스트 오피스텔 앞,일일권,,20대,6,157.62,1.42,6123.59,67
202606,04580,4580. 국회제2의원회관,정기권,M,40대,109,10069.09,90.71,391184.73,2667
202606,00457,457. 종로꽃시장 입구 옆,일일권,,기타,6,1139.26,10.28,44260.31,311
202606,02038,2038. 동작역 7번출구,일일권,F,기타,1,38.18,0.34,1483.30,7
202606,04138,4138. 조일빌딩 앞,일일권,M,60대,2,275.81,2.49,10715.47,278
202606,00407,407. 마포구 육아종합지원센터,정기권,,60대,8,183.69,1.67,7136.59,95
202606,05883,5883. 영문초사거리,정기권,,50대,108,3904.52,35.20,151689.46,2153
202606,02609,2609. 보성중고등학교 후문 앞,일일권,F,50대,1,75.66,0.68,2939.20,202
202606,01665,1665. 양지근린공원앞,정기권,,기타,19,811.95,7.33,31544.90,357
202606,02404,2404. 대모산입구역 4번 출구 앞,일일권,F,40대,22,2757.61,25.67,110604.33,1166
202606,00911,911. 은평평화공원(역촌역4번출구),일일권,,60대,3,726.72,6.54,28232.92,106
202606,03789,3789. 염창나들목,정기권,F,60대,51,5933.91,53.49,230531.75,2306
202606,01456,1456. 상아빌딩(우림시장 교차로),일일권,F,50대,6,595.69,5.35,23002.37,164
202606,04341,4341. 영동1교 북단,일일권,,50대,7,748.05,6.74,29061.45,166
202606,02713,2713.우장초등학교 앞,일일권,M,30대,39,3521.26,31.72,139695.19,994
202606,03533,3533. 건대입구역 사거리(롯데백화점),정기권,,기타,109,4338.50,39.21,169080.64,1663
202606,01664,1664. 노해근린공원내,일일권,M,기타,2,35.49,0.32,1378.96,10
202606,00557,557. 도선동 주민센터 앞,일일권,,30대,10,747.32,6.75,29033.55,219
202606,00706,706. 신정네거리역,정기권,F,기타,1,20.87,0.19,810.65,21
202606,04855,4855. 거여5단지 503동 앞,정기권,,60대,24,1974.27,17.81,76700.15,480
202606,01215,1215. 올림픽공원역 1번출구 앞,정기권,F,40대,230,13380.28,120.34,518654.92,5777
202606,05337,5337. 태강릉 앞,일일권(3시간),M,40대,1,44.26,0.40,1719.56,83
202606,03417,3417.창신3동주민센터,정기권,,50대,7,557.97,5.02,21676.71,189
202606,01674,1674. 서울북부고용센터앞,일일권,,20대,52,4349.17,39.14,168965.91,1160
202606,04546,4546. 목동운동장 주경기장,일일권,,기타,1,49.98,0.45,1941.68,11
202606,02066,2066. 양문교회 앞,일일권,F,30대,6,231.55,2.09,8995.46,65
202606,00346,346. 맥스타일 앞,정기권,M,기타,1,58.21,0.52,2261.49,17
202606,04098,4098.창동역 1번출구 인근,일일권,M,50대,9,456.57,4.12,17737.85,124
202606,03653,3653. 강동리버스트4단지아파트 404동 앞,정기권,,기타,8,892.92,8.04,41869.77,506
202606,04665,4665. 응암역3번 출구(서부경찰서 방면),정기권,,70대이상,2,267.80,2.42,10404.19,84
202606,02336,2336. 강남세브란스교차로  래미안그레이튼 104동 앞,정기권,F,~10대,1,37.23,0.34,1446.44,7
202606,02415,2415.한티역 롯데백화점 앞,정기권,F,~10대,19,541.65,4.89,21043.70,521
202606,03699,3699. 상일파출소 옆,일일권,F,40대,15,953.96,8.58,37061.47,339
202606,04054,4054. 창동한신아파트 버스정류소,일일권,,기타,3,101.05,0.91,3925.78,58
202606,02008,2008. 노량진근린공원 대방공원,일일권,M,40대,4,194.74,1.76,7565.86,55
202606,01208,1208. 풍납현대아파트쉼터,정기권,,30대,195,8612.15,77.65,341569.07,3426
202606,05780,5780. 송파세무서,일일권,,기타,2,79.23,0.72,3078.13,23
202606,00198,198. 충정2교,일일권(비회원),,20대,2,167.15,1.51,6493.89,56
202606,00476,476.광희문,일일권,,20대,4,240.15,2.16,9330.28,72
202606,01077,1077.강동역 1번출구 앞,일일권,M,40대,19,1058.57,9.06,39011.12,361
202606,00797,797.목동아파트 1422동 1434동 사잇길,일일권,,기타,21,1300.39,11.73,50520.24,454
202606,00198,198. 충정2교,정기권,,20대,7,517.49,4.66,20104.53,144
202606,00266,266. 영등포청과시장 사거리,일일권,,30대,27,1144.97,10.30,44481.88,378
202606,01867,1867.대륭포스트타워6차 앞,일일권,F,40대,6,255.75,2.31,9935.57,68
202606,01825,1825. 한신아파트 앞 육교 아래,정기권,,60대,3,290.61,2.62,11290.20,67
202606,02539,2539.대한무역투자진흥공사 KOTRA 앞,일일권(비회원),,30대,1,65.07,0.59,2528.06,16
202606,04147,4147.청량리역광장,정기권,M,70대이상,4,77.30,0.69,3003.01,83
202606,01090,1090.상일동역 2번출구 앞,일일권,F,~10대,1,49.05,0.44,1905.49,23
202606,02746,2746.수명산파크 4단지 411동 앞,정기권,M,60대,30,1057.53,9.53,41084.77,373
202606,04167,4167. 구로교 아래,정기권,M,40대,126,8023.83,72.24,312733.71,2203
202606,00989,989. 신응교(가좌로) 앞,일일권(비회원),,기타,7,919.87,8.29,35736.69,252
202606,04863,4863. 잠실나들목5,정기권,F,~10대,1,122.01,1.10,4740.14,23
202606,02737,2737.까치산역 3번 출구,정기권,,70대이상,2,9.02,0.08,350.43,46
202606,04895,4895. 송파레이크힐 상가,일일권,,기타,3,52.01,0.88,3775.33,80
202606,00198,198. 충정2교,정기권,M,30대,128,6267.10,56.56,243476.02,2350
202606,04603,4603. 한강GS에클라트 건너편 교통섬,정기권,M,~10대,3,67.58,0.62,2625.47,26
202606,04594,4594. 양평교 영등포대여소,일일권(비회원),,50대,1,125.97,1.14,4893.99,50
202606,02627,2627.문정시영아파트 5동 앞 공원,일일권(비회원),,40대,1,97.47,0.88,3786.54,33
202606,05866,5866.포레나 당산,일일권,F,~10대,15,414.91,3.72,16119.31,145
202606,04561,4561. 양평역 1번출구,일일권,M,기타,9,244.19,2.20,9486.23,74
202606,01930,1930. 개봉지구대 개봉치안센터,정기권,M,40대,97,5929.03,51.88,223705.07,1356
202606,02645,2645.잠실나들목2(엘스아파트136동),정기권,F,40대,65,5435.56,49.00,211170.78,2389
202606,01188,1188. 롯데중앙연구소,일일권,F,~10대,1,52.58,0.47,2042.80,15
202606,03929,3929. 고척아이파크아파트 205동 앞,정기권,,60대,6,341.80,3.08,13278.54,206
202606,02718,2718.마곡수명산파크1단지,일일권,M,20대,40,1583.03,14.24,61500.77,522
202606,02814,2814.항동지구 10단지 1001동 앞,정기권,M,~10대,3,81.06,0.73,3149.27,22
202606,05508,5508. 성산유수지공원,정기권,,40대,23,2477.34,22.34,96244.79,754
202606,05341,5341.공릉동효성아파트 앞,일일권(3시간),M,40대,1,394.30,3.55,15318.62,89
202606,04864,4864. 송파사거리,일일권,M,30대,85,5456.48,49.17,213766.74,1722
202606,02214,2214. 신반포역 2번출구 앞,가족권,,~10대,2,354.05,3.19,13755.04,117
202606,01467,1467.sk신내 주유소앞(용마산로),정기권,,50대,22,1483.63,13.39,57639.10,272
202606,03556,3556.신금호파크자이APT앞,정기권,M,~10대,3,76.44,0.70,2969.58,15
202606,00199,199. 서울 월드컵 경기장,일일권,F,50대,4,333.40,3.00,12952.48,96
202606,01904,1904. 도림천역 1번 출구 앞,일일권(3시간),F,30대,1,409.66,3.69,15915.36,159
202606,00670,670.삼육서울병원 버스정류장,정기권,F,30대,137,11274.13,102.22,440541.29,3216
202606,00247,247. 당산역 10번출구 앞,일일권(3시간),F,40대,1,160.00,1.80,7770.00,144
202606,04274,4274. 신촌 파랑고래 입구,일일권(비회원 3시간),,기타,1,430.90,3.88,16740.32,135
202606,01207,1207. 마천중앙시장,일일권(비회원),,기타,1,198.73,1.79,7720.80,59
202606,02217,2217.아크로리버뷰 부지 앞,정기권,M,40대,223,26064.94,234.01,1008630.86,7384
202606,02523,2523.뉴코아 킴스클럽 앞,일일권,M,~10대,9,526.80,4.77,20466.09,180
202606,04563,4563. 여의도 은하아파트,정기권,,60대,7,385.18,3.47,14964.61,104
202606,01300,1300. 오륜사거리,일일권,F,50대,3,540.89,4.87,21013.59,129
202606,03804,3804. 낙성대공원,일일권,M,30대,6,239.02,2.15,10273.28,235
202606,01531,1531. 미아사거리 1번 출구,일일권,M,40대,10,956.14,8.61,37145.85,255
202606,00584,584. 광진광장 교통섬,정기권,M,~10대,102,4014.67,36.10,155547.26,1486
202606,00458,458. 광화문역 5번출구,일일권,,기타,8,638.72,5.76,24814.35,219
202606,04565,4565. 영등포 신세계백화점,일일권,F,~10대,37,2549.09,23.68,101968.21,972
202606,04177,4177. 롯데캐슬 101동 앞,일일권,F,20대,6,452.99,4.09,17598.73,177
202606,00199,199. 서울 월드컵 경기장,일일권(비회원),,40대,2,230.95,2.08,8972.20,89
202606,01516,1516. 우이동길마을마당,일일권(비회원),,30대,23,1086.81,9.79,42223.03,281
202606,04496,4496. 잠실 파크리오 120동 앞,일일권,M,50대,10,937.04,7.82,33693.50,312
202606,05514,5514.공덕역 1번출구,일일권,M,20대,60,5806.16,51.82,226925.34,1758
202606,04007,4007. 노원 을지대학교 병원,일일권(3시간),F,30대,1,18.39,0.17,714.61,8
202606,03792,3792. 화곡본동시장 입구,일일권,F,20대,7,277.12,2.50,10766.33,85
202606,01690,1690. 도봉운전면허시험장 버스정류장 옆,일일권(비회원),,60대,1,120.72,1.09,4690.00,52
202606,00700,700. KB국민은행 염창역 지점 앞,정기권,,40대,65,8251.77,70.76,304913.61,1861
202606,01228,1228. 마천사거리 ,정기권,,30대,40,4044.30,36.45,157120.48,1135
202606,00512,512. 뚝섬역 1번 출구 옆,일일권,M,40대,36,4074.46,36.65,158022.53,1143
202606,03110,3110.홍은 현대아이파크 아파트 202동 앞,정기권,F,30대,52,6474.71,58.05,250255.23,1562
202606,00456,456. 숭인2동 주민센터 입구,정기권,,20대,53,2161.61,19.45,83977.10,692
202606,01702,1702. 녹천역 1번출구 앞,일일권(3시간),F,40대,1,296.76,2.67,11529.32,99
202606,03556,3556.신금호파크자이APT앞,정기권,M,50대,40,4204.12,35.92,156236.57,1047
202606,03134,3134.SK리쳄블(서울아리수본부),일일권,,20대,3,344.49,3.11,13383.29,84
202606,02127,2127. 난곡종점,일일권,F,20대,2,202.52,1.83,7867.81,51
202606,01379,1379.길음뉴타운푸르지오아파트 3단지,정기권,F,50대,9,674.21,6.07,26192.93,174
202606,04607,4607. 국립중앙박물관 -용산가족공원 앞,일일권(3시간),M,40대,1,83.24,0.61,2627.39,20
202606,01300,1300. 오륜사거리,일일권,,~10대,1,357.99,3.23,13907.82,92
202606,00825,825. 서빙고동 주민센터 앞,일일권,F,60대,5,1196.54,10.77,46485.49,321
202606,00281,281. 대림신동아아파트 앞,정기권,M,50대,119,14119.37,127.22,548537.40,3881
202606,04836,4836. 양원역 1번 출구,정기권,F,30대,22,1131.84,10.20,43973.03,501
202606,02807,2807.항동지구 1단지 105동 앞,일일권,F,30대,3,246.68,2.23,9583.35,196
202606,02539,2539.대한무역투자진흥공사 KOTRA 앞,일일권,F,30대,12,619.86,5.59,24082.02,177
202606,04564,4564. 63스퀘어,가족권,M,~10대,2,185.07,1.67,7190.00,46
202606,01754,1754. 창동시장입구 사거리,일일권,,40대,6,451.89,4.07,17556.00,123
202606,01368,1368. 성신여대입구 교차로,일일권,M,60대,1,141.57,1.28,5500.16,32
202606,01404,1404. 동일로 지하차도,정기권,,60대,5,134.66,1.21,5231.89,69
202606,02601,2601. 석촌호수 아뜰리에,정기권,F,60대,33,1360.41,13.05,59700.30,1157
202606,01020,1020. 강동경찰서,일일권,,30대,66,3598.97,32.47,139820.30,1276
202606,04957,4957. 신명초교 교차로,정기권,M,50대,118,5873.40,52.98,229521.72,1480
202606,01937,1937. 한진아파트 입구,정기권,,20대,18,1224.91,11.01,47587.50,356
202606,01924,1924. 삼부르네상스파크빌,정기권,F,40대,49,2892.07,26.03,112357.11,690
202606,02390,2390. 구룡마을 입구 (래미안블레스티지 아파트),일일권(3시간),M,40대,1,411.60,3.71,15990.73,87
202606,04884,4884. H비즈니스파크,일일권,M,40대,21,2897.90,26.02,112224.00,771
202606,04517,4517. 성보하이드로빌딩,정기권,F,20대,37,994.01,8.99,38617.46,273
202606,00505,505. 자양사거리 광진아크로텔 앞,정기권,M,70대이상,3,88.91,0.81,3454.02,31
202606,02375,2375. 수서역 1번출구 앞,정기권,F,20대,51,4041.93,36.44,157029.49,1794
202606,04464,4464. 올림픽공원 북2문 A,정기권,M,20대,89,4468.60,40.28,173605.55,1455
202606,01662,1662. 노원역7번출구,일일권,,60대,1,53.35,0.48,2072.63,12
202606,01385,1385.성신여대입구역 3번출구 앞,일일권,F,30대,14,1166.70,10.68,46035.60,341
202606,00200,200. 국회의원회관,정기권,M,30대,44,2105.10,18.98,81783.55,1120
202606,00536,536. 행당역 2번출구 앞,정기권,M,60대,15,1574.09,14.18,61153.15,306
202606,04871,4871. 오금동 대림아파트 정문,일일권,,40대,6,398.77,3.60,15492.22,111
202606,04509,4509. 서울영상고교 입구,정기권,M,50대,169,7063.36,63.64,275151.09,2800
202606,00485,485.서울역5번출구,정기권,F,20대,44,3541.17,31.89,137574.51,1501
202606,00259,259. 대방역6번출구,일일권(3시간),,30대,2,841.36,7.58,32686.66,236
202606,00533,533. 금남시장 교차로,정기권,,30대,38,2996.04,27.01,116395.74,751
202606,02227,2227.방배열린문화센터 앞,정기권,F,50대,9,323.33,3.00,12978.91,365
202606,01128,1128. 화곡역 6번출구,일일권,,30대,34,2065.05,18.63,80226.59,597
202606,00511,511. 서울숲역 5번 출구 옆,일일권,,30대,24,2550.35,22.98,99080.78,793
202606,01155,1155. 기쁜우리복지관,정기권,M,70대이상,1,9.63,0.09,373.97,26
202606,05784,5784.한강버스 잠실 선착장,정기권,F,30대,360,39211.63,354.64,1540484.92,9962
202606,05891,5891.한강버스 여의도 선착장,정기권,,기타,29,5380.29,48.51,209023.64,1131
202606,00201,201. 진미파라곤 앞,일일권,,기타,8,1505.25,14.21,61180.46,694
202606,00201,201. 진미파라곤 앞,일일권,F,20대,40,5165.56,46.73,201469.99,1500
202606,00340,340. 혜화동 로터리,정기권,F,70대이상,1,15.53,0.14,603.47,6
202606,00201,201. 진미파라곤 앞,일일권,F,40대,7,396.11,3.56,15388.95,130
202606,00817,817. 삼각지역 4번출구 앞,일일권,,20대,23,1856.86,16.73,72138.70,597
202606,03668,3668. 성내삼성아파트,정기권,F,70대이상,1,18.96,0.17,736.55,15
202606,04863,4863. 잠실나들목5,일일권,M,40대,11,1189.67,10.71,46219.47,295
202606,01686,1686. 상계주공10단지 종합상가 앞,정기권,M,40대,153,8275.73,74.53,326520.61,4300
202606,04871,4871. 오금동 대림아파트 정문,일일권,F,50대,6,115.78,1.05,4498.47,37
202606,04613,4613. 서울갤러리아 앞,일일권(비회원),,기타,3,365.51,3.30,14199.94,75
202606,00265,265. 영등포유통상가 사거리,정기권,F,40대,111,4059.50,36.73,158529.18,2048
202606,01140,1140. 목동사거리 버스정류장,정기권,M,~10대,103,4077.99,36.48,157442.12,1465
202606,04923,4923.수협대치동지점,일일권,F,40대,11,1569.82,14.14,60987.54,642
202606,04672,4672. 준빌딩 앞,일일권,M,20대,17,1046.14,9.43,40642.27,341
202606,00201,201. 진미파라곤 앞,일일권(3시간),F,40대,2,849.98,7.66,33021.85,322
202606,00529,529. 장한평역 8번 출구 앞,정기권,M,50대,586,33095.16,298.20,1285740.29,11754
202606,04207,4207. 아만티호텔 앞,정기권,F,60대,7,277.45,2.49,10778.82,122
202606,01308,1308. 안암로터리 버스정류장 앞,정기권,,20대,264,13902.24,125.38,541703.82,4279
202606,04865,4865. 한성백제역 1번출구 뒤,정기권,F,70대이상,1,23.73,0.21,921.89,6
202606,00466,466.롯데호텔,일일권(비회원),,~10대,1,113.39,1.02,4405.28,31
202606,05337,5337. 태강릉 앞,일일권,F,20대,10,654.13,5.90,25413.30,437
202606,01756,1756.서울북부광역등기국,일일권,M,60대,1,5.13,0.05,199.43,2
202606,02396,2396. 영동3교 북단(우성캐릭터 앞 보도),일일권,,기타,3,364.99,3.30,14179.89,186
202606,01444,1444. 면목4치안센터,일일권(3시간),F,40대,1,92.66,0.84,3600.00,94
202606,04903,4903. 신사스퀘어,정기권,M,30대,26,4428.47,39.90,172045.74,1386
202606,04820,4820. 망우역 2번 출구,일일권(비회원),,20대,1,24.48,0.22,950.91,9
202606,03123,3123.DMC파크뷰자이1단지 110동 앞,일일권,M,20대,27,1526.19,13.55,58380.35,409
202606,00201,201. 진미파라곤 앞,정기권,,40대,59,5183.94,46.70,201952.18,1312
202606,04247,4247. 서울서부지방법원등기국앞,정기권,M,~10대,20,878.03,7.63,34687.84,213
202606,00830,830. 강변삼성스위트아파트 앞,일일권,M,30대,10,982.75,8.87,38180.21,366
202606,00849,849. 삼각지 자이아파트,일일권(3시간),F,40대,1,51.11,0.50,2151.19,82
202606,00409,409. 누리꿈스퀘어 옆,일일권,,50대,3,181.54,1.64,7052.67,91
202606,00362,362. 청계8가사거리 A,일일권,F,20대,95,6865.66,62.19,268315.06,2375
202606,03627,3627. 압구정나들목,일일권,F,기타,1,281.65,2.54,10942.21,92
202606,04600,4600. 서울 영등포구 우체국,일일권,F,30대,12,563.77,5.07,21902.22,196
202606,00828,828. 숙대입구역 8번,일일권,F,20대,41,3790.92,34.52,148992.11,1402
202606,00520,520. 상왕십리역 4번 출구 앞,정기권,F,~10대,2,360.72,3.26,14013.81,97
202606,04483,4483. 잠실나들목4,일일권(비회원 3시간),,기타,1,123.62,1.11,4802.47,79
202606,04269,4269. 연희IC 남측,정기권,,70대이상,1,18.04,0.16,700.82,3
202606,01512,1512. 강북중학교 앞,정기권,F,~10대,3,435.35,4.14,17858.29,134
202606,01165,1165. 마곡중학교 후문,정기권,F,~10대,58,2506.73,22.56,97386.67,722
202606,00743,743. 현대6차아파트 101동 옆,일일권,F,20대,20,1088.33,9.81,42457.20,418
202606,00201,201. 진미파라곤 앞,정기권,M,60대,38,1251.03,11.27,48602.40,440
202606,04918,4918. 매봉역 1번출구,정기권,,50대,66,3979.50,35.89,154604.72,1121
202606,05075,5075. 등촌역 1번출구,일일권(비회원),,기타,2,50.26,0.45,1952.51,14
202606,01214,1214. 오금역 7번 출구 인근,일일권,F,~10대,3,179.62,1.62,6978.41,89
202606,00837,837. 한남나들목 입구,일일권,,기타,6,976.59,8.80,37940.32,429
202606,00477,477.앰배서더 호텔 주변,일일권,M,30대,6,340.14,3.07,13214.78,99
202606,00343,343. 힐스테이트창경궁 아파트 앞,정기권,,30대,37,1487.16,13.39,57775.80,450
202606,05317,5317. 공릉동 신도1차 아파트 뒤,일일권,M,50대,6,2125.08,19.16,82558.86,398
202606,04425,4425. 하늘채코오롱아파트 앞,정기권,M,50대,94,5918.37,53.35,229927.18,1851
202606,02339,2339. 현대아파트 정문 앞,가족권,M,30대,1,187.13,1.69,7270.00,58
202606,02815,2815.항동지구 7단지 정문,정기권,M,~10대,7,356.85,3.22,13863.59,144
202606,00857,857. 현대 안성타워,일일권(3시간),M,20대,1,73.72,0.66,2863.94,66
202606,04862,4862. 성내교 남단,일일권,M,30대,21,1798.35,16.22,69867.17,608
202606,04032,4032. 불암주유소 앞,정기권,M,~10대,316,13878.74,123.94,536223.79,4234
202606,02334,2334. 삼호아파트 2동 ( 간선도로),일일권,,기타,2,151.02,1.36,5866.94,104
202606,03886,3886.광진구 민방위교육센터,정기권,,20대,66,2090.12,18.83,81626.36,502
202606,02358,2358. 구룡초사거리 (현대아파트10동 앞 ),일일권,,60대,1,22.67,0.20,880.80,6
202606,02514,2514.사평역 2번출구,일일권,,40대,13,1538.77,13.87,59781.35,482
202606,05515,5515.한강버스 망원 선착장,일일권,M,60대,44,6251.52,54.78,236072.61,1607
202606,00700,700. KB국민은행 염창역 지점 앞,정기권,F,30대,119,9408.33,84.83,368572.29,2583
202606,02732,2732.마곡수명산 1-2단지 ,일일권(비회원),,기타,3,82.77,0.74,3215.57,27
202606,02252,2252. 잔디마을 마을버스 정류장,정기권,M,40대,160,12076.15,108.87,469160.78,2921
202606,01829,1829. 홈플러스 금천점 앞,정기권,,50대,22,854.93,7.70,33213.89,292
202606,05897,5897.여의도공작아파트,일일권,F,20대,35,4206.33,38.07,164024.07,1392
202606,05087,5087. 연세강서빌딩,일일권,,30대,69,2991.63,26.96,116224.84,1053
202606,01975,1975. 대림역 1번 출입구 밑,일일권,M,기타,1,13.33,0.12,517.84,14
202606,02413,2413.도곡역 1번 출구,일일권,M,40대,32,3874.83,34.94,150537.23,1457
202606,02716,2716.롯데 R&D 센터,일일권,F,30대,14,196.97,1.76,9878.97,68
202606,01686,1686. 상계주공10단지 종합상가 앞,일일권,M,~10대,26,1290.61,11.62,50140.01,353
202606,02657,2657.송파 파인타운 11단지 ,정기권,F,50대,26,1400.30,12.64,54401.55,587
202606,02404,2404. 대모산입구역 4번 출구 앞,일일권(3시간),M,30대,1,194.70,1.75,7564.03,98
202606,00202,202. 국민일보 앞,일일권(3시간),,~10대,2,1414.93,12.76,54969.93,408
202606,04009,4009. 월계프라자,정기권,M,70대이상,4,89.38,0.80,3472.27,30
202606,01610,1610. 화랑대역 2번출구 앞,일일권(비회원),,50대,1,45.47,0.41,1766.63,12
202606,00458,458. 광화문역 5번출구,일일권(비회원 3시간),,기타,1,261.78,2.36,10170.00,164
202606,04341,4341. 영동1교 북단,정기권,F,60대,3,112.67,1.01,4377.01,134
202606,00345,345. 서울보증보험본사 앞,일일권,,50대,1,29.35,0.26,1140.22,7
202606,00536,536. 행당역 2번출구 앞,정기권,M,~10대,9,306.99,2.76,11925.83,211
202606,02211,2211. 서초구립반포도서관 앞,가족권(2시간),M,~10대,1,22.39,0.20,870.00,6
202606,01248,1248. 방이초등학교,정기권,M,70대이상,5,284.29,2.56,11044.37,80
202606,04520,4520. 대성유니드아파트,정기권,,50대,16,588.06,5.30,22846.20,204
202606,01360,1360. 정릉역,일일권,F,60대,1,6.69,0.06,260.00,1
202606,03629,3629. 청담사거리(신한오피스텔빌딩 앞),일일권(비회원),,기타,6,293.26,2.65,11393.09,162
202606,02628,2628.문정역 1번출구,정기권,,70대이상,12,497.46,4.46,19326.22,238
202606,03629,3629. 청담사거리(신한오피스텔빌딩 앞),정기권,,50대,5,642.31,5.78,24953.59,162
202606,00202,202. 국민일보 앞,정기권,,20대,119,14151.26,127.57,549775.76,3471
202606,05886,5886.신풍역 2번출구,일일권(3시간),,20대,2,201.58,1.82,7831.58,114
202606,00843,843. 이태원관광특구 입구(용산구청방향),가족권(2시간),M,~10대,1,247.77,2.23,9625.70,58
202606,04615,4615. 크라운호텔앞 버스정류소,일일권,F,20대,32,4240.63,38.70,166809.89,1313
202606,00353,353. 재동초교 앞 삼거리,정기권,M,60대,20,1036.09,9.33,40252.51,436
202606,01327,1327. 상월곡역 3번출구,정기권,F,20대,34,1791.74,16.12,69608.88,831
202606,01427,1427. 용마산역 1번출구,정기권,M,~10대,5,244.89,2.20,9513.64,81
202606,00959,959. 구파발10단지 인근,정기권,,60대,3,239.29,2.16,9296.47,91
202606,00270,270. 증권거래소후문교차로,정기권,,40대,113,8015.40,72.31,311398.65,3082
202606,04941,4941.압구정로 11길,일일권(비회원 3시간),,기타,2,313.97,2.83,12197.51,261
202606,00202,202. 국민일보 앞,정기권,F,60대,8,490.25,4.56,19650.19,292
202606,00202,202. 국민일보 앞,정기권,F,70대이상,1,152.99,1.38,5943.58,87
202606,00996,996.응암역2번출구 국민은행 앞,정기권,,20대,261,14079.51,126.74,548231.14,4666
202606,02628,2628.문정역 1번출구,일일권,,30대,64,4420.47,39.83,171735.75,1305
202606,04615,4615. 크라운호텔앞 버스정류소,일일권(3시간),M,20대,4,2122.69,19.13,82466.66,449
202606,02020,2020. 장승배기역2번출구뒷편쪽,일일권(비회원),,기타,2,453.04,4.09,17600.62,119
202606,04663,"4663. 불광역3,6호선 버스정류장(동명여고 방면)",일일권(3시간),F,30대,1,48.35,0.44,1878.57,170
202606,02517,2517. 서초그랑자이 앞,정기권,F,20대,54,2187.21,19.71,84972.48,668
202606,00202,202. 국민일보 앞,정기권,M,70대이상,29,1181.28,10.67,45892.31,360
202606,04951,4951. 강동농협 버스정류소 앞(광채빌라),일일권,M,30대,28,2393.51,21.36,92128.81,624
202606,05773,5773. 송파시그니처롯데캐슬,일일권,F,50대,1,43.87,0.40,1704.50,16
202606,03616,3616. 역삼중학교 앞(체육관 방향),일일권,F,20대,1,33.31,0.30,1293.99,51
202606,00854,854.HID 유족동지회 앞,정기권,M,60대,2,71.61,0.65,2782.00,14
202606,02618,2618. 삼전역 1번출구,정기권,,20대,102,4503.55,40.56,174963.16,1776
202606,04526,4526. 목동아파트2단지 222동 앞,정기권,,40대,124,5400.25,48.63,210698.44,2115
202606,01466,1466.두산대림아파트 삼거리,일일권,M,30대,12,3074.22,27.71,119433.38,585
202606,05767,5767. 북위례2,정기권,,20대,19,1929.04,17.38,74943.40,433
202606,04958,4958. 고덕래미안힐스테이트 아파트 211동,정기권,F,60대,3,136.25,1.23,5293.44,33
202606,03969,3969. 독산역 롯데캐슬 104동 앞,일일권,,기타,1,16.34,0.15,634.66,4
202606,01033,1033. 고덕동 아남아파트,일일권,M,70대이상,1,29.68,0.27,1152.88,6
202606,02702,2702. 마곡 엠밸리2단지,일일권,,20대,24,1359.09,12.22,56861.31,418
202606,00569,569. 응봉현대아파트 정류소,일일권,F,30대,4,323.55,2.92,12569.81,86
202606,01326,1326. 상월곡역 1번출구,정기권,M,50대,115,9281.26,83.67,360576.49,3390
202606,01032,1032. 선사고등학교,일일권,M,20대,5,197.96,1.78,7690.44,48
202606,00324,324. 신세계백화점 본점 앞,일일권,,30대,14,1237.48,11.15,48076.55,433
202606,01296,1296. 석촌호수교차로 (송파나루근린공원 앞),일일권,F,~10대,3,445.68,4.01,17314.66,153
202606,04348,4348. 사당역 1번출구,정기권,F,기타,1,26.64,0.24,1034.93,8
202606,04385,4385. 용답동 우체국 주변,정기권,M,~10대,2,159.09,1.43,6180.75,40
202606,03612,3612. 은곡마을,정기권,F,~10대,4,86.46,0.77,3358.89,40
202606,02165,2165. JK장평타워,일일권,M,~10대,1,26.23,0.24,1018.89,6
202606,01192,1192. 마곡수명산파크 209동 건너편,일일권,F,50대,17,377.26,3.39,15703.61,187
202606,03125,3125.연희파크푸르지오아파트 앞,일일권,F,20대,39,5121.95,47.22,203536.46,1528
202606,00203,203. 국회의사당역 3번출구 옆,정기권,,20대,118,7982.82,71.91,310131.86,2284
202606,00203,203. 국회의사당역 3번출구 옆,정기권,,30대,282,14270.70,128.65,554681.49,5222
202606,01322,1322. 래미안라센트아파트 103동 앞,정기권,M,70대이상,16,2633.01,23.75,102293.28,819
202606,04138,4138. 조일빌딩 앞,일일권,,20대,14,785.93,7.08,30532.57,351
202606,04509,4509. 서울영상고교 입구,일일권(비회원),,30대,2,34.83,0.31,1353.20,9
202606,01077,1077.강동역 1번출구 앞,일일권,,60대,1,37.37,0.34,1451.67,10
202606,02214,2214. 신반포역 2번출구 앞,일일권,,40대,26,5009.96,45.15,194637.31,1227
202606,03537,3537. 아차산 휴먼시아 아파트 옆,일일권(3시간),,30대,1,25.08,0.23,974.21,7
202606,01206,1206. 9호선종합운동장역 9번출구,일일권,M,30대,38,2950.53,26.45,114082.95,835
202606,02174,2174. 삼성디지털프라자관악점,일일권,M,20대,23,1001.72,9.03,38917.47,329
202606,01124,1124. 발산역 6번 출구 뒤,일일권(비회원),F,30대,7,310.94,2.81,12079.67,79
202606,04021,4021. 중계본동 입구,정기권,F,50대,12,427.94,3.85,16625.34,220
202606,05342,5342. 상계공원 입구,일일권(비회원),,~10대,5,304.76,2.75,11840.08,107
202606,00576,576. 광나루역 3번 출구,가족권,,~10대,4,449.06,4.04,17446.03,181
202606,00952,952. 서울연신중학교,일일권,M,30대,3,142.83,1.29,5549.24,23
202606,03579,3579.광진 캠퍼스시티,정기권,F,40대,49,3175.67,28.58,123373.40,990
202606,02362,2362. 신사동 가로수길 입구,정기권,,기타,1,,,2186.00,15
202606,03792,3792. 화곡본동시장 입구,정기권,M,60대,50,2160.90,19.48,83952.01,560
202606,05301,5301. 상계주공1단지 버스정류장 옆(대원빌딩 앞),일일권,M,~10대,33,1764.05,14.98,64616.20,436
202606,02717,2717.LG유플러스 마곡사옥,일일권,F,20대,43,1915.92,17.49,75365.06,814
202606,00302,302. 경복궁역 6번출구 뒤,정기권,F,기타,1,47.36,0.43,1840.00,14
202606,00418,418. 월드컵경기장역 3번출구 옆,일일권(3시간),M,40대,1,66.01,0.59,2564.54,23
202606,04136,4136. 롯데캐슬SKY-L65 D동 앞,일일권,M,20대,50,4128.78,37.21,160403.27,1425
202606,01965,1965. 삼환로즈빌아파트 105동 옆,정기권,,기타,19,854.60,8.30,35701.59,378
202606,02259,2259. 잠원역 3번-4번 출구사이 ,일일권,F,30대,25,2991.63,27.26,120955.77,1014
202606,00476,476.광희문,일일권,M,~10대,7,383.83,3.45,14912.01,121
202606,05890,5890.여의나루역 3번출구,정기권,,30대,109,10526.54,94.66,407813.21,2638
202606,01994,1994. 삼성전자 물류센터 앞,일일권,M,20대,62,3294.25,28.90,124680.55,993
202606,02136,2136. 신림역 8번출구,일일권,M,40대,21,1297.89,11.69,50422.74,437
202606,01351,1351. 안암2교 옆,정기권,,30대,102,5651.65,50.93,220905.42,1492
202606,01471,1471.동양쇼핑 정류소 앞,일일권,,40대,2,67.31,0.61,2614.89,18
202606,01205,1205. 종합운동장역 4번출구,정기권,,50대,50,3211.27,29.19,126379.34,1082
202606,02327,2327. 뱅뱅사거리 랜드마크타워 앞,일일권(비회원),,20대,1,64.57,0.58,2508.37,17
202606,04958,4958. 고덕래미안힐스테이트 아파트 211동,일일권,,50대,3,194.86,1.75,7570.19,63
202606,00204,204. 국회의사당역 5번출구 옆,일일권(3시간),M,30대,1,14.36,0.13,557.78,4
202606,01705,1705. 도봉구청 정문앞,정기권,F,30대,65,4529.62,40.80,175976.69,1228
202606,00454,454. 종로2가 버스정류장 (종각방향),일일권,F,30대,12,581.32,5.23,22583.63,152
202606,05334,5334. 화랑대역 3번출구,일일권,M,20대,12,617.01,5.57,23971.13,179
202606,04796,4796. 서울시청,정기권,F,70대이상,2,557.24,5.02,21648.61,174
202606,02746,2746.수명산파크 4단지 411동 앞,정기권,F,60대,13,576.87,5.21,22411.52,196
202606,03507,3507. 어린이회관,정기권,M,70대이상,2,39.65,0.36,1540.35,9
202606,05076,5076. 메이필드호텔앞,일일권,M,30대,27,2305.25,20.41,87911.85,567
202606,01308,1308. 안암로터리 버스정류장 앞,정기권,,40대,26,1396.22,12.58,54243.53,441
202606,04663,"4663. 불광역3,6호선 버스정류장(동명여고 방면)",일일권,M,40대,8,365.27,3.30,14190.46,150
202606,05342,5342. 상계공원 입구,일일권,,60대,1,0.00,0.00,0.00,2
202606,00335,335. 종로3가역 15번출구 뒤,일일권,,50대,6,284.69,2.57,11060.48,92
202606,04917,4917. 일원에코파크 주차장,정기권,,40대,66,3271.56,29.51,127099.65,1507
202606,01222,1222. 잠실새내역 5번 출구 뒤,일일권(3시간),M,20대,2,912.21,8.22,35439.47,242
202606,00204,204. 국회의사당역 5번출구 옆,정기권,F,50대,18,1061.54,9.56,41240.58,712
202606,02813,2813.항동지구 3단지 302동 앞,정기권,M,50대,1,61.36,0.55,2384.01,15
202606,04561,4561. 양평역 1번출구,일일권(3시간),M,~10대,1,32.24,0.29,1252.47,6
202606,00614,614. 용두동 사거리,일일권(3시간),M,~10대,1,313.00,2.82,12160.00,58
202606,00204,204. 국회의사당역 5번출구 옆,정기권,M,30대,219,11286.47,101.71,439006.88,4242
202606,00263,263. 근로자회관 사거리,가족권,,~10대,3,118.29,1.06,4595.73,45
202606,04272,4272. 홍남교 사거리,정기권,,60대,4,333.40,3.00,12952.49,51
202606,01610,1610. 화랑대역 2번출구 앞,일일권,F,~10대,21,2139.51,19.66,84714.59,690
202606,02326,2326. 대치동 삼성로,일일권(3시간),M,~10대,1,37.83,0.34,1469.56,4
202606,01304,1304. 만해공원,정기권,,기타,9,1011.35,9.11,39291.48,232
202606,05061,5061. 우장산동 가곡어린이공원앞,정기권,M,30대,319,12502.51,112.66,489153.21,5081
202606,00870,870.노들섬 서측 앞,일일권,,~10대,1,118.92,1.07,4620.00,51
202606,01180,1180. 마곡엠밸리 15단지(1502동) 건너편,정기권,M,~10대,209,5035.09,45.41,195852.06,1716
202606,03506,3506. 영동대교 북단,정기권,M,70대이상,7,176.64,1.59,6862.13,47
202606,02405,2405. 청담공원앞 교차로,일일권,,50대,1,40.41,0.36,1570.00,12
202606,00282,282. 신한은행 대림동지점,정기권,,기타,2,84.90,0.77,3298.03,22
202606,03557,3557.서울숲리버뷰자이APT105동 앞,일일권,F,50대,7,671.10,6.08,26181.75,293
202606,01681,1681. 현대6차 아파트,정기권,F,20대,40,2889.26,26.04,112248.49,1025
202606,00443,443.호암아트홀,일일권(3시간),M,30대,1,103.94,0.94,4038.06,87
202606,01448,1448. 코스트코 상봉점,일일권,F,~10대,10,547.30,4.94,21263.24,167
202606,05061,5061. 우장산동 가곡어린이공원앞,정기권,F,60대,74,3559.85,32.08,139677.80,1901
202606,05859,5859. 여의도 삼부아파트,정기권,M,~10대,12,443.38,4.01,17225.41,196
202606,01958,1958. 강서수도사업소민원센터,정기권,,40대,44,1843.26,16.61,71609.63,646
202606,02648,2648.헬리오시티 112동 앞,정기권,F,30대,96,7367.40,66.44,288244.74,2312
202606,00205,205. 산업은행 앞,일일권,F,40대,41,4890.64,44.10,190118.60,1989
202606,00643,643. 동대문구민체육센터 (육교아래),일일권,M,30대,43,4193.35,37.74,173470.01,1153
202606,02716,2716.롯데 R&D 센터,정기권,M,50대,38,2429.74,21.91,94395.86,524
202606,01411,1411. 상봉시장앞 교차로 한성빌딩 앞,일일권,,40대,4,260.33,2.36,10113.82,122
202606,04468,4468. 가락1동주민센터 ,가족권,M,~10대,2,365.98,3.30,14218.44,59
202606,01153,"1153. 발산역 1번, 9번 인근 대여소",일일권,F,20대,222,10852.54,98.61,433423.69,3878
202606,04280,4280.북가좌2동 주민센터,정기권,F,60대,6,262.57,2.37,10200.98,98
202606,00709,709. 신정3동 현장민원실 앞,정기권,,30대,31,1779.11,16.06,69117.96,607
202606,01686,1686. 상계주공10단지 종합상가 앞,정기권,F,~10대,22,705.31,6.60,28462.82,225
202606,04804,4804. 동서울농협 앞,일일권,M,50대,1,26.37,0.24,1024.57,16
202606,04599,4599. 대림우성아파트 사거리,일일권,M,50대,1,193.83,1.75,7530.35,49
202606,02306,2306. 압구정역 2번 출구 옆,일일권,M,~10대,23,2452.26,22.05,95018.65,870
202606,04968,4968.강동구 자원순환센터,정기권,,기타,1,31.58,0.28,1226.81,15
202606,05153,5153.한강버스 뚝섬 선착장,정기권,F,20대,340,35678.80,322.57,1392024.24,10777
202606,02339,2339. 현대아파트 정문 앞,일일권(비회원),,20대,1,49.55,0.45,1925.12,15
202606,04928,4928. 교수마을 입구,정기권,,기타,1,20.51,0.18,796.92,5
202606,03602,3602. 한국지역난방공사강남지사,정기권,M,70대이상,17,513.25,4.60,19939.69,150
202606,01339,1339. 삼성전자서비스 성북센터,정기권,F,50대,43,4184.95,37.73,162585.37,1027
202606,00513,513. 뚝섬역 5번 출구 정류소 옆,정기권,F,20대,106,5038.25,45.48,196144.52,2546
202606,02419,"2419.봉은사역 1,2번 출구 ",정기권,F,40대,19,1058.87,9.52,41137.46,400
202606,01504,1504. 삼양시장오거리,정기권,,20대,10,478.71,4.31,18598.27,130
202606,02525,2525.반포쇼핑타운 2동 앞,정기권,F,50대,97,8392.20,75.61,329248.26,2257
202606,04684,4684. 응암2동주민센터 버스정류장(영락중학교 방면),일일권(비회원),,기타,2,57.62,0.52,2238.75,22
202606,01036,1036. 고덕동 주양쇼핑,일일권,M,20대,27,1546.94,13.90,59860.94,483
202606,04882,4882. 위례포레샤인18단지 1802동,정기권,M,50대,65,6639.00,59.87,257925.16,1332
202606,03659,3659. 명일초등학교 옆,일일권,F,50대,1,192.60,1.74,7482.53,40
202606,04213,4213. 마포구중앙도서관 정문 앞,일일권(비회원),,40대,14,1019.46,9.18,39605.56,420
202606,00622,622. 전농사거리 교통섬,일일권,F,40대,5,234.59,2.11,9113.70,134
202606,01227,1227. 거여역 8번출구 뒤,정기권,,20대,47,3003.29,27.06,117298.18,802
202606,01079,1079.강일동입구교차로,정기권,,40대,30,1326.25,11.95,51524.91,393
202606,02430,2430.강남파이낸스센터앞(역삼역2번출구),일일권,M,60대,2,85.87,0.78,3335.96,68
202606,05309,5309. 월계 롯데캐슬아파트 뒤,정기권,F,20대,25,3056.05,27.56,125199.91,699
202606,00678,678.장안힐스테이트(아) 앞,일일권,,30대,16,1464.24,13.18,56885.78,388
202606,01941,1941. 오류동역 2번출구,정기권,F,50대,37,2962.73,26.71,115102.41,607
202606,00855,855.이촌역5번출구 앞,일일권(비회원),,30대,1,141.79,1.28,5508.68,32
202606,04083,4083.도봉아이나라도서관 앞,정기권,F,50대,79,7718.85,69.58,299878.83,3275
202606,01551,1551.4.19탑 앞,정기권,,60대,27,1663.14,14.96,64613.45,433
202606,04478,4478. 문정근린공원2,일일권,M,20대,20,994.44,8.95,38634.37,329
202606,01256,1256. 문정현대아파트 교차로,정기권,M,60대,8,205.22,1.85,7973.28,76
202606,04952,4952.천호시장 버스정류소 옆,일일권,,~10대,1,43.08,0.39,1673.62,14
202606,00915,915. 증산역 4번출구,일일권(비회원),M,30대,1,351.87,3.17,13670.00,77
202606,01868,1868.우리은행 시흥남자동화점 앞,정기권,M,60대,3,264.02,2.38,10257.30,115
202606,04545,4545. 청소년음악센터,정기권,F,30대,23,1338.45,12.07,51998.96,357
202606,02708,2708.강서한강자이타워 앞,정기권,M,60대,95,6855.39,61.81,266332.51,1822
202606,02276,2276. 영동1교 (양재천근린공원),가족권,F,~10대,1,229.34,2.07,8910.00,52
202606,04419,4419. 성북구 한예종 캠퍼스 본관,정기권,,40대,6,255.28,2.30,9917.65,60
202606,05095,5095. 원당근린공원,가족권(2시간),F,~10대,1,32.55,0.29,1264.44,12
202606,04935,4935. 도곡삼성래미안,정기권,M,30대,23,2235.63,20.08,86490.04,635
202606,02656,2656.풍납동 아이파크 107동 앞,정기권,M,50대,85,6066.99,54.67,235703.03,1781
202606,05333,5333. 노원역9번-10번 출구 앞,일일권(3시간),M,20대,1,258.17,2.33,10030.00,67
202606,01606,1606. 태릉입구역 3번출구 ,일일권,F,20대,30,2258.35,20.41,88106.53,614
202606,05882,5882. 휴젠느,정기권,M,50대,149,6996.78,63.05,272376.71,2336
202606,02263,2263. 바우뫼문화복지회관,정기권,F,50대,69,3944.86,35.59,153258.95,1993
202606,04826,4826. 홈플러스 면목점,일일권,,30대,24,2744.35,24.76,106618.92,704
202606,02058,2058. 동작경찰서,정기권,F,~10대,6,216.67,1.95,8417.37,57
202606,01218,1218. 방이역 4번출구,일일권(비회원),,40대,1,44.27,0.40,1720.00,13
202606,00279,279. 영등포 푸르지오 아파트 B,정기권,F,~10대,3,97.10,0.88,3772.46,26
202606,00636,636. 세종대왕기념관 교차로,일일권,F,40대,1,41.31,0.37,1604.74,11
202606,00984,984.상신초등학교앞 버스정류장,정기권,M,40대,90,7310.59,65.91,284017.51,2092
202606,00206,206. KBS 앞,일일권,F,50대,9,933.67,8.43,36272.12,357
202606,01137,1137. 등촌2동주민센터,정기권,M,~10대,56,3555.83,32.04,138143.41,1024
202606,02913,2913.상계8동 주민센터,정기권,F,50대,158,9525.22,85.88,372601.13,3351
202606,04908,4908. SB타워 앞,일일권,,20대,9,1130.69,10.18,43926.91,307
202606,01987,1987. 개봉아이파크아파트 앞,정기권,,30대,60,3976.71,35.86,154495.35,998
202606,00960,960. 구파발역 환승센터,정기권,F,50대,62,2377.24,21.44,92355.66,825
202606,01275,1275. 거여초등학교 옆,정기권,F,20대,33,1365.43,12.33,53047.55,568
202606,02289,2289. 남태령역 2번출구,일일권,,30대,3,1176.34,10.61,45700.75,221
202606,00501,501. 광진문화예술회관 앞,정기권,M,기타,1,14.23,0.13,552.84,5
202606,02257,2257. 청계산 입구 삼거리,정기권,F,50대,4,417.70,3.76,16227.61,154
202606,00869,869.노들섬 동측 앞,정기권,,기타,6,844.18,7.61,32796.27,172
202606,02637,2637. 아시아지하보도 14번 출구,일일권(3시간),F,30대,4,237.57,2.14,9229.50,189
202606,02801,2801. 대륭포스트타워1차,정기권,M,20대,191,9365.59,84.43,365049.31,3962
202606,01396,1396.래미안장위퍼스트하이(513동),일일권,,50대,4,393.91,3.56,15303.87,94
202606,02604,2604. 풍납토성 서성벽터A,정기권,F,40대,91,4431.16,39.93,172150.74,1552
202606,00451,451. 청와대앞길,정기권,F,50대,3,89.48,0.80,3476.15,77
202606,01449,1449. 상봉역 1번출구,일일권,F,60대,1,185.38,1.67,7202.09,88
202606,00704,704. 남부법원검찰청 교차로,정기권,M,20대,217,8968.45,80.45,350584.74,2541
202606,04801,4801. 충정로역 2호선(엘리베이터 앞),일일권,M,50대,1,73.56,0.66,2857.92,21
202606,03804,3804. 낙성대공원,일일권,F,40대,4,351.55,3.05,13823.28,204
202606,05305,5305. 대륜E&S 서울지사 앞,정기권,,20대,24,1056.24,9.53,41035.17,265
202606,01418,1418. 새솔초등학교,정기권,,70대이상,1,20.92,0.19,812.59,7
202606,00310,310. 청계광장 옆,정기권,M,30대,287,17793.74,160.33,692540.24,6549
202606,04382,4382. 페코텍글로벌허브빌딩 앞,정기권,,50대,66,5010.97,45.16,194676.27,2449
202606,03783,3783. 마곡금호어울림아파트,일일권,,30대,12,1485.89,13.39,57727.01,357
202606,04270,4270. 우국한마음 아파트 맞은편,일일권,,60대,1,65.32,0.59,2537.56,14
202606,00474,474.동대문역사문화공원역 1번출구 뒤편,정기권,F,~10대,9,456.33,4.11,17727.89,332
202606,02337,2337. 대모산입구역 2번출구 앞,정기권,,40대,6,600.75,5.43,23338.88,159
202606,02919,2919.등나무 근린공원(시립북서울미술관 앞) ,일일권,,40대,16,827.49,7.45,32148.91,565
202606,02139,2139. 서울신성초등학교,정기권,M,50대,25,1888.32,17.00,73361.54,495
202606,00430,430. 장충동먹자골목 앞,일일권,F,40대,3,107.38,0.97,4171.79,117
202606,01655,1655. 공릉1단지아파트,일일권(비회원),,40대,1,85.10,0.77,3306.02,27
202606,04480,4480. 가락시장 남1문 사거리,정기권,,기타,7,291.01,2.62,11305.78,149
202606,01538,1538. 솔밭공원역,일일권,M,~10대,14,724.68,6.53,28153.15,261
202606,04217,4217. 한강공원 망원나들목,일일권,M,기타,8,740.59,6.68,28771.40,277
202606,02368,2368. 도곡동 경남아파트 건너편,정기권,F,20대,6,223.67,2.02,10827.84,271
202606,01050,1050.  둔촌역 3번 출입구,정기권,,기타,70,2072.99,19.12,82437.96,682
202606,00964,964. 북한산힐스테이트 7차아파트,일일권(비회원),,20대,1,44.55,0.40,1730.59,11
202606,00903,903. 은평뉴타운 아이파크,일일권,M,60대,1,30.64,0.28,1190.46,5
202606,02531,2531.멤피스아파트 앞,정기권,M,40대,239,11316.90,102.05,439664.14,3555
202606,00427,427. 성산시영아파트,정기권,M,60대,44,2981.02,26.31,113394.56,1135
202606,01452,1452. 겸재교 진입부,정기권,M,30대,249,15718.92,141.87,620303.85,4454
202606,00260,260. 여의도 마리나선착장 앞,정기권,,기타,3,498.27,4.49,19357.56,103
202606,00437,437. 대흥역 1번출구,정기권,F,20대,41,2447.52,22.07,95086.52,903
202606,03905,3905. 희훈타워빌 앞,정기권,,20대,123,4679.16,42.21,181786.14,1761
202606,04677,4677. 백련산 SK뷰 아이파크 해모로 아파트 앞,정기권,F,~10대,1,23.48,0.21,912.28,5
202606,00995,995.은평다목적체육관,정기권,M,30대,55,3195.28,28.79,124136.46,1044
202606,02284,2284. CJ오쇼핑앞,정기권,,30대,17,411.83,3.69,15999.64,202
202606,03640,3640. 일원1동주민센터앞 사거리,일일권,M,20대,30,1975.94,17.82,76683.15,597
202606,01730,1730. 도봉산역 교차로 앞,정기권,,50대,2,656.11,5.92,25489.85,129
202606,01924,1924. 삼부르네상스파크빌,정기권,,30대,158,5102.17,45.95,199908.24,1780
202606,06177,6177. 마곡롯데캐슬르웨스트,가족권,F,~10대,3,113.38,1.02,4404.95,46
202606,03529,3529. 어린이대공원정문,정기권,M,30대,99,3817.30,34.38,148301.09,2346
202606,03582,3582.화양동 우체국,일일권(비회원),,30대,2,194.07,1.75,7539.67,66
202606,00664,664. 서울시립대 건설공학관,정기권,M,50대,14,1131.80,10.20,43970.66,374
202606,00846,846. 용산중학교,일일권,,40대,3,90.99,0.82,3535.23,23
202606,02274,2274. 양재시민의숲역 3번출구,일일권,M,20대,44,2938.06,26.44,114436.84,1001
202606,05868,5868. 로프트시티오피스텔,정기권,M,기타,1,32.30,0.29,1254.78,7
202606,06177,6177. 마곡롯데캐슬르웨스트,정기권,F,60대,12,414.33,3.74,16097.19,225
202606,00638,638. 서울시립대 정보기술관,일일권,M,50대,1,51.07,0.46,1983.95,16
202606,00207,207. 여의나루역 1번출구 앞,일일권,F,40대,22,2618.94,24.14,104071.78,824
202606,00207,207. 여의나루역 1번출구 앞,일일권,F,50대,3,513.70,4.63,19957.41,154
202606,02266,2266. 서초역 3번출구,정기권,,30대,58,4216.00,38.00,163792.27,1121
202606,00755,755. 목동1단지아파트 상가 앞,일일권(3시간),M,~10대,2,500.56,4.51,19446.79,220
202606,00207,207. 여의나루역 1번출구 앞,일일권,F,기타,2,204.59,1.84,7948.30,47
202606,00780,780.신정교 하부,정기권,M,50대,401,55360.98,498.95,2152573.75,13595
202606,03405,3405.파크팰리스,일일권(비회원 3시간),,기타,2,770.62,6.95,29938.90,155
202606,00440,440. 하늘공원 입구,가족권,F,~10대,2,285.45,2.57,11089.63,110
202606,04582,4582. 국회도서관,가족권,F,~10대,2,115.93,1.04,4504.04,46
202606,01248,1248. 방이초등학교,정기권,,30대,178,9797.68,88.28,380641.47,3827
202606,04958,4958. 고덕래미안힐스테이트 아파트 211동,정기권,,60대,2,35.14,0.31,1365.42,9
202606,01274,1274. 영파여고 앞,일일권,F,50대,3,117.94,1.06,4582.04,36
202606,03910,3910. 목양전원교회 앞 로터리,정기권,M,60대,2,55.65,0.50,2162.16,12
202606,02308,2308. 압구정파출소 앞,일일권(비회원),,기타,10,1562.88,14.08,60718.39,796
202606,05338,5338. 상계초교 입구 교차로,일일권,M,40대,13,894.00,8.06,34732.36,306
202606,03507,3507. 어린이회관,정기권,F,50대,28,946.40,8.55,36767.32,284
202606,00207,207. 여의나루역 1번출구 앞,일일권(3시간),F,30대,6,462.31,4.17,17960.82,466
202606,04062,4062. 평화도봉공원 주변,일일권,,30대,12,1076.62,9.71,41826.58,257
202606,00863,863.이촌역2번 출구,일일권,,40대,1,12.10,0.11,470.00,3
202606,03863,3863. 동일로58길 입구,정기권,M,20대,262,9890.84,88.71,381976.77,3567
202606,02509,2509. 심산기념문화센터,일일권,F,40대,5,159.11,1.50,6494.34,47
202606,00765,765. 오목교역 3번출구,일일권,F,50대,18,1338.00,12.06,51981.03,442
202606,05073,5073. 우장산역 헤링턴타워 앞,정기권,M,70대이상,179,11763.17,106.00,456999.56,11956
202606,02242,2242.양재역 10번 출구 앞,일일권(비회원),,기타,2,450.32,4.06,17494.97,130
202606,02024,2024. 상도역 1번출구,정기권,F,~10대,2,249.69,2.25,9700.61,51
202606,03675,3675. 강동리버스트8단지,일일권(3시간),M,~10대,2,755.93,6.81,29367.99,260
202606,03311,3311.서울대입구역 4번 출구,정기권,F,20대,48,1402.44,12.71,55891.82,503
202606,02103,2103. 신림동 우방아파트,정기권,M,20대,175,7766.24,69.71,304440.93,2900
202606,01479,1479.면목 홈플러스 2 ,정기권,F,~10대,2,101.94,0.92,3960.49,30
202606,01501,"1501. 미아역 3번,4번 출구 사이",일일권,,50대,2,151.41,1.37,5882.32,48
202606,02235,2235.KT 서초지사 앞,정기권,M,50대,45,2376.26,21.42,92318.51,1209
202606,03575,3575. 자양사거리(서원빌딩),정기권,,60대,26,705.17,6.37,27395.19,618
202606,00207,207. 여의나루역 1번출구 앞,정기권,,20대,136,9421.66,84.96,366030.67,2349
202606,01702,1702. 녹천역 1번출구 앞,가족권,F,~10대,1,165.46,1.49,6428.27,54
202606,02340,2340. 삼호물산버스정류장(23370) 옆,정기권,M,20대,185,9457.58,85.20,369702.81,2473
202606,02728,2728.마곡나루역 3번 출구,일일권,F,50대,12,699.38,6.31,27171.14,229
202606,04367,4367. kt 행당빌딩 앞,정기권,,30대,67,4117.25,37.13,165054.22,1547
202606,01664,1664. 노해근린공원내,일일권(3시간),M,~10대,3,839.67,7.57,32621.48,213
202606,00449,449. 일성아파트,정기권,,70대이상,1,28.21,0.25,1095.98,4
202606,01240,1240. 문정 법조단지4,일일권,F,30대,22,1906.88,17.20,74082.38,574
202606,02406,2406. 논현동 광명빌딩 앞,일일권(비회원 3시간),,기타,2,668.63,6.03,25976.13,447
202606,04939,4939.도산공원,일일권(비회원),,기타,15,1297.26,11.70,50398.24,493
202606,01765,1765.쌍문역 1번출구 주변,정기권,M,~10대,46,2147.08,19.37,83413.94,670
202606,01038,1038. 강일 다솜 어린이 공원,가족권(2시간),F,~10대,2,132.07,1.19,5130.72,130
202606,00207,207. 여의나루역 1번출구 앞,정기권,F,~10대,6,910.63,8.29,35707.39,268
202606,03604,3604. 삼성중앙역 5번출구,일일권,M,20대,6,298.53,2.65,11428.24,57
202606,01009,1009. 천호역4번출구(현대백화점),일일권,F,60대,3,134.06,1.20,5208.57,96
202606,04873,4873. 개롱역사거리 2번 출구,일일권,F,30대,10,848.31,7.64,32956.90,252
202606,04014,4014. 불암산역 3번 출구,정기권,M,70대이상,6,328.82,2.96,12774.41,87
202606,04672,4672. 준빌딩 앞,정기권,,70대이상,1,22.81,0.21,885.98,5
202606,05070,5070. 마곡13단지힐스테이트마스터 후문(1320동 앞),정기권,,50대,72,2328.75,20.97,91034.86,1035
202606,00720,720. 서울강월초등학교 앞,정기권,M,20대,72,2671.75,24.00,103373.66,990
202606,00553,553. 중곡 성원아파트 앞,가족권,M,~10대,1,146.20,1.32,5680.00,55
202606,00322,322. 명동성당 앞,정기권,M,20대,42,1765.31,15.94,68583.51,626
202606,01102,1102. 방화사거리 마을버스 버스정류장,가족권,F,~10대,1,106.82,0.96,4150.00,42
202606,00256,256. 동아에코빌입구,정기권,M,70대이상,1,11.29,0.10,438.65,3
202606,00209,209. 유진투자증권빌딩 앞,가족권(2시간),,~10대,1,245.35,2.21,9531.72,83
202606,02410,2410. 포스코피앤에스타워 (역삼역 3번출구 부근),일일권,M,기타,1,120.46,1.09,4680.00,40
202606,03640,3640. 일원1동주민센터앞 사거리,일일권,M,60대,2,193.54,1.74,7519.10,75
202606,04797,4797. KG타워 앞,정기권,F,70대이상,1,30.34,0.27,1178.69,7
202606,04208,4208. 스타벅스(동교동) 앞,정기권,M,50대,52,3855.84,34.75,149800.18,1572
202606,04102,4102. 휘경1동주민센터 앞,정기권,F,~10대,3,37.21,0.34,1445.65,17
202606,04303,4303. 매헌역 2번출구앞광역버스 정류장앞(22-297),정기권,M,60대,18,1368.56,12.24,52831.19,579
202606,04083,4083.도봉아이나라도서관 앞,정기권,M,~10대,275,11883.95,107.24,464417.52,3947
202606,03010,3010.홍대입구역 3번출구,정기권,,60대,4,369.83,3.33,14368.28,72
202606,02530,2530.삼호3차아파트 앞,정기권,F,40대,139,12757.69,115.08,498805.65,3764
202606,04362,4362. 행당중학교 후문,정기권,M,~10대,8,1115.69,10.61,45714.17,307
202606,00785,"785.양천구청, 보건소 사잇길",일일권,M,기타,1,338.08,3.05,13134.23,71
202606,00508,508. 성수아카데미타워 앞,일일권(비회원),,기타,25,2077.06,18.74,82701.05,719
202606,02270,2270. 서초포레스타 7단지,정기권,M,50대,22,2745.82,24.76,106675.75,758
202606,04616,4616. 신용산지하차도 앞,일일권,,기타,4,94.55,0.85,3673.37,33
202606,01205,1205. 종합운동장역 4번출구,정기권,M,70대이상,3,240.67,2.17,9349.64,59
202606,03860,3860. 건국대학교 정문 앞,일일권,M,40대,7,300.90,2.72,11689.91,88
202606,01314,1314. 정릉꿈에그린1단지 201동 앞,일일권,F,60대,1,339.02,3.06,13170.99,57
202606,04632,4632. 용산 푸르지오 파크타운 1단지 앞,정기권,F,40대,18,958.22,8.65,41962.71,403
202606,00209,209. 유진투자증권빌딩 앞,일일권,M,40대,71,9671.34,86.83,374080.06,2438
202606,01642,1642. 서울여대 남문,정기권,M,40대,76,3303.62,29.60,128508.52,1265
202606,03970,3970. 시흥4동주민센터 앞,정기권,M,50대,3,230.97,2.09,8973.59,43
202606,00853,853.용산역 맞은편,일일권(비회원),,30대,5,133.53,1.19,5187.41,56
202606,02007,2007. 유한양행앞,정기권,,20대,3,145.97,1.32,5670.50,44
202606,04041,4041. 공릉역3번출구,일일권,M,60대,8,343.14,3.10,13330.82,119
202606,02826,2826.가마산지하보도 옆,일일권,,기타,3,1325.66,11.95,51501.62,312
202606,04566,4566. 대림성원상떼빌아파트,정기권,F,50대,86,5401.79,48.69,209860.20,1970
202606,00585,585. 성수2가1동 공영주차장 인근,일일권(3시간),M,~10대,1,49.42,0.45,1920.00,20
202606,02015,2015. 신대방삼거리역 6번출구쪽,일일권,,50대,1,52.25,0.47,2030.00,25
202606,04634,4634. 이태원역 3번 출구,일일권,M,40대,5,744.88,6.71,28938.63,180
202606,01181,1181. 농수산식품공사 (강서지사),정기권,,70대이상,2,101.28,0.91,3934.76,21
202606,04556,4556. 리버뷰신안인스빌1차 후문,정기권,,30대,120,4446.96,40.08,172764.22,1340
202606,06177,6177. 마곡롯데캐슬르웨스트,일일권(비회원),,기타,7,372.47,3.36,14470.64,101
202606,04005,4005. 중계2차 한화꿈에그린 101동 인근,정기권,M,20대,71,3385.29,30.54,131518.16,1355
202606,04690,4690.은평뉴타운폭포동 힐스테이트4단지,정기권,F,30대,3,82.94,0.75,6801.20,91
202606,00743,743. 현대6차아파트 101동 옆,정기권,F,20대,90,4229.68,37.57,161847.29,1053
202606,00209,209. 유진투자증권빌딩 앞,일일권(비회원),,40대,1,87.22,0.79,3388.43,17
202606,00429,429. 송도병원,정기권,,30대,1,107.59,0.97,4180.00,30
202606,01690,1690. 도봉운전면허시험장 버스정류장 옆,일일권,,20대,22,1491.22,13.42,57933.47,363
202606,00354,354. 포르투갈 대사관 앞,정기권,,기타,2,42.33,0.60,2599.40,16
202606,00454,454. 종로2가 버스정류장 (종각방향),일일권,M,50대,6,520.03,4.70,20203.11,178
202606,01536,1536. 번동 두산위브 101동 옆,일일권,M,20대,30,1367.08,12.29,52953.97,412
202606,01102,1102. 방화사거리 마을버스 버스정류장,정기권,,기타,24,993.75,8.98,38607.52,294
202606,01041,1041. 묘곡초등학교,일일권,M,40대,11,1436.49,12.95,55807.66,575
202606,00938,938. 금암 문화공원,일일권,F,기타,1,294.71,2.66,11449.53,124
202606,01946,1946. 구로역 광장,일일권,F,30대,47,3223.12,29.38,126757.48,1016
202606,02095,2095.경문고등학교 앞,일일권,F,40대,2,53.59,0.48,2081.78,24
202606,00903,903. 은평뉴타운 아이파크,정기권,,40대,38,924.19,8.30,35904.75,354
202606,01019,1019. 다성이즈빌아파트(호원대 대각선 맞은편),정기권,M,~10대,56,1984.62,17.93,77417.39,700
202606,02257,2257. 청계산 입구 삼거리,정기권,M,60대,4,436.95,3.94,16975.56,151
202606,03894,3894. 노룬산시장 앞,일일권,M,50대,6,518.74,4.68,20153.59,170
202606,03956,3956. 대륭테크노타운21차 앞,정기권,F,~10대,17,1855.56,16.74,72088.79,439
202606,00209,209. 유진투자증권빌딩 앞,정기권,F,50대,64,4124.46,37.87,163298.09,1845
202606,00243,243. 이앤씨드림타워 앞,일일권,M,40대,39,2574.98,23.22,100037.03,749
202606,01450,1450. 화랑대역 7번출구,일일권(3시간),M,40대,1,335.21,3.02,13023.10,106
202606,00367,367. 독립문역 3-1번출구 ,정기권,M,30대,161,6229.62,54.08,233027.91,1976
202606,00958,958. 본 서부병원 버스정류장(은평 세무서 방면),정기권,F,~10대,12,207.51,1.86,8061.13,62
202606,02717,2717.LG유플러스 마곡사옥,일일권(3시간),F,50대,1,498.11,4.49,19351.63,90
202606,01306,1306. 한성대입구역2번출구,정기권,M,20대,177,8014.69,72.52,315088.87,2075
202606,02902,2902.공릉풍림아파트 108동,일일권,M,30대,4,180.34,1.63,7006.53,86
202606,01351,1351. 안암2교 옆,정기권,,40대,49,2990.50,26.94,116125.38,950
202606,01308,1308. 안암로터리 버스정류장 앞,정기권,M,~10대,117,3302.57,29.77,129458.57,1250
202606,03931,3931. 천왕역 3번 출구 뒤,일일권,M,30대,16,1196.17,10.80,46471.90,273
202606,00209,209. 유진투자증권빌딩 앞,정기권,M,기타,3,115.07,1.04,4470.54,56
202606,04539,4539. 목동7단지아파트 A상가,가족권(2시간),F,~10대,1,377.44,3.40,14663.50,104
202606,02069,2069. 숭실대 입구역3번 출구 앞,일일권,M,60대,1,38.88,0.35,1510.64,9
202606,03113,3113. 독립문 앞,일일권(3시간),M,30대,1,64.68,0.58,2512.63,95
202606,02641,2641.송파역 4번출구,일일권,,기타,11,993.19,8.96,38585.31,305
202606,01039,1039. 고덕초등학교,정기권,,50대,21,560.72,5.05,21784.45,175
202606,01081,1081.트레빌빌딩,일일권,M,60대,2,53.37,0.46,1984.33,50
202606,00782,782.서남병원 후문,정기권,M,40대,33,2307.28,20.80,89638.49,546
202606,03663,3663. 암사정수센터교차로(강동롯데캐슬퍼스트아파트),일일권,F,~10대,2,208.30,1.88,8092.53,71
202606,02102,2102. 봉림교 교통섬,일일권,,60대,1,222.44,2.00,8641.87,47
202606,00510,510. 뚝도아리수정수센터 버스정류소 옆,정기권,,20대,34,4216.76,37.97,163820.31,1269
202606,01722,1722. 창동청소년수련관,가족권(2시간),,~10대,1,448.65,4.04,17430.11,134
202606,00506,506. 금호 어울림 아파트 앞,정기권,,기타,3,157.65,1.42,6124.62,39
202606,03816,3816. 관악 GSfresh,일일권,F,20대,11,590.63,5.33,22946.23,178
202606,01251,1251. 석촌역 2번출구,일일권,,40대,13,613.06,5.52,23817.13,181
202606,05321,5321.불암아파트 앞,정기권,M,50대,47,1725.67,15.55,67044.10,540
202606,01407,1407. 먹골역 1번출구 뒤,일일권,F,30대,15,950.65,8.58,36932.43,430
202606,00650,650. 중랑교사거리,일일권,F,30대,44,7755.88,70.28,302909.10,2022
202606,01282,1282. 송파소방서 맞은편(성내4교),일일권(비회원),,기타,5,510.47,4.61,19831.58,190
202606,00213,213. KT앞,일일권,M,60대,6,283.12,2.55,10999.41,85
202606,00750,750. 연의근린공원 건너편,일일권,,20대,3,284.14,2.57,11038.77,81
202606,03131,3131.연가교 교차로,일일권,M,~10대,11,1117.97,10.08,43433.40,382
202606,00678,678.장안힐스테이트(아) 앞,정기권,,50대,67,6420.42,57.91,249433.71,2074
202606,05326,5326. 대진고교앞 교차로,정기권,F,20대,63,2527.20,22.78,98181.47,1142
202606,04919,4919. 학여울역사거리(은마아파트),정기권,M,20대,8,216.05,1.95,8393.08,65
202606,02425,2425.세곡동 사거리(대왕초등학교 정류장),일일권,M,30대,5,401.96,3.61,15616.48,89
202606,01858,"1858. 500번,507번 버스 종점 앞",일일권(3시간),M,20대,1,1375.75,12.40,53448.09,121
202606,03658,3658. 프라이어팰리스아파트,정기권,M,30대,26,2821.04,25.42,109598.23,877
202606,00782,782.서남병원 후문,일일권,F,20대,12,562.39,5.07,21848.91,212
202606,04499,4499. 세양청마루 101동 앞,일일권(비회원),,기타,2,178.93,1.61,6951.35,65
202606,00582,582. 경일중학교 앞,가족권,,~10대,1,86.74,0.78,3369.72,39
202606,04313,4313. 반포종합운동장,정기권,M,60대,20,880.53,7.94,34209.33,310
202606,00213,213. KT앞,정기권,,30대,265,11738.99,105.75,456059.25,3912
202606,05096,5096. LG사이언스파크 E14동,일일권,,30대,30,1279.82,11.54,49721.82,373
202606,00779,779. 신정1동 주민센터 앞,정기권,,20대,194,11681.39,105.31,453823.15,3259
202606,04122,4122. 청계9가교차로 앞,일일권(3시간),M,40대,1,317.62,2.86,12339.60,91
202606,05514,5514.공덕역 1번출구,일일권,,20대,38,4304.69,38.80,167238.06,1261
202606,00327,327. 낙원상가 옆,일일권,F,~10대,2,107.10,0.96,4160.78,32
202606,02616,2616. 거여동 사거리,일일권,,20대,7,279.66,2.53,10865.12,88
202606,03908,3908. 오류동 다숲오피스텔 앞,정기권,M,40대,66,16091.26,107.12,461659.47,2221
202606,03803,3803. 남서울중학교,정기권,,기타,5,240.29,2.16,9335.08,75
202606,04143,4143.서울동물복지지원센터 동대문,일일권(비회원),,기타,11,1412.61,12.72,54879.74,403
202606,01414,1414. 사가정역 2번출구,일일권(비회원),,20대,3,343.62,3.10,13349.88,75
202606,03928,3928.고척아이파크아파트 106동 앞,일일권(3시간),M,40대,1,19.06,0.17,740.67,13
202606,04599,4599. 대림우성아파트 사거리,일일권(3시간),M,50대,1,368.75,3.32,14326.06,73
202606,00648,648. 장안동위더스빌옆,정기권,,40대,134,7467.25,67.28,290103.49,2782
202606,01108,1108. 공항시장역 2번출구 뒤,정기권,F,기타,1,33.53,0.30,1302.82,33
202606,02537,2537.양재역 8번출구 앞,일일권,,30대,42,2243.72,20.17,87168.84,544
202606,04820,4820. 망우역 2번 출구,일일권,,50대,2,44.01,0.40,1709.63,35
202606,04019,4019. 상계주공10단지 버스정류소,정기권,,기타,6,254.48,2.29,9886.73,119
202606,02822,2822.제니스스포츠 앞,정기권,,30대,38,1192.32,10.77,46322.75,315
202606,01253,1253. 오금역 3번 출구 뒤,일일권,,50대,1,174.30,1.57,6771.49,39
202606,01958,1958. 강서수도사업소민원센터,일일권,F,~10대,4,387.06,3.49,15037.38,144
202606,02273,2273. 일동제약 사거리,정기권,F,40대,50,3788.77,34.16,147193.38,1345
202606,04390,4390. 신답역 1번출구,정기권,F,30대,38,1196.84,10.81,46498.94,435
202606,03690,3690. 강일역 4번출구,일일권,,20대,4,53.56,0.49,2080.96,16
202606,01827,1827. 독산보도육교 앞 자전거 보관소,정기권,F,50대,83,22512.38,202.94,874812.24,4517
202606,00796,796.목동아파트 14단지 B상가 앞,일일권(비회원),,~10대,2,63.07,0.57,2450.37,15
202606,00657,657. 동대문롯데캐슬아파트 앞,일일권,M,40대,21,1692.07,15.25,65736.67,541
202606,03518,3518. 군자역 7번출구뒤,일일권,F,60대,1,79.45,0.72,3086.65,100
202606,02723,2723.마곡 필네이처,정기권,F,30대,429,12106.89,109.14,483267.72,4358
202606,04582,4582. 국회도서관,정기권,F,40대,22,1205.70,10.86,46860.81,437
202606,00574,574. 아차산역4번출구,일일권,F,30대,49,4577.98,41.38,178333.42,1309
202606,02650,2650.위례22단지 2208동 다리앞,정기권,M,70대이상,15,591.57,5.34,22982.50,146
202606,01072,1072.고덕역 5번출구,정기권,,30대,84,3969.43,35.75,154212.69,1340
202606,04619,4619. 한강트럼프월드3차 앞,일일권,,20대,67,7704.58,69.41,309065.03,2317
202606,02307,2307. 압구정 한양 3차 아파트,일일권,M,60대,1,57.43,0.55,2377.26,20
202606,04464,4464. 올림픽공원 북2문 A,일일권(비회원),,기타,11,613.79,5.54,23844.96,202
202606,00290,290. 새말소공원,정기권,M,~10대,104,5685.93,51.27,221837.88,1784
202606,00975,975.백련산 힐스테이트상가앞,가족권(2시간),M,~10대,1,358.94,3.24,13945.01,121
202606,04965,4965.고덕비즈밸리 쿠쿠강동빌딩,일일권,M,50대,11,784.68,6.98,30072.42,179
202606,00735,735. 영도초등학교,일일권(3시간),F,30대,2,49.05,0.44,1905.51,86
202606,05877,5877. 문래동 꽃밭정원,일일권(3시간),M,20대,1,5.13,0.05,199.39,1
202606,01450,1450. 화랑대역 7번출구,정기권,,50대,47,3720.52,33.53,144542.15,934
202606,01360,1360. 정릉역,정기권,F,40대,19,882.02,7.95,34266.73,268
202606,04678,4678. 백련산로 녹번센트레빌 ,일일권,M,~10대,7,239.50,2.16,9304.38,124
202606,03134,3134.SK리쳄블(서울아리수본부),정기권,M,60대,2,40.47,0.36,1571.94,72
202606,02913,2913.상계8동 주민센터,정기권,F,~10대,31,801.75,7.22,31148.11,257
202606,04007,4007. 노원 을지대학교 병원,정기권,F,50대,113,7141.49,64.37,277447.11,2277
202606,04329,4329. SC제일은행 양재동지점 앞,일일권,F,40대,2,27.92,0.25,1084.81,55
202606,00982,982. 녹번초등학교(서오릉로),정기권,,30대,64,2383.76,21.51,92607.48,976
202606,04425,4425. 하늘채코오롱아파트 앞,정기권,F,50대,19,1142.98,10.32,44404.39,334
202606,01457,1457. 동원사거리,일일권,,30대,7,500.78,4.51,19455.22,101
202606,02184,2184. 구암초등학교 버스정류장,일일권,F,~10대,1,9.38,0.08,364.34,6
202606,01750,1750. 창포원 남쪽 입구,정기권,M,60대,73,13545.07,122.10,526225.94,3433
202606,00787,787.양천아파트 입구,일일권,,20대,49,3858.04,34.76,152266.49,921
202606,00621,621. 전농초등학교 건너편,정기권,F,30대,24,809.98,7.30,31467.40,209
202606,00405,405. DMC빌 앞,정기권,M,50대,126,13837.72,124.75,537596.86,4009
202606,01203,1203. 밀리아나2빌딩 앞,정기권,M,20대,82,3675.56,33.16,142795.55,1304
202606,02622,2622. 올림픽공원역 3번출구,일일권(3시간),M,20대,4,1075.56,9.70,41785.67,392
202606,04318,4318. 방배역 2번 출구,일일권(비회원),,20대,1,14.33,0.13,556.76,4
202606,00837,837. 한남나들목 입구,정기권,M,30대,85,17096.96,154.10,670200.24,2930
202606,02310,2310. 청담동 맥도날드 옆(위치),일일권(비회원),,기타,2,251.93,2.27,9787.62,112
202606,01358,1358. 정릉도서관 앞,정기권,,20대,26,1884.19,16.95,73200.66,578
202606,04766,4766. 서소문성지역사박물관,일일권,M,30대,16,1221.15,11.01,49424.47,475
202606,01228,1228. 마천사거리 ,정기권,,70대이상,2,71.58,0.65,2780.73,31
202606,01264,1264. 천호역 10번 출구 앞,정기권,M,70대이상,42,4547.17,41.00,176658.31,1318
202606,03927,3927. 구로월드아파트 앞,일일권,M,~10대,41,1956.05,17.68,75992.48,720
202606,02637,2637. 아시아지하보도 14번 출구,일일권,F,20대,94,8059.31,73.04,314792.36,2641
202606,02111,2111. 서울대입구역 1번출구,정기권,F,50대,18,1398.44,12.60,54329.60,670
202606,00428,428. 명보사거리,정기권,,50대,35,1528.84,13.77,59396.03,1240
202606,00724,724. 계남공원 입구 주출입구 좌측,일일권,M,40대,9,415.31,3.73,16134.84,130
202606,04493,4493. 마천사거리 2,정기권,F,40대,19,745.79,6.72,28974.06,339
202606,03103,3103. 홍제삼거리 북측,일일권,F,기타,1,355.92,3.21,13827.62,99
202606,00458,458. 광화문역 5번출구,정기권,F,40대,86,5372.59,48.41,208724.13,1929
202606,04620,4620. 삼각지역 14번 출구 앞(교통섬),일일권,M,60대,3,142.73,1.29,5545.09,45
202606,02034,2034. 사당역 7번출구쪽,일일권,F,30대,20,2765.88,24.94,107455.19,786
202606,00215,215. 여의도고교 앞,일일권,,기타,10,1984.04,17.88,77080.18,725
202606,04509,4509. 서울영상고교 입구,가족권,,~10대,1,81.61,0.74,3170.60,19
202606,02145,2145. 은천초등학교 육교,정기권,,20대,42,4773.45,43.03,185448.93,1752
202606,03517,3517. 용마사거리,정기권,M,70대이상,29,2105.99,18.97,81817.45,2790
202606,01158,1158. 가양역 8번출구,가족권,,~10대,4,214.23,1.93,8322.60,105
202606,04576,4576.보라매sk뷰 108동 앞,일일권,M,30대,5,133.37,1.21,5181.50,59
202606,01366,1366. 일신초등학교 옆,일일권,F,~10대,2,118.83,1.07,4616.53,64
202606,01757,1757.솔밭공원역 1번출구 앞,일일권,,60대,1,124.15,1.12,4823.37,37
202606,01017,1017. 둔촌고교입구 교차로(길동주민센터 방면),정기권,,50대,61,4001.13,36.03,157027.23,1538
202606,04399,4399. 더리브 세종타워 앞,일일권,F,50대,2,403.62,3.64,15680.30,174
202606,00832,832. 이촌1동 주민센터 뒤,정기권,F,40대,44,3978.60,35.84,154569.39,1318
202606,00215,215. 여의도고교 앞,일일권,M,60대,5,709.12,6.40,27549.41,175
202606,00771,771.목동아파트 703동 앞,가족권(2시간),F,~10대,2,334.54,3.01,12997.06,217
202606,02401,2401. 밀알학교 입구 (삼성서울병원 입구),정기권,F,20대,20,1495.01,13.47,58080.90,428
202606,04619,4619. 한강트럼프월드3차 앞,일일권,F,20대,94,10895.26,98.81,429684.42,3677
202606,00215,215. 여의도고교 앞,일일권(3시간),F,20대,1,69.72,0.63,2708.54,14
202606,03908,3908. 오류동 다숲오피스텔 앞,일일권,M,30대,10,429.97,4.11,17701.57,279
202606,01708,1708. 도봉보건소사거리,일일권,,50대,8,558.40,5.04,21694.32,314
202606,04776,4776. 신세계면세점,일일권,M,30대,13,661.99,5.91,25498.26,206
202606,01966,1966. 한마을아파트 정문상가,정기권,M,~10대,169,5975.22,53.95,232485.33,2140
202606,02038,2038. 동작역 7번출구,정기권,,30대,41,3290.42,29.68,133297.67,1046
202606,03656,3656. 둔촌푸르지오아파트,일일권,,50대,1,61.04,0.55,2371.52,19
202606,01912,1912. 한신휴아파트 앞,일일권,F,20대,16,1053.78,9.50,40922.08,381
202606,00432,432. 마포중앙도서관,정기권,F,50대,7,635.58,5.73,24691.85,232
202606,01245,1245. 문정 법조단지9,정기권,M,20대,146,6256.97,56.39,243082.84,2236
202606,01200,1200. 개화광역환승센터,정기권,,60대,2,16.50,0.15,641.11,51
202606,02344,2344. 리엔파크 2단지 앞,정기권,,30대,9,774.95,6.99,30106.63,207
202606,02525,2525.반포쇼핑타운 2동 앞,정기권,M,~10대,126,8156.57,73.50,316787.64,2906
202606,02616,2616. 거여동 사거리,일일권,M,60대,2,69.06,0.62,2683.29,24
202606,04576,4576.보라매sk뷰 108동 앞,정기권,F,40대,116,3472.12,31.36,134892.28,1513
202606,04939,4939.도산공원,정기권,F,40대,10,860.61,7.76,33434.72,265
202606,04952,4952.천호시장 버스정류소 옆,가족권,M,~10대,1,99.07,0.89,3849.05,42
202606,04131,4131. 베네스트 오피스텔 앞,일일권,,70대이상,2,198.31,1.78,7704.26,86
202606,03914,3914. 신도림쌍용플래티넘노블아파트 앞,정기권,M,20대,142,4306.02,38.81,167288.34,1595
202606,02709,2709.강변아파트 310동 앞,일일권(3시간),F,~10대,1,186.62,1.68,7250.06,92
202606,04964,4964.암사역사공원역 1번출구 A,일일권(비회원),,40대,1,104.57,0.94,4062.70,31
202606,00516,516. 광진메디칼 앞,정기권,M,20대,337,14058.76,126.86,548095.41,5157
202606,04537,4537. 서울남부지방검찰청 후문 ,정기권,M,70대이상,1,15.83,0.14,615.02,4
202606,05506,5506. 월드컵참누리아파트,일일권(비회원),,기타,2,277.71,2.50,10789.30,73
202606,00927,927. 연신내역 3번출구 인근,일일권,,20대,14,790.35,7.15,30705.26,245
202606,01690,1690. 도봉운전면허시험장 버스정류장 옆,정기권,M,70대이상,1,51.65,0.47,2006.77,17
202606,00780,780.신정교 하부,일일권,,기타,13,1991.47,17.96,79831.19,666
202606,03536,3536. 중앙농협(자양동),일일권,F,20대,50,3571.19,32.20,140719.78,1133
202606,04825,4825. 신내동 벽산아파트 후문 앞,정기권,M,50대,5,242.19,2.19,9409.24,115
202606,00770,770.목동역5번출구,가족권(2시간),F,~10대,3,268.09,2.47,10682.46,104
202606,04373,4373. 서울숲 지식산업센터,정기권,F,60대,6,320.16,2.87,12438.53,112
202606,00781,781.신정보도육교 아래,정기권,M,20대,372,13834.53,124.52,538826.46,4578
202606,00870,870.노들섬 서측 앞,정기권,F,30대,41,5719.10,51.76,223164.19,1367
202606,05089,5089. LG사이언스파크 E10동,일일권(비회원),F,기타,1,21.11,0.19,820.00,8
202606,04274,4274. 신촌 파랑고래 입구,정기권,M,60대,7,416.94,3.76,16197.97,213
202606,00295,295.영등포공원 분수대 앞,정기권,M,40대,29,919.30,8.29,35714.85,259
202606,00500,500. 어린이대공원역 3번출구 앞,일일권,F,~10대,6,420.49,3.78,16336.08,127
202606,01696,1696.수락리버시티4단지,정기권,F,60대,38,2895.89,26.11,112504.83,806
202606,01191,"1191. 마곡역 버스정류장(마곡나루역1번출구, 웰튼병원 방면)",정기권,F,60대,9,460.17,4.15,17877.96,229
202606,00309,309. 광화문역 6번출구 옆 B,정기권,,50대,22,1075.11,9.70,41767.19,919
202606,04316,4316. 고속터미널역 3번출구,일일권,M,~10대,10,751.18,6.76,29183.30,318
202606,01017,1017. 둔촌고교입구 교차로(길동주민센터 방면),정기권,,20대,140,9992.40,90.08,388702.51,4479
202606,03894,3894. 노룬산시장 앞,정기권,,50대,35,4481.89,40.42,174121.19,1103
202606,02344,2344. 리엔파크 2단지 앞,일일권(비회원),,40대,1,56.36,0.51,2189.56,48
202606,02056,2056. 동작구민 체육센터,정기권,,기타,18,945.26,8.51,36723.75,267
202606,00795,795.양천 해누리타운,정기권,,50대,122,4113.04,37.04,159583.09,2053
202606,02394,2394. 개포래미안포레스트아파트 107동 앞,정기권,M,기타,1,27.48,0.25,1067.76,10
202606,01365,1365. 선잠단지 앞,정기권,F,70대이상,5,420.63,3.78,16341.78,146
202606,03618,3618. 서울율현초교 삼거리,정기권,M,50대,48,3876.34,34.93,152181.33,998
202606,03813,3813. 낙성대역 5번출구,정기권,F,30대,19,1101.83,9.92,42805.96,341
202606,00706,706. 신정네거리역,정기권,F,30대,49,2647.30,23.85,104640.22,786
202606,00533,533. 금남시장 교차로,일일권(비회원),,기타,2,373.77,3.37,14521.13,110
202606,00345,345. 서울보증보험본사 앞,일일권(비회원),,기타,5,84.85,0.76,3296.05,24
202606,03610,3610. 윗반마을 입구,일일권,M,50대,1,96.54,0.91,3931.97,25
202606,00752,752. 성원2차 아파트,일일권,,기타,1,24.64,0.22,957.19,5
202606,03785,3785. 마곡14단지 1408동앞,일일권,,40대,2,103.88,0.94,4035.64,67
202606,04508,4508. 유원목동아파트 103동 앞,정기권,,30대,177,9027.68,81.38,350722.63,3924
202606,00577,577. 광진청소년수련관,일일권,F,40대,19,1695.57,15.62,67274.26,658
202606,01305,1305. 성북구청,정기권,,60대,15,308.29,2.78,11976.82,89
202606,04389,4389. 서울숲역3번출구,일일권,M,50대,9,1185.42,10.68,46053.73,362
202606,00737,737. 장수공원,일일권,M,40대,3,157.23,1.35,5819.63,42
202606,02083,2083.흑석롯데캐슬에듀포레(107동),정기권,,기타,4,65.05,0.58,2527.25,101
202606,00416,416. 상암월드컵파크 1단지 교차로,정기권,F,20대,38,2240.10,20.21,87027.08,566
202606,01444,1444. 면목4치안센터,정기권,,기타,1,63.41,0.57,2463.66,22
202606,01735,"1735. 도봉역 1,2번 출구사이 건너편",정기권,F,20대,34,2388.81,21.55,92805.18,928
202606,01839,1839. 수출의 다리 아래,정기권,,40대,30,2219.08,20.00,86210.53,720
202606,02731,2731.명덕고교,일일권,F,~10대,8,253.09,2.29,9832.42,95
202606,04867,4867. 가락대림아파트 앞,일일권(비회원),,~10대,1,57.34,0.52,2227.54,10
202606,05503,5503. 마포아트센터 앞,정기권,M,50대,233,12895.66,116.21,502929.65,3635
202606,06187,6187.마곡119안전센터 맞은편,정기권,F,70대이상,1,9.65,0.09,374.78,9
202606,02645,2645.잠실나들목2(엘스아파트136동),일일권(비회원),,20대,3,378.12,3.41,14689.73,102
202606,00837,837. 한남나들목 입구,정기권,M,70대이상,32,2632.18,23.72,102260.22,1618
202606,03783,3783. 마곡금호어울림아파트,일일권,M,20대,38,3112.28,28.04,120910.54,671
202606,00383,383. 신당역 12번 출구 뒤,정기권,,40대,66,3647.81,32.82,141491.64,1675
202606,06053,6053. 중부세무서 앞,정기권,,30대,6,255.87,2.31,9940.79,100
202606,00912,912. 응암오거리,정기권,F,20대,80,4412.28,39.79,171415.55,1493
202606,02376,2376. 수서역 7번출구 앞,일일권,,20대,17,1215.86,10.96,47235.28,286
202606,01675,1675. 월계문화체육센터,일일권,,20대,3,174.74,1.57,6788.71,56
202606,01866,1866.서울안천초등학교 옆,정기권,F,60대,9,3128.52,28.22,121543.15,852
202606,02145,2145. 은천초등학교 육교,정기권,,50대,32,1201.24,10.85,46668.33,1015
202606,03759,3759. 이대서울병원,정기권,F,기타,4,228.44,2.05,8875.30,122
202606,04823,4823. 방정환교육지원센터 옆,정기권,,60대,6,266.50,2.41,10353.12,69
202606,01770,1770.도봉한신아파트 주변,정기권,F,기타,2,774.19,6.98,30077.44,172
202606,00770,770.목동역5번출구,가족권,F,~10대,2,85.05,0.76,3304.03,37
202606,01444,1444. 면목4치안센터,일일권,,60대,1,7.46,0.07,290.00,5
202606,04398,4398. 유원지식산업센터 앞,정기권,,50대,39,4995.55,45.00,194076.92,1410
202606,04303,4303. 매헌역 2번출구앞광역버스 정류장앞(22-297),정기권,,기타,5,774.48,6.98,30088.70,257
202606,04658,4658. 녹번역1번출구앞,일일권,M,40대,4,180.58,1.62,7015.52,43
202606,04350,4350.누리숲어린이공원 앞,일일권,,~10대,1,98.33,0.89,3820.00,26
202606,04846,4846. 상봉동양엔파트 앞,일일권(비회원),,30대,2,109.05,0.98,4236.45,25
202606,05882,5882. 휴젠느,일일권,M,기타,1,24.76,0.22,961.85,7
202606,04530,4530. 방아다리어린이공원,일일권,,기타,4,142.73,1.29,5544.82,32
202606,02088,2088.상도중앙하이츠빌 입구,정기권,M,20대,19,1742.49,15.73,67695.35,462
202606,02020,2020. 장승배기역2번출구뒷편쪽,정기권,F,40대,41,1864.71,16.83,72443.47,488
202606,03421,3421.혜화역 1번출구,일일권,F,30대,7,585.64,5.27,22751.93,161
202606,00219,219. 롯데캐슬엠파이어 옆,일일권(비회원),,20대,2,190.67,1.72,7407.74,46
202606,01203,1203. 밀리아나2빌딩 앞,정기권,M,70대이상,5,224.14,2.02,8707.89,149
202606,00617,617. 청솔우성아파트 앞,일일권,M,30대,12,928.50,8.13,35036.88,273
202606,02656,2656.풍납동 아이파크 107동 앞,일일권,M,30대,28,1534.63,13.71,58985.61,460
202606,01616,1616. 하계2동 공항버스정류장 옆,일일권,F,30대,9,894.76,8.05,34760.98,230
202606,05053,5053. 신마곡벽산블루밍메트로오피스텔앞,일일권(비회원),,40대,1,17.02,0.15,661.14,7
202606,05783,5783.성내5교 2,가족권,,~10대,1,333.85,3.01,12970.00,41
202606,02165,2165. JK장평타워,일일권,M,40대,4,1085.11,9.78,42156.77,260
202606,04019,4019. 상계주공10단지 버스정류소,일일권(3시간),F,40대,2,127.24,1.15,4943.29,160
202606,03132,3132.홍제교,정기권,F,40대,50,4390.38,39.58,170566.83,2040
202606,00716,716.신정6동 주민센터 인근,가족권,M,~10대,1,38.50,0.35,1495.63,15
202606,04484,4484. 잠실나루역4번출구뒤,가족권,F,~10대,2,111.71,1.01,4340.05,35
202606,05070,5070. 마곡13단지힐스테이트마스터 후문(1320동 앞),일일권,F,30대,16,587.01,5.34,22975.05,289
202606,03570,3570.구의역 리버비스타 오피스텔,일일권(비회원),,~10대,1,42.21,0.38,1639.95,13
202606,04058,4058. 다락원체육공원 전망대 입구,정기권,F,20대,18,3354.59,30.26,130325.28,681
202606,02805,2805.구로자원순환센터 ,정기권,M,20대,3,92.76,0.83,3603.74,56
202606,02422,2422.수서동 성당 맞은편,일일권(3시간),,30대,3,1028.12,9.27,39942.23,378
202606,01805,1805. 서울디지털운동장 앞,정기권,M,50대,66,6655.44,59.98,258564.35,1689
202606,00648,648. 장안동위더스빌옆,일일권,F,60대,7,311.89,2.82,12116.83,293
202606,02309,2309. 청담역(우리들병원 앞),일일권,M,50대,3,140.31,1.26,5451.12,37
202606,04362,4362. 행당중학교 후문,일일권(3시간),M,20대,4,592.99,5.34,23037.37,145
202606,00461,461. 서울경찰청,일일권,F,30대,7,207.69,1.87,14419.81,108
202606,00305,305. 종로구청 옆,일일권,,60대,1,59.78,0.54,2322.50,14
202606,01365,1365. 선잠단지 앞,일일권,F,30대,4,202.41,1.94,8353.67,99
202606,01157,1157. 강서구청,정기권,F,50대,127,6982.03,62.91,271254.08,1985
202606,00741,741. 화곡로 입구 교차로,일일권,F,40대,3,264.18,2.38,10263.20,102
202606,01240,1240. 문정 법조단지4,일일권,M,~10대,1,56.73,0.51,2203.92,15
202606,02048,2048. 삼일초등학교 인근,정기권,F,20대,12,632.57,5.70,24574.95,165
202606,02082,2082.7호선 이수역7번출구,정기권,M,~10대,9,288.89,2.60,11223.42,205
202606,01663,1663. 동해문화예술관앞,일일권(비회원),,30대,1,121.79,1.10,4731.68,36
202606,00553,553. 중곡 성원아파트 앞,일일권(비회원),,30대,1,123.25,1.11,4788.24,24
202606,01269,1269. 리센츠아파트 ,일일권,M,30대,49,4309.49,38.85,167425.14,1105
202606,00959,959. 구파발10단지 인근,정기권,F,30대,22,1782.51,16.08,69249.70,947
202606,00220,220. 미성아파트 A동 앞,일일권,F,30대,33,2717.45,24.49,105572.80,989
202606,00781,781.신정보도육교 아래,정기권,F,60대,43,1746.70,15.76,67859.17,606
202606,01441,1441. 신내능말공원,가족권,F,~10대,1,53.35,0.48,2072.58,15
202606,00220,220. 미성아파트 A동 앞,일일권,F,~10대,5,443.97,4.01,17248.42,335
202606,00779,779. 신정1동 주민센터 앞,일일권(비회원),,20대,4,150.60,1.36,5850.91,49
202606,00995,995.은평다목적체육관,정기권,F,20대,10,631.47,5.68,24532.24,141
202606,00489,489.구룡근린공원,정기권,M,50대,33,2719.54,24.52,105654.77,806
202606,04710,4710. 자교교회 앞,일일권(비회원),,기타,9,461.39,4.16,17924.52,221
202606,02302,2302. 교보타워 버스정류장(신논현역 3번출구 후면),정기권,,40대,36,1946.26,17.55,75612.19,557
202606,01654,1654. 당고개입구 오거리,정기권,,40대,16,1539.09,13.89,59794.09,419
202606,00387,387. 훈련원공원주차장 앞,정기권,,기타,21,633.55,6.29,27094.28,218
202606,01670,1670. 노원경찰서교차로,정기권,F,~10대,41,1724.68,15.56,67705.87,523
202606,04710,4710. 자교교회 앞,일일권,M,40대,14,1939.32,17.41,75057.29,632
202606,04637,4637. 용산시티파크 101동 앞,일일권,F,40대,11,433.13,3.90,16827.51,292
202606,00907,907. CJ 드림시티,일일권,M,~10대,28,2871.07,25.87,111541.86,640
202606,01306,1306. 한성대입구역2번출구,정기권,F,60대,11,555.36,5.01,21575.05,302
202606,01828,1828. 독산동 한양수자인아파트 앞,정기권,M,50대,50,2615.18,23.55,101600.00,814
202606,03134,3134.SK리쳄블(서울아리수본부),정기권,M,50대,20,477.91,4.31,19854.48,148
202606,02503,2503. 반포1동 서초빌딩 앞,일일권(비회원),,20대,3,215.96,1.95,8389.92,60
202606,01009,1009. 천호역4번출구(현대백화점),일일권(비회원),,기타,21,2173.49,19.58,84441.10,794
202606,00505,505. 자양사거리 광진아크로텔 앞,정기권,,60대,21,1249.19,11.26,48531.26,918
202606,01929,1929. 고척근린공원 고척도서관 앞,가족권,M,~10대,1,24.97,0.23,970.00,21
202606,04693,4693. 수색감리교회,일일권(3시간),F,30대,1,860.28,7.75,33421.93,152
202606,03002,3002.벽산상암스마트큐브 ,일일권(3시간),M,~10대,1,216.22,1.95,8400.00,145
202606,01351,1351. 안암2교 옆,정기권,M,70대이상,28,1205.52,10.85,46835.97,290
202606,05088,5088. 등촌역 센터스퀘어,일일권,M,50대,6,444.48,4.02,17268.37,102
202606,03581,3581.광진광장,정기권,M,~10대,84,2761.77,24.88,107401.73,1080
202606,03125,3125.연희파크푸르지오아파트 앞,정기권,,기타,1,111.16,1.00,4318.60,15
202606,00805,805. 문배어린이공원 앞,일일권,M,30대,28,1815.35,16.23,69892.37,622
202606,00447,447. 신영동삼거리,일일권,M,20대,9,541.91,4.87,21052.83,122
202606,00852,852. 청암자이아파트 앞,일일권,F,~10대,2,187.21,1.69,7273.22,51
202606,03798,3798. 그랜드아이파크아파트 앞,가족권,,~10대,2,100.64,0.91,3909.64,27
202606,00296,296.KT플라자 영등포점,정기권,F,40대,85,2382.68,21.52,94133.92,1251
202606,00709,709. 신정3동 현장민원실 앞,일일권(비회원 3시간),,기타,1,57.89,0.52,2248.96,18
202606,04479,4479. 문정중학교,정기권,F,60대,1,15.96,0.14,620.00,7
202606,01708,1708. 도봉보건소사거리,정기권,M,60대,61,2392.14,21.55,93055.92,947
202606,01966,1966. 한마을아파트 정문상가,일일권,F,~10대,23,1061.38,9.59,41234.31,372
202606,00470,470.회현역 7번출구,일일권(3시간),M,40대,1,257.06,2.32,9986.66,51
202606,01101,1101. 상사마을 버스정류장(아라대교방면),일일권,F,40대,1,49.42,0.45,1920.00,15
202606,00800,800. 목월공원 앞,일일권,F,40대,8,2076.13,18.70,80657.58,455
202606,01683,1683. 노원문화예술회관,일일권,M,30대,16,976.00,8.81,37917.48,287
202606,05764,5764. 한국체육대학교,정기권,M,40대,81,4519.49,40.40,174447.35,1327
202606,02305,2305. MCM 본사 직영점 앞,정기권,,기타,2,29.10,0.27,1130.55,10
202606,00409,409. 누리꿈스퀘어 옆,정기권,,~10대,2,41.56,0.38,1614.51,11
202606,02102,2102. 봉림교 교통섬,일일권,M,60대,10,1423.69,12.82,55310.42,348
202606,00907,907. CJ 드림시티,일일권(3시간),,30대,2,1026.32,9.25,39872.76,305
202606,00310,310. 청계광장 옆,정기권,M,20대,120,8058.00,72.68,313053.09,2205
202606,04951,4951. 강동농협 버스정류소 앞(광채빌라),일일권,,30대,4,801.79,7.23,31149.52,204
202606,01291,1291. 서울체육고등학교 앞,정기권,F,70대이상,1,53.89,0.49,2093.53,16
202606,04965,4965.고덕비즈밸리 쿠쿠강동빌딩,일일권(비회원),,기타,13,717.53,6.46,27876.79,294
202606,00431,431. 청계천 영도교,정기권,F,~10대,13,493.48,4.45,19171.39,137
202606,05876,5876. 에이스하이테크시티 4동 앞,일일권,M,50대,2,82.01,0.74,3186.17,33
202606,04244,4244. 당인리발전소 공원 앞,일일권,M,40대,28,4119.50,37.06,159598.95,1064
202606,02611,2611. 송파지역자활센터 뒤,정기권,F,~10대,199,3220.61,29.04,127033.04,838
202606,01402,1402. 금란주차장 앞,일일권,F,20대,13,784.60,7.07,30481.96,243
202606,03923,3923. 구로공구상가 앞,정기권,,30대,12,741.89,6.67,28822.35,195
202606,04875,4875. 위례포레샤인13단지,정기권,,70대이상,11,770.35,6.94,29928.97,507
202606,02077,2077.노들역 3번출구,정기권,,20대,28,7130.47,64.92,279814.20,1482
202606,03903,3903. 현대아파트 앞,일일권,F,~10대,9,378.76,3.52,15165.70,175
202606,03983,3983. 금천구청역 1번 출구,일일권,,20대,8,434.99,3.91,16898.86,163
202606,01941,1941. 오류동역 2번출구,정기권,F,60대,2,106.64,0.96,4142.99,33
202606,04406,4406. 장곡초등학교 앞,가족권,M,~10대,1,122.20,1.10,4747.51,37
202606,03007,3007.MBC 앞,일일권,M,30대,20,1164.33,10.52,45233.80,304
202606,02406,2406. 논현동 광명빌딩 앞,일일권,M,50대,5,224.07,2.02,8704.99,63
202606,01675,1675. 월계문화체육센터,정기권,,20대,39,2446.50,22.08,95046.00,693
202606,04690,4690.은평뉴타운폭포동 힐스테이트4단지,일일권,F,30대,1,60.33,0.54,2343.78,23
202606,04578,4578.보라매sk뷰,정기권,F,50대,37,1953.62,17.60,75897.51,579
202606,00221,221. 여의도초교 앞,일일권(비회원),,20대,3,427.53,3.85,16609.83,136
202606,04317,4317. 양재근린공원,정기권,,70대이상,4,106.89,0.96,4153.02,33
202606,01129,1129. 화곡역 1번 출구 앞,정기권,,70대이상,5,229.94,2.06,8933.35,146
202606,01136,1136. 등촌2파출소,일일권,,기타,14,471.54,4.24,18318.41,249
202606,00338,338. 세운스퀘어 앞,정기권,M,50대,106,5238.27,47.15,204640.04,2768
202606,03214,3214.영등포 푸르지오 아파트 A,정기권,,60대,14,1845.59,16.62,71701.25,672
202606,01353,1353. 금호어울림센터힐 내,일일권,M,20대,3,271.43,2.45,10545.35,60
202606,02258,2258.구룡사 삼거리,일일권,F,50대,4,293.30,2.83,12200.75,145
202606,05313,5313. 중계주공2단지 앞,정기권,M,20대,74,2971.41,26.75,116690.15,700
202606,02270,2270. 서초포레스타 7단지,정기권,,50대,16,606.80,5.46,23574.53,427
202606,02910,2910.도깨비시장,정기권,M,50대,123,9797.50,88.08,379546.48,3682
202606,04222,4222. 서울디자인고등학교 앞,일일권,F,40대,7,700.30,6.32,27249.23,190
202606,02407,2407. 역삼서초삼성 세무서 앞 (역삼빌딩 앞),일일권,M,20대,78,8482.93,75.35,324799.07,2555
202606,04819,4819. 면목동 새싹어린이공원 앞,일일권,F,30대,15,1614.43,14.73,63542.32,439
202606,03120,3120.DMC엘가아파트 앞,정기권,F,~10대,46,3801.87,34.24,147703.06,956
202606,00251,251. 서울지방병무청 버스정류장,일일권,M,40대,3,64.98,0.59,2524.43,23
202606,04143,4143.서울동물복지지원센터 동대문,정기권,F,~10대,9,685.90,6.18,26647.59,152
202606,04930,4930. 학여울역 1번출구,일일권,F,50대,1,127.55,1.49,6442.00,36
202606,00758,758. 한사랑교회 앞,일일권,,40대,7,635.09,5.72,24672.93,144
202606,01224,1224. 아시아지하보도 2번 출구,가족권,M,~10대,6,575.18,5.18,22345.37,153
202606,02396,2396. 영동3교 북단(우성캐릭터 앞 보도),정기권,,60대,12,673.13,6.06,26151.48,275
202606,03929,3929. 고척아이파크아파트 205동 앞,일일권,,40대,1,12.54,0.11,487.33,8
202606,04557,4557. 리버뷰신안인스빌2차 후문,정기권,F,30대,110,4950.05,44.69,192874.23,1457
202606,00418,418. 월드컵경기장역 3번출구 옆,일일권,M,20대,28,1984.22,17.89,77022.05,535
202606,01418,1418. 새솔초등학교,일일권,,40대,1,53.44,0.48,2076.22,15
202606,02048,2048. 삼일초등학교 인근,정기권,F,70대이상,1,18.96,0.17,736.74,5
202606,02187,2187. 현대시장사거리,일일권,F,20대,16,725.00,7.21,31096.16,288
202606,02384,2384. 자곡사거리,일일권(비회원),,20대,1,23.94,0.22,930.00,8
202606,02515,2515.서초초등학교 후문,정기권,F,~10대,2,109.03,0.98,4235.82,37
202606,02009,2009. 보라매역 8번출구,정기권,M,70대이상,1,11.35,0.10,441.09,3
202606,04074,4074. 도봉구육아종합지원센터(창동),일일권,F,30대,8,683.14,6.15,26539.95,283
202606,01033,1033. 고덕동 아남아파트,일일권,M,30대,4,96.86,0.87,3762.97,21
202606,02712,2712.화곡터널입구교차로,정기권,M,30대,81,3827.81,34.49,148663.93,1063
202606,01437,1437. 늘푸른공원 앞,일일권(3시간),M,~10대,2,1100.11,9.92,42739.56,256
202606,00222,222. 시범아파트버스정류장 옆,일일권,F,40대,12,843.12,7.59,32755.45,348
202606,01551,1551.4.19탑 앞,일일권,,30대,3,188.28,1.70,7314.61,48
202606,05067,5067. 주원 리젠트 앞,일일권(비회원),,기타,3,248.95,2.25,9671.72,118
202606,02256,2256.양재동 꽃시장 입구,정기권,,60대,4,159.18,1.43,6184.07,32
202606,00406,406. 상암월드컵파크 7단지 앞,정기권,M,60대,25,2213.06,19.94,85977.52,570
202606,02265,2265. 이수고가차도 남단,일일권,F,~10대,3,218.84,1.97,8502.14,95
202606,00240,240. 문래역 4번출구 앞,정기권,F,40대,169,5280.36,47.75,210064.20,3380
202606,02089,2089.사당역10번출구(금강빌딩),정기권,,30대,77,2761.19,24.87,112788.69,1294
202606,01732,1732. 방학역사거리,정기권,,40대,54,9854.07,88.84,382832.86,2364
202606,05070,5070. 마곡13단지힐스테이트마스터 후문(1320동 앞),일일권(비회원),,20대,9,207.34,1.88,10980.09,72
202606,02721,2721.등촌1-10단지 교차로,정기권,,50대,77,6126.85,55.21,238028.93,1718
202606,04255,4255. 래미안 루센티아 아파트 108동 앞,정기권,,20대,35,1623.24,14.65,63063.48,457
202606,05895,5895.생각공장당산,일일권,M,60대,4,166.55,1.50,6470.60,95
202606,00869,869.노들섬 동측 앞,일일권(3시간),M,~10대,1,1086.88,9.80,42225.38,178
202606,00222,222. 시범아파트버스정류장 옆,일일권(비회원),,~10대,1,76.48,0.69,2971.17,40
202606,04753,4753. 시청역 10번출구,정기권,F,60대,2,119.44,1.08,4640.16,43
202606,04054,4054. 창동한신아파트 버스정류소,일일권,F,~10대,1,79.61,0.72,3092.92,15
202606,04886,4886. 배명고등학교 건너편,일일권(비회원),,기타,4,438.49,3.95,17035.54,150
202606,01762,1762.북한산 한신휴플러스APT앞,정기권,M,40대,148,4671.55,42.08,181491.74,1959
202606,04131,4131. 베네스트 오피스텔 앞,정기권,F,40대,35,2408.47,21.71,93602.66,688
202606,06177,6177. 마곡롯데캐슬르웨스트,일일권(비회원),,30대,3,234.45,2.11,9108.50,63
202606,01291,1291. 서울체육고등학교 앞,정기권,F,40대,66,4706.16,42.48,182966.58,1429
202606,02503,2503. 반포1동 서초빌딩 앞,정기권,M,60대,7,889.21,8.02,34545.65,189
202606,02185,2185. 대학동 고시촌,일일권,,30대,11,2202.32,19.86,85560.34,430
202606,00553,553. 중곡 성원아파트 앞,정기권,,70대이상,1,103.69,0.93,4028.24,46
202606,05773,5773. 송파시그니처롯데캐슬,정기권,M,50대,42,3651.15,32.92,141846.49,837
202606,04917,4917. 일원에코파크 주차장,일일권,M,30대,26,2342.86,20.86,90020.23,587
202606,01925,1925. 동양미래대학교 정문 옆,정기권,M,30대,388,23532.38,212.06,918011.87,6868
202606,02639,2639.석촌역 8번출구,정기권,,40대,137,6039.75,54.29,234170.35,2145
202606,05090,5090. 대상연구소,정기권,F,60대,1,11.88,0.11,461.49,5
202606,01300,1300. 오륜사거리,정기권,M,30대,59,3517.02,31.69,140061.59,981
202606,03767,3767. 대원빌딩,정기권,,40대,44,2322.71,20.93,97069.57,836
202606,00736,736. 오솔길공원,일일권,M,70대이상,1,36.56,0.33,1420.39,11
202606,05100,5100. 강서도로사업소,정기권,F,~10대,1,19.87,0.18,772.13,7
202606,03782,3782. 겸재정선미술관,일일권,M,50대,8,830.06,7.48,32247.90,144
202606,03980,3980. 금천현대홈타운 후문 서부샛길,일일권(3시간),,30대,1,158.17,1.43,6144.93,66
202606,00222,222. 시범아파트버스정류장 옆,정기권,M,70대이상,20,675.29,6.07,26086.40,189
202606,04398,4398. 유원지식산업센터 앞,일일권,F,60대,2,117.49,1.06,4564.23,68
202606,03556,3556.신금호파크자이APT앞,일일권(3시간),M,30대,1,224.17,1.37,5896.71,147
202606,04427,4427. 동일하이빌뉴시티,일일권,,기타,6,966.10,8.71,37533.53,218
202606,04480,4480. 가락시장 남1문 사거리,정기권,,20대,96,4217.94,38.03,163866.94,1520
202606,02140,2140. 신림1교 교차로,일일권,M,20대,85,10117.92,90.14,388471.75,2492
202606,01735,"1735. 도봉역 1,2번 출구사이 건너편",일일권,F,~10대,18,901.93,8.14,35038.89,429
202606,04892,4892. 성내유수지 체육공원,일일권,F,20대,12,490.67,4.44,19061.68,124
202606,00832,832. 이촌1동 주민센터 뒤,일일권(3시간),F,40대,1,75.16,0.68,2920.00,174
202606,01112,1112. 마곡엠밸리4단지 정문,일일권,M,30대,81,3286.29,29.62,129646.72,1298
202606,04362,4362. 행당중학교 후문,일일권,M,60대,3,116.39,1.00,4305.25,47
202606,05867,5867. H타워 앞,정기권,M,60대,60,3906.59,35.22,151771.71,2372
202606,03690,3690. 강일역 4번출구,일일권(비회원),,~10대,1,18.15,0.16,705.20,13
202606,04522,4522. 신곡시장,일일권(비회원),,30대,1,37.72,0.34,1465.45,11
202606,00626,626. 군자교 서측 녹지대,일일권,,30대,57,6566.67,59.21,255113.03,1914
202606,05751,5751. 송파여성축구장,일일권,M,20대,32,2121.40,18.61,80227.71,695
202606,03128,3128.동신병원 맞은편,정기권,F,30대,75,6535.41,58.56,252584.59,1908
202606,04080,4080. 창동주공19단지앞 ,일일권,M,기타,2,111.34,1.00,4325.50,46
202606,00477,477.앰배서더 호텔 주변,일일권,M,20대,39,2553.16,22.90,98806.77,861
202606,01248,1248. 방이초등학교,일일권,M,30대,80,6730.39,59.99,258608.25,2339
202606,02504,2504. 신사역 4번출구 뒤,정기권,,20대,74,4189.98,37.73,162781.61,1243
202606,04141,4141. 우리은행장안지점 앞,일일권(비회원),,30대,1,39.82,0.36,1547.18,13
202606,04857,4857. 올림픽공원 장미광장,일일권,,40대,7,530.73,4.78,20618.54,136
202606,05892,5892.국회의사당본관 좌측,일일권,F,30대,8,298.87,2.71,11611.19,167
202606,00455,455. 종로6가역 버스정류장(동대문 방향),정기권,F,~10대,1,42.23,0.38,1640.74,13
202606,01540,1540. 가오리역,정기권,F,50대,30,2438.74,21.98,94745.04,893
202606,01215,1215. 올림픽공원역 1번출구 앞,정기권,M,60대,51,2647.46,23.81,103928.25,1357
202606,05866,5866.포레나 당산,일일권,M,기타,3,115.26,1.04,4477.73,59
202606,03408,3408.종로타워빌딩,정기권,,60대,6,315.95,2.85,12274.57,224
202606,01825,1825. 한신아파트 앞 육교 아래,정기권,M,70대이상,5,119.34,1.07,4636.14,73
202606,00267,267. 삼성화재 사옥 옆,일일권(비회원),,기타,21,3000.11,27.04,116553.08,902
202606,00582,582. 경일중학교 앞,정기권,F,40대,78,3551.03,32.03,137957.39,2021
202606,04548,4548.신목동역1번출구,가족권,,~10대,1,57.76,0.52,2244.10,25
202606,00458,458. 광화문역 5번출구,가족권,,~10대,1,109.65,0.99,4260.00,50
202606,01610,1610. 화랑대역 2번출구 앞,가족권,M,~10대,1,175.55,1.58,6820.00,61
202606,00843,843. 이태원관광특구 입구(용산구청방향),일일권,M,기타,1,55.66,0.50,2162.21,17
202606,00609,609. 제기2교,일일권,F,30대,21,3003.31,27.09,116679.50,912
202606,02067,2067. 보라매역?동작세무서 버스정류장(강남중학교방면),정기권,M,70대이상,3,55.27,0.49,2147.08,15
202606,03428,3428.서울미술관,정기권,,40대,4,372.10,3.35,14456.49,175
202606,01388,1388. 돈암초교입구 버스정류장(한성대입구역 방면),가족권,,~10대,1,133.46,1.20,5185.10,28
202606,00223,223. 진주아파트상가 앞,정기권,F,~10대,30,1132.91,10.19,44012.68,357
202606,01173,1173. 강서구청사거리(SH타워),정기권,,40대,200,6592.91,59.45,258179.26,3143
202606,00296,296.KT플라자 영등포점,정기권,M,20대,269,12602.16,113.58,492012.04,4195
202606,01988,1988. 고척LIGA아파트 앞,일일권,M,30대,32,2488.16,22.15,95548.02,778
202606,04140,4140. 신설동역 4번출구,정기권,M,20대,201,6620.91,59.62,257220.25,2852
202606,02050,2050. 노량진역 5번출구,정기권,M,40대,201,16897.72,151.80,658464.82,5355
202606,03911,3911. 항동하버리안2단지아파트 후문,일일권,F,~10대,1,25.47,0.23,989.65,10
202606,04687,4687. 역촌센트레빌아파트 101동 앞,정기권,,30대,40,1830.29,16.49,74869.32,633
202606,02376,2376. 수서역 7번출구 앞,일일권,M,50대,4,308.65,2.79,11991.34,87
202606,02745,2745.수명초등학교,일일권(비회원),,기타,2,59.97,0.54,2330.02,18
202606,02215,2215. 반포종합운동장 입구,일일권(3시간),F,40대,4,705.78,6.36,27419.53,478
202606,03657,3657. 서울천호동우체국,일일권(비회원),,30대,2,334.67,3.02,13002.20,79
202606,03920,3920. 개봉역2번출구 B,정기권,,20대,24,521.89,4.72,20274.72,166
202606,04752,4752. 삼성사이버빌리지아파트,정기권,,60대,1,13.81,0.12,536.65,4
202606,04025,4025. 한천교 동편,정기권,,기타,16,1030.26,9.63,41481.12,942
202606,00959,959. 구파발10단지 인근,일일권,F,30대,8,962.49,8.68,37392.60,321
202606,01361,1361. 홍익중고 입구,가족권,F,~10대,12,399.74,3.77,16296.20,508
202606,00720,720. 서울강월초등학교 앞,일일권(비회원),,70대이상,1,30.92,0.28,1201.12,29
202606,00956,956. 응암시장교차로,일일권,,30대,40,2822.48,25.43,109653.70,723
202606,06185,6185.가양나들목,일일권,M,30대,8,808.26,7.28,31401.19,297
202606,00296,296.KT플라자 영등포점,일일권(3시간),M,~10대,1,47.00,0.42,1825.86,15
202606,02405,2405. 청담공원앞 교차로,정기권,,~10대,4,37.93,0.34,1473.23,90
202606,06189,6189.데시앙플렉스 지식산업센터,일일권,,40대,2,66.79,0.60,2594.99,82
202606,01729,1729. 도봉한신아파트 버스정류장,일일권,,30대,8,993.50,8.94,38597.50,235
202606,03202,3202.당산롯데캐슬프레스티지,일일권,F,20대,19,1711.31,15.43,66483.46,494
202606,00584,584. 광진광장 교통섬,일일권,,50대,2,100.90,0.91,3919.77,50
202606,01395,1395.래미안장위포레카운티(102동),일일권,,60대,1,25.89,0.23,1005.66,8
202606,02920,2920.상계중학교(당현2교사거리),정기권,F,60대,14,408.00,3.68,15850.73,116
202606,01018,1018. 둔촌 주공 GS 맞은편,일일권,F,20대,53,3420.23,30.99,133521.73,1408
202606,00224,224. 롯데캐슬 앞,일일권(3시간),F,30대,2,442.03,3.98,17172.75,154
202606,04544,4544.경창시장,정기권,M,30대,69,3826.18,34.49,148646.40,973
202606,01436,1436. 동원베네스트 건물 앞,정기권,F,60대,4,277.69,2.52,10788.25,86
202606,02394,2394. 개포래미안포레스트아파트 107동 앞,정기권,M,40대,103,4107.27,37.04,159567.41,1285
202606,00224,224. 롯데캐슬 앞,일일권(비회원),,30대,1,175.73,1.58,6827.19,18
202606,01474,1474.서울중랑우체국,정기권,,40대,29,3979.59,35.87,154607.59,779
202606,05852,5852. 대림동현대2차 201동 앞,일일권,F,20대,2,287.13,2.59,11155.29,58
202606,03623,3623. 일원에코파크 앞(개포로 방면),일일권,M,40대,12,995.85,8.98,38688.82,397
202606,03638,3638. 신청담나들목,정기권,,70대이상,9,2871.34,25.89,111551.67,760
202606,00224,224. 롯데캐슬 앞,정기권,,30대,124,10793.82,97.27,424371.92,3452
202606,00224,224. 롯데캐슬 앞,정기권,,40대,65,4932.54,44.50,194530.00,1368
202606,01253,1253. 오금역 3번 출구 뒤,일일권,F,20대,12,1211.40,11.61,50059.90,350
202606,01827,1827. 독산보도육교 앞 자전거 보관소,가족권,F,~10대,6,699.29,6.30,27167.19,278
202606,01967,1967. 참새공원(백곡경노당),일일권,,20대,8,704.62,6.36,27374.89,174
202606,04598,4598. 오목교 동측 지하보도,일일권(비회원),,20대,1,88.17,0.79,3425.24,20
202606,03527,3527. 왕십리 자이아파트(101동 앞),정기권,F,~10대,1,111.31,1.00,4324.44,22
202606,01981,1981. 천왕지구삼거리 앞,정기권,M,70대이상,31,746.52,6.72,29001.49,324
202606,00752,752. 성원2차 아파트,정기권,F,50대,75,3982.71,35.94,154727.36,1727
202606,04775,4775. 을지로지하쇼핑센터,일일권,M,30대,16,1545.18,13.55,58400.59,420
202606,02191,2191.대학동주민센터 ,정기권,,50대,52,5750.21,51.80,223396.29,1333
202606,00906,906. 연신내역 5번출구,정기권,F,~10대,8,558.07,5.05,21681.03,156
202606,00224,224. 롯데캐슬 앞,정기권,F,~10대,27,930.98,8.40,36169.42,505
202606,01981,1981. 천왕지구삼거리 앞,가족권(2시간),,~10대,1,378.12,3.41,14690.00,71
202606,03579,3579.광진 캠퍼스시티,일일권,F,30대,33,2360.87,21.32,91946.04,870
202606,01477,1477.면목삼익아파트 앞,정기권,M,20대,11,1071.64,9.44,40712.67,235
202606,04558,4558. 대영중고 후문,정기권,,20대,28,1331.58,12.01,51731.87,370
202606,03502,3502. 중곡역 1번출구,정기권,M,30대,141,11753.10,105.96,456747.85,3134
202606,00224,224. 롯데캐슬 앞,정기권,M,70대이상,9,381.15,3.43,14807.75,113
202606,02084,2084.e편한세상 상도노빌리티 앞,일일권(3시간),M,~10대,2,136.99,1.27,5491.20,175
202606,01241,1241. 문정 법조단지5,일일권,F,기타,1,102.85,0.78,3372.97,18
202606,02175,2175. 신림동걷고싶은문화의거리입구,정기권,M,70대이상,1,102.62,0.92,3986.88,47
202606,02207,2207. 내곡파출소 뒤 정자,일일권,M,20대,1,35.75,0.32,1388.89,7
202606,05088,5088. 등촌역 센터스퀘어,정기권,M,50대,63,3915.80,35.30,152129.05,1229
202606,00488,488.푸르메병원,정기권,M,50대,150,8302.33,74.44,320544.42,2546
202606,02427,2427.개포고등학교 정문앞,정기권,F,40대,52,3071.29,27.68,119320.17,986
202606,03689,3689. 강일역 3번출구,일일권,M,~10대,12,574.78,5.19,22329.69,291
202606,02605,2605. 복정역 1번 출구 앞,정기권,F,~10대,12,866.62,7.81,33668.09,290
202606,01411,1411. 상봉시장앞 교차로 한성빌딩 앞,정기권,M,60대,24,1088.20,9.80,42276.38,419
202606,05892,5892.국회의사당본관 좌측,일일권(비회원),M,30대,1,57.76,0.52,2243.88,46
202606,03753,3753. 공항중학교 버스정류장,정기권,,20대,43,1338.41,12.10,51995.97,412
202606,06184,6184. 한강버스 마곡 선착장,정기권,,60대,36,4429.81,39.92,178798.07,996
202606,01321,1321. 국민은행 종암동지점 앞,일일권,M,~10대,31,1938.92,17.43,75007.87,771
202606,06057,6057. 을지로5가(방산시장),일일권,F,30대,9,664.86,5.99,25829.05,246
202606,00963,963. 불광롯데캐슬아파트 앞,일일권(비회원),,20대,1,49.87,0.45,1937.28,19
202606,01217,1217. 송파파인타운 7단지,일일권,F,50대,5,497.89,4.49,19342.89,152
202606,02164,2164. 관악우체국,일일권,M,50대,1,20.67,0.19,803.09,4
202606,00250,250. 대림아파트 사거리,일일권,,40대,3,95.08,0.86,3694.29,29
202606,00731,731. 서울시 도로환경관리센터,정기권,,40대,128,6300.22,56.75,244763.67,3272
202606,03934,3934. 철도교통관제센터 정문 앞,정기권,F,50대,20,2283.97,20.59,88733.54,432
202606,05878,5878. 우리은행 앞,일일권(3시간),M,30대,4,1719.91,15.50,66818.87,479
202606,04918,4918. 매봉역 1번출구,일일권,,30대,12,2139.30,19.27,83112.19,524
202606,01686,1686. 상계주공10단지 종합상가 앞,정기권,M,30대,150,8303.23,74.37,321005.53,3191
202606,00225,225. 앙카라공원 앞,일일권(3시간),M,20대,1,20.34,0.18,790.34,7
202606,04102,4102. 휘경1동주민센터 앞,일일권(3시간),F,20대,1,268.07,2.42,10414.34,66
202606,01074,1074.대명초교입구 사거리,정기권,F,50대,89,6366.88,57.41,247353.42,1700
202606,01706,1706. 방학동우체국 건너편,일일권,,40대,3,371.38,3.35,14428.18,104
202606,00259,259. 대방역6번출구,정기권,F,60대,8,410.93,3.69,15964.44,132
202606,00436,436. 이대역 5번출구,정기권,,20대,43,2965.30,26.69,115202.11,648
202606,03694,3694. 강동리엔파크 13단지(1303동 앞),정기권,F,40대,37,1456.89,13.11,58155.68,839
202606,00860,860.LG한강 자이아파트 앞,정기권,M,20대,86,6602.98,59.56,259306.09,1631
202606,00768,768.목동5단지아파트 501동,정기권,F,~10대,141,7124.98,64.51,278589.72,2787
202606,01478,1478.홈플러스 상봉점 앞,일일권,F,30대,18,1126.74,10.23,44033.26,468
202606,00408,408. LG CNS앞,일일권(비회원),,20대,1,40.57,0.37,1576.02,12
202606,01132,1132. 등촌역 7번출구,일일권(3시간),M,~10대,1,140.39,1.27,5454.18,132
202606,04888,4888. 둔촌오륜역 2번출구,일일권,,20대,19,959.09,8.64,37260.91,278
202606,00225,225. 앙카라공원 앞,정기권,F,30대,96,4426.39,39.90,172910.23,1686
202606,04304,4304. 서울고앞,일일권,F,40대,3,129.18,1.17,5018.82,44
202606,00916,916. 평생학습관 앞,정기권,M,30대,168,12793.61,115.18,498051.62,5397
202606,00650,650. 중랑교사거리,일일권,,20대,46,7536.49,67.93,292791.66,1803
202606,04032,4032. 불암주유소 앞,일일권,M,40대,5,223.42,2.01,8679.87,43
202606,04862,4862. 성내교 남단,정기권,M,70대이상,3,292.58,2.64,11366.63,163
202606,02302,2302. 교보타워 버스정류장(신논현역 3번출구 후면),정기권,,20대,73,4119.00,37.10,164640.65,1847
202606,04341,4341. 영동1교 북단,정기권,,70대이상,1,42.33,0.38,1644.64,18
202606,00457,457. 종로꽃시장 입구 옆,일일권(비회원),,30대,2,126.91,1.15,4930.60,61
202606,01928,1928. 고척스카이돔구장 광장,정기권,,50대,34,4245.31,38.28,164930.44,928
202606,01080,1080.천호지하주차장 5번 출입구,일일권(3시간),,20대,1,474.34,4.28,18428.15,107
202606,05325,5325.상계주공7단지 아파트 앞,일일권,F,~10대,23,1540.12,14.50,62556.58,523
202606,02804,2804.항동지구 6단지 602동 앞,일일권,M,30대,4,875.21,7.89,34001.96,224
202606,00469,469.회현역 1번출구,정기권,M,40대,54,2680.30,24.18,104130.18,1880
202606,01742,1742. 북한산 코오롱 하늘채,정기권,F,~10대,3,124.73,1.13,4845.71,91
202606,04399,4399. 더리브 세종타워 앞,정기권,M,30대,338,15207.06,136.91,590471.69,7056
202606,04084,4084. 도봉동실내스포츠센터,일일권,,40대,22,1402.14,12.66,54474.27,561
202606,00249,249. 여의도중학교 옆,일일권(3시간),M,50대,1,145.43,1.31,5650.00,28
202606,02521,2521.서초 크로바타워 앞,일일권,F,20대,16,1108.78,10.00,43076.31,417
202606,00226,226. 샛강역 1번출구 앞,일일권,,30대,34,3928.66,35.42,159948.51,1166
202606,02344,2344. 리엔파크 2단지 앞,정기권,,40대,41,2900.05,26.11,112667.86,696
202606,00908,908. 구산역 4번출구,일일권(3시간),M,50대,1,0.00,0.00,0.00,132
202606,04809,"4809. 동성1,2차 아파트 앞",정기권,M,50대,53,4846.91,43.68,188302.04,1229
202606,02148,2148. 낙성대역 3번출구 뒤,정기권,F,60대,5,396.73,3.57,15413.20,233
202606,00925,925. 불광역 2번출구,정기권,M,20대,78,3620.34,32.63,140651.78,1106
202606,01243,1243. 문정 법조단지7,정기권,M,30대,327,22521.67,201.44,868021.73,6288
202606,00617,617. 청솔우성아파트 앞,정기권,,기타,2,24.18,0.22,939.18,5
202606,00372,372. 약수역 3번출구 뒤,가족권,F,~10대,1,73.79,0.67,2866.66,38
202606,02919,2919.등나무 근린공원(시립북서울미술관 앞) ,일일권,F,30대,57,3283.65,29.65,131219.38,1385
202606,05752,5752. 풍납백제문화공원 옆 인근,일일권,,30대,36,1786.87,16.09,69419.99,501
202606,04663,"4663. 불광역3,6호선 버스정류장(동명여고 방면)",일일권,M,~10대,4,244.21,2.20,9487.78,73
202606,05057,5057. 마곡역4번출구,정기권,,30대,264,10255.32,92.45,399818.63,3404
202606,00553,553. 중곡 성원아파트 앞,일일권(3시간),F,30대,1,436.72,3.94,16966.40,104
202606,02430,2430.강남파이낸스센터앞(역삼역2번출구),정기권,,50대,39,1651.15,14.89,65310.50,1056
202606,01016,1016. 해뜨는 주유소옆 리엔파크 109동앞,정기권,F,기타,5,173.00,1.56,6721.18,43
202606,02720,2720.힐스테이트에코,일일권,F,20대,52,2018.35,18.35,79568.64,822
202606,01640,1640. 한내근린공원 북측,정기권,,40대,48,3884.08,35.00,150896.69,1557
202606,00734,734. 신트리공원 입구,정기권,M,30대,248,21422.36,193.09,832262.18,4636
202606,01529,1529. 미아동 한국전력공사,정기권,M,70대이상,1,26.75,0.24,1039.32,33
202606,05786,5786.문정로데오거리입구,일일권(비회원),,50대,1,59.06,0.53,2294.45,19
202606,02407,2407. 역삼서초삼성 세무서 앞 (역삼빌딩 앞),가족권,M,~10대,1,104.81,0.94,4071.82,52
202606,00226,226. 샛강역 1번출구 앞,일일권(비회원 3시간),,기타,1,134.82,1.22,5237.65,70
202606,02274,2274. 양재시민의숲역 3번출구,일일권,,20대,29,2372.09,21.39,92156.38,770
202606,04304,4304. 서울고앞,정기권,M,70대이상,6,329.33,2.96,12765.79,115
202606,01186,1186. 송정중학교,일일권,M,40대,13,813.18,7.00,30268.88,226
202606,05514,5514.공덕역 1번출구,일일권(비회원),,20대,3,178.09,1.61,6918.73,39
202606,01512,1512. 강북중학교 앞,정기권,F,60대,37,2365.73,21.34,91908.14,640
202606,04802,4802. 새우개마을,정기권,F,30대,32,1065.12,9.58,42754.39,293
202606,02741,2741.마곡수명산파크5-6단지,일일권,M,~10대,20,597.79,5.40,23224.53,337
202606,02644,2644. 성내5교,정기권,,70대이상,1,13.32,0.12,517.66,4
202606,02248,2248. 서초리슈빌S 글로벌 앞,정기권,,60대,1,16.99,0.15,659.92,9
202606,00425,425. DMC첨단산업센터,정기권,M,60대,5,130.18,1.17,5057.42,22
202606,00457,457. 종로꽃시장 입구 옆,정기권,,20대,50,1811.26,16.29,70369.31,605
202606,01450,1450. 화랑대역 7번출구,일일권(3시간),F,50대,1,321.48,2.90,12489.61,108
202606,02104,2104. 사당역 5번출구,정기권,F,60대,2,119.56,1.07,4644.98,72
202606,05075,5075. 등촌역 1번출구,정기권,M,60대,16,758.22,6.84,29456.57,705
202606,00303,303. 광화문역 1번출구 앞,일일권,F,20대,28,1050.65,9.49,40818.32,420
202606,02243,2243.서울가정법원,일일권,,20대,29,3165.65,28.52,122985.21,1034
202606,02284,2284. CJ오쇼핑앞,정기권,,기타,2,168.16,1.51,6533.21,37
202606,01539,1539. 4.19민주묘지역,일일권,,~10대,3,288.87,2.60,11222.77,79
202606,04797,4797. KG타워 앞,정기권,M,20대,31,1457.47,13.15,56623.02,542
202606,02733,2733.마곡13단지 정문 앞,정기권,F,~10대,98,2357.58,21.26,91592.67,735
202606,03813,3813. 낙성대역 5번출구,일일권,M,20대,17,769.28,6.93,29886.65,392
202606,02904,2904.중계3차청구아파트,일일권,F,50대,3,100.56,0.91,3906.58,59
202606,02639,2639.석촌역 8번출구,일일권,M,20대,121,8339.42,75.20,325751.77,2890
202606,03820,3820. 은천삼거리,정기권,M,70대이상,1,27.23,0.25,1057.78,5
202606,01448,1448. 코스트코 상봉점,정기권,F,기타,1,51.54,0.46,2002.51,12
202606,04086,4086. 도봉로 534,일일권,M,50대,1,108.07,0.97,4198.34,37
202606,01017,1017. 둔촌고교입구 교차로(길동주민센터 방면),정기권,,60대,13,484.33,4.35,18816.06,343
202606,06189,6189.데시앙플렉스 지식산업센터,정기권,,~10대,1,47.18,0.43,1832.82,17
202606,01535,1535. 효성인텔리안 앞,가족권,M,~10대,1,34.42,0.31,1337.32,20
202606,02273,2273. 일동제약 사거리,일일권,,60대,6,352.77,3.18,13705.24,91
202606,04875,4875. 위례포레샤인13단지,정기권,F,50대,30,920.23,8.37,36106.62,331
202606,02739,2739.수명산파크1단지교차로,정기권,F,20대,201,6319.07,56.91,247515.61,1730
202606,04638,4638. 청파동삼거리 앞,정기권,M,~10대,1,7.31,0.07,283.80,5
202606,00227,227. 양평1나들목 보행통로 입구,일일권,,40대,37,6074.73,54.72,260010.71,1739
202606,00227,227. 양평1나들목 보행통로 입구,일일권,,50대,5,769.20,6.93,29883.70,231
202606,00265,265. 영등포유통상가 사거리,정기권,,20대,136,3212.06,29.02,125948.37,1189
202606,03221,3221.서울특별시 남부교육지원청,일일권,M,~10대,7,565.26,5.10,21960.20,139
202606,05777,5777. 호반써밋12단지,정기권,M,50대,125,5858.51,52.86,227604.21,1395
202606,01173,1173. 강서구청사거리(SH타워),가족권,M,~10대,1,36.28,0.33,1409.55,13
202606,03759,3759. 이대서울병원,정기권,M,~10대,92,3130.21,28.22,123468.29,1000
202606,01109,1109. 공항시장역 4번출구,일일권,,30대,2,97.80,0.89,3799.34,23
202606,01447,1447. 면목역 3번출구,일일권,M,~10대,70,4934.58,44.68,192691.49,1669
202606,05888,5888.여의도성당,정기권,M,30대,10,556.15,5.01,21605.81,101
202606,01302,1302. 한성대입구역6번출구 뒤,가족권,F,~10대,1,35.64,0.35,1500.00,18
202606,02911,2911.상계역중앙시장,정기권,F,20대,54,2286.58,20.61,88833.22,706
202606,01185,1185. 등촌9단지,일일권,M,20대,12,300.68,2.70,11681.51,78
202606,04360,4360. 르노삼성자동차 성수사업소 앞,일일권(비회원),,기타,2,81.31,0.73,3159.16,41
202606,03757,3757. 신방화역 6번출구,일일권,,~10대,1,33.15,0.36,1550.00,10
202606,02389,2389. 경기여자고등학교 후문 (삼성로3길 입구),일일권,F,~10대,6,376.26,3.71,16019.94,153
202606,00435,435. SK 남산빌딩,일일권,M,40대,9,546.05,4.92,21214.15,307
202606,00996,996.응암역2번출구 국민은행 앞,정기권,F,40대,126,10387.01,93.64,403605.67,3406
202606,00927,927. 연신내역 3번출구 인근,일일권,,기타,5,308.18,2.77,11972.93,179
202606,02054,2054. 삼익아파트,일일권,F,40대,6,857.41,7.82,35959.99,347
202606,01864,1864.산호시티빌 옆,일일권,F,20대,8,418.08,3.75,16242.96,152
202606,04458,4458. 가락2동주민센터 인근,일일권(비회원),,20대,1,62.56,0.56,2430.34,25
202606,01958,1958. 강서수도사업소민원센터,정기권,,60대,5,383.09,3.46,14883.23,124
202606,04478,4478. 문정근린공원2,일일권,F,50대,1,62.11,0.56,2413.02,47
202606,03798,3798. 그랜드아이파크아파트 앞,정기권,F,30대,651,25541.67,230.45,1000175.21,7534
202606,04665,4665. 응암역3번 출구(서부경찰서 방면),정기권,M,50대,21,1159.59,10.45,45050.58,353
202606,05064,5064. 양천향교역8번출구,정기권,F,30대,259,9195.53,82.99,360712.71,2925
202606,00555,555. 구의3동주민센터,일일권,M,20대,15,1451.15,13.10,56377.08,527
202606,02532,2532.국립국악원 앞,정기권,M,60대,6,398.45,3.59,15479.91,98
202606,01196,1196. 서울식물원(문화센터) 건너편,일일권,,기타,4,175.89,2.03,8722.09,86
202606,00426,426. 서울신용보증재단,일일권,M,50대,2,44.59,0.40,1732.24,13
202606,05752,5752. 풍납백제문화공원 옆 인근,정기권,,30대,356,17948.42,161.73,697299.39,5350
202606,04381,4381. 더스페이스타워 앞,일일권,,기타,4,727.73,6.56,28272.30,315
202606,01715,1715. 서울특별시교육청도봉도서관,정기권,M,70대이상,1,10.88,0.10,422.85,19
202606,04116,4116. 이문e편한세상아파트 앞,정기권,,기타,34,1869.40,16.85,72626.69,716
202606,03940,3940.삼각어린이공원 앞,정기권,M,40대,34,1686.96,14.74,63494.51,493
202606,00600,600. 휘경2동 주민센터,일일권,M,20대,15,661.13,5.95,26953.37,241
202606,01109,1109. 공항시장역 4번출구,정기권,F,20대,21,739.68,6.65,28736.80,200
202606,00332,332. 을지로2가 사거리 남측,일일권,F,20대,29,2363.83,21.27,93536.44,778
202606,00283,283. 아크로타워 스퀘어(영등포시장),정기권,,30대,261,11528.57,103.89,449536.74,4896
202606,00841,841. 신용산역 1번 출구,정기권,,60대,7,424.44,3.83,16489.42,105
202606,04096,4096.창동역2번출구 하나은행365 앞,일일권(비회원),,50대,1,263.32,2.37,10230.00,52
202606,00324,324. 신세계백화점 본점 앞,일일권(3시간),M,40대,2,617.89,5.57,24004.75,152
202606,03642,3642. 강남자곡힐스테이트,정기권,F,40대,38,3115.54,28.05,121038.46,1001
202606,03566,3566.우성4차아파트,정기권,,40대,101,2540.16,22.97,100083.46,1439
202606,05087,5087. 연세강서빌딩,정기권,F,30대,244,11628.80,104.74,453965.71,4371
202606,04678,4678. 백련산로 녹번센트레빌 ,일일권(비회원),,~10대,2,38.69,0.35,1503.18,25
202606,06057,6057. 을지로5가(방산시장),정기권,F,50대,22,1399.93,12.60,54387.48,559
202606,05086,5086. 가양테크노타운,일일권(비회원),,기타,7,601.44,5.43,24476.90,217
202606,02815,2815.항동지구 7단지 정문,정기권,,70대이상,20,5604.52,50.52,217735.58,1228
202606,00227,227. 양평1나들목 보행통로 입구,정기권,M,30대,240,22498.39,202.79,882697.43,6491
202606,02231,2231. 삼성타운(삼성생명) A동 맞은편,정기권,F,~10대,1,203.28,1.83,7897.43,56
202606,02371,2371. 한국우편사업진흥원,정기권,F,70대이상,5,1178.93,10.62,45801.39,211
202606,02103,2103. 신림동 우방아파트,일일권,M,~10대,2,242.62,2.19,9426.16,59
202606,03641,3641. 대청역,일일권,,40대,3,405.72,3.66,15762.47,86
202606,02377,2377. 수서역 5번출구,일일권,,50대,9,694.99,6.26,27001.04,198
202606,04031,4031. 청암예술학교 앞,정기권,F,20대,51,1679.13,15.11,65233.60,570
202606,02655,2655.송이공원,일일권(비회원),,40대,1,78.05,0.70,3032.07,15
202606,01520,1520. 수유중앙시장,정기권,F,~10대,4,281.25,2.70,11616.18,112
202606,02387,2387. 래미안강남힐즈 사거리,정기권,F,~10대,8,495.43,4.46,19247.03,147
202606,04796,4796. 서울시청,정기권,F,50대,62,6482.80,58.41,251857.68,1919
202606,00835,835. 남영역 건너편,정기권,F,~10대,1,113.84,1.03,4422.72,33
202606,00978,978.녹번 힐스테이트상가앞,정기권,M,20대,26,948.90,8.55,38590.91,312
202606,01084,1084. 윤선생빌딩(JYP사옥),정기권,,50대,75,5382.50,48.50,209110.51,1917
202606,01528,1528. 삼각산동 주민센터,정기권,M,40대,65,3742.67,33.73,145403.46,1050
202606,01738,1738. 창동주공17단지 상가앞,일일권,,40대,16,908.60,8.18,35299.36,298
202606,04812,4812. 묵동 이마트 앞,일일권(비회원),,30대,1,55.08,0.50,2140.00,13
202606,01303,1303. 돈암초교 입구,일일권,M,60대,1,248.93,2.24,9671.06,51
202606,01295,1295. 잠실역 8번출구,일일권(비회원),,40대,2,126.21,1.13,4903.29,42
202606,02822,2822.제니스스포츠 앞,정기권,M,70대이상,1,57.63,0.52,2238.88,16
202606,03793,3793. 더리브골드타워,정기권,F,50대,63,1788.39,16.23,70859.79,620
202606,03958,3958. 롯데캐슬2차 마을버스 정류장(18804) 뒤편,정기권,F,20대,28,562.13,5.12,22076.87,230
202606,00228,228. 선유도역 3번출구 앞,일일권,F,~10대,18,2540.75,22.84,98521.98,963
202606,01244,1244. 문정 법조단지8,일일권,M,~10대,15,874.30,7.95,34235.09,267
202606,02657,2657.송파 파인타운 11단지 ,가족권,F,~10대,3,788.92,7.11,30650.10,141
202606,04926,4926. 대치우성아파트 사거리,가족권(2시간),M,~10대,1,505.15,4.55,19625.14,135
202606,04930,4930. 학여울역 1번출구,정기권,F,20대,8,575.29,5.19,22350.68,123
202606,03674,3674. 강동리버스트7단지,정기권,M,~10대,25,1378.73,12.32,53076.30,279
202606,00836,836. 현대자동차서비스 앞,정기권,M,30대,105,8787.29,79.13,340828.15,2052
202606,03691,3691. 둔촌역 2번출구,정기권,M,20대,188,6950.03,62.33,271063.26,2338
202606,04107,4107. 장안동근린공원 입구,정기권,M,50대,43,2321.52,20.90,90191.55,959
202606,01846,1846. 롯데캐슬골드파크1차 동문,정기권,,70대이상,1,59.20,0.53,2299.87,13
202606,03684,3684. 고덕자이(105동 앞),정기권,M,50대,43,2368.83,21.35,92029.72,853
202606,04671,4671. 청구성심병원 앞,정기권,M,40대,38,2205.22,19.85,85672.66,1179
202606,02903,2903.월계초안아파트 1단지,일일권,M,60대,1,43.57,0.39,1692.83,32
202606,00241,241. 신길우성1차아파트 앞 공원,정기권,,기타,26,692.17,6.26,26890.42,197
202606,01805,1805. 서울디지털운동장 앞,정기권,M,70대이상,44,408.28,3.68,15859.38,149
202606,01848,1848. 벽산 디지털밸리 5차,정기권,F,60대,1,34.66,0.31,1346.45,9
202606,03207,3207.양남사거리1,일일권(비회원),,20대,2,78.77,0.71,3060.00,30
202606,05851,5851. 도림천 건널목 위,정기권,,60대,17,764.22,6.90,29690.17,314
202606,04406,4406. 장곡초등학교 앞,정기권,,20대,43,3702.09,32.40,139503.82,1022
202606,04532,4532. 목동현대아파트 후문 앞,정기권,M,~10대,330,11673.49,106.93,461268.38,4467
202606,01530,1530. 광산사거리,정기권,,20대,81,3701.54,33.36,143804.61,1096
202606,02167,2167. 낙성대역 1번출구,일일권,,40대,2,49.60,0.44,1927.05,11
202606,01105,1105. 방화근린공원,일일권,F,20대,3,109.33,0.98,4247.67,73
202606,00228,228. 선유도역 3번출구 앞,정기권,,20대,272,13579.51,122.33,527565.30,4543
202606,04819,4819. 면목동 새싹어린이공원 앞,정기권,M,50대,122,6252.51,56.39,242909.69,1937
202606,00384,384. 중림동삼거리,정기권,,기타,8,303.19,2.73,11778.87,66
202606,01177,1177. 수명중?고교,일일권,M,50대,6,208.37,1.88,8095.57,228
202606,00228,228. 선유도역 3번출구 앞,정기권,,60대,63,4476.03,40.34,178715.37,1192
202606,01514,1514. 강북구청 사거리 버스정류소 앞,정기권,,70대이상,1,24.32,0.22,945.01,9
202606,01634,1634. 당고개공원 대여소,정기권,M,20대,30,1768.03,15.92,68686.99,502
202606,02210,2210. 반포1동 주민센터 앞,일일권,M,~10대,1,87.46,0.79,3397.93,39
202606,00530,530. 청계벽산아파트 앞,일일권,F,기타,2,97.56,0.88,3790.08,44
202606,01422,1422. 신내우디안아파트 1단지,일일권,F,30대,2,342.12,3.08,13291.10,74
202606,00521,521. 왕십리역 11번 출구 앞,정기권,F,60대,3,94.22,0.85,3660.61,176
202606,05330,5330. 구립수락노인종합복지관,일일권,M,20대,21,1123.25,9.99,43786.59,241
202606,01016,1016. 해뜨는 주유소옆 리엔파크 109동앞,일일권,,50대,4,28.62,0.26,1111.96,4
202606,05760,5760. 풍납사거리 성내유수지,정기권,F,30대,74,3575.06,32.32,139380.65,1956
202606,01286,1286. 위례중앙푸르지오 1단지 앞,정기권,,70대이상,1,81.41,0.73,3162.87,31
202606,05761,5761. 버섯분수대,일일권,F,70대이상,1,98.56,0.89,3829.22,23
202606,01929,1929. 고척근린공원 고척도서관 앞,일일권(비회원),,기타,7,265.68,2.40,10321.64,124
202606,00368,368. SK 서린빌딩 앞,일일권(3시간),,30대,1,49.60,0.45,1926.87,14
202606,02804,2804.항동지구 6단지 602동 앞,정기권,,50대,10,638.47,5.75,24803.95,260
202606,00228,228. 선유도역 3번출구 앞,정기권,M,60대,93,4614.02,41.54,179057.42,2296
202606,04713,4713. 현대 뜨레비앙 아파트 앞,정기권,F,60대,5,321.44,2.90,12487.81,155
202606,00863,863.이촌역2번 출구,일일권,,50대,1,29.48,0.27,1145.13,8
202606,02012,2012. 대림사거리(동작상떼빌아파트),정기권,F,40대,33,2577.01,23.21,100117.74,858
202606,01288,1288. 문정중교 사거리,일일권,M,20대,34,1743.48,15.63,67395.32,444
202606,02382,2382. 역삼동 sk뷰 501동앞,일일권(비회원),,40대,1,41.53,0.37,1613.28,16
202606,03680,3680. 강동역3번출구,일일권,,60대,1,15.83,0.14,614.92,8
202606,04942,4942.율현삼거리,정기권,,40대,4,117.83,1.07,4577.71,33
202606,02745,2745.수명초등학교,정기권,,20대,200,6041.50,54.45,239976.91,4123
202606,00540,540. 군자역 7번출구 베스트샵 앞,일일권(3시간),,30대,1,243.82,2.20,9472.45,116
202606,06183,6183.K스퀘어 마곡,정기권,F,40대,173,5240.12,47.53,204686.82,2248
202606,00802,802. 한강진역 2번 출구 앞,일일권,F,30대,8,1114.54,10.05,43300.03,368
202606,01363,1363. 보문4교 인근,정기권,F,40대,116,6206.22,55.93,241110.66,2235
202606,00510,510. 뚝도아리수정수센터 버스정류소 옆,일일권(비회원 3시간),,30대,1,412.26,3.72,16016.46,134
202606,01467,1467.sk신내 주유소앞(용마산로),일일권,M,20대,5,812.47,7.32,31564.64,140
202606,02094,2094.숭실대학교(중문) ,정기권,M,70대이상,3,431.72,3.89,16772.27,100
202606,04425,4425. 하늘채코오롱아파트 앞,일일권,,40대,5,457.36,4.12,17768.59,166
202606,02318,2318. 삼성중앙역4번출구(문화센터더 리빌),정기권,,60대,4,568.54,5.13,22087.45,146
202606,01033,1033. 고덕동 아남아파트,일일권,,50대,7,550.89,4.97,21402.07,160
202606,01354,1354. 고려대학교 2번출구,정기권,,60대,10,707.82,6.37,27499.56,346
202606,01210,1210. 롯데월드타워(잠실역2번출구 쪽),정기권,,60대,32,3192.03,28.76,124010.69,1452
202606,04820,4820. 망우역 2번 출구,정기권,,40대,66,1624.47,14.63,63110.04,742
202606,01775,1775.신원리베르텔 앞,일일권(비회원),,기타,1,102.56,0.92,3984.31,25
202606,02369,2369. KT선릉타워,정기권,M,60대,36,1685.46,15.18,67443.27,1010
202606,04420,4420. 성북구 한예종 캠퍼스 별관,일일권,F,~10대,4,33.87,0.30,1316.07,66
202606,02084,2084.e편한세상 상도노빌리티 앞,일일권,F,~10대,5,227.69,2.05,8845.64,70
202606,01382,1382.래미안월곡아파트 입구,정기권,F,30대,43,1490.47,13.42,57905.11,486
202606,01137,1137. 등촌2동주민센터,정기권,M,60대,8,293.37,2.65,11397.53,168
202606,02622,2622. 올림픽공원역 3번출구,일일권(3시간),F,20대,4,530.82,4.78,20622.32,143
202606,02136,2136. 신림역 8번출구,일일권,,40대,10,356.92,3.21,13866.38,305
202606,04766,4766. 서소문성지역사박물관,일일권,,50대,1,12.24,0.11,475.48,5
202606,00425,425. DMC첨단산업센터,일일권,,50대,1,24.84,0.22,965.04,9
202606,00229,229. 양평1 보행육교 앞,일일권(비회원),,기타,4,344.72,3.10,13392.53,102
202606,03789,3789. 염창나들목,정기권,M,50대,285,39576.51,355.81,1535743.06,9125
202606,00948,948. 디지털미디어 시티역 4번출구(DMC역),일일권,,기타,3,171.73,1.55,6671.69,48
202606,04845,4845. 신내역금강펜테리움센트럴파크,정기권,M,60대,35,4531.43,40.85,176047.13,925
202606,03756,3756. 마곡힐스테이트 정문,일일권,F,~10대,14,567.13,5.12,22033.48,136
202606,00939,939. 은평구청 교차로,일일권,F,~10대,2,47.30,0.43,1837.69,15
202606,01979,1979. 구로1동우체국 앞,정기권,M,40대,53,2877.25,25.93,111779.20,825
202606,06057,6057. 을지로5가(방산시장),일일권,M,~10대,3,82.07,0.68,2922.87,107
202606,05057,5057. 마곡역4번출구,정기권,M,50대,94,2882.05,25.97,115277.48,900
202606,02214,2214. 신반포역 2번출구 앞,일일권(3시간),M,30대,3,582.67,5.25,22636.75,360
202606,02515,2515.서초초등학교 후문,일일권,M,~10대,11,1144.08,10.21,47270.19,384
202606,00560,560. 비전교회 앞,정기권,M,30대,358,16808.40,151.43,655570.84,4280
202606,01128,1128. 화곡역 6번출구,정기권,,기타,16,830.74,7.50,32273.99,251
202606,04895,4895. 송파레이크힐 상가,정기권,,70대이상,5,285.10,2.57,11075.90,231
202606,03536,3536. 중앙농협(자양동),정기권,F,~10대,6,149.60,1.34,5811.75,75
202606,02740,2740.마곡레포츠센터,일일권(3시간),M,30대,2,130.23,1.17,5059.54,116
202606,02025,2025. 흑석역 1번출구,일일권(3시간),F,~10대,1,378.47,3.41,14703.64,218
202606,04935,4935. 도곡삼성래미안,일일권,,50대,1,50.73,0.46,1970.79,13
202606,00289,289. 대림3동사거리,정기권,F,60대,38,2802.16,25.26,108864.68,1007
202606,02230,2230.이수역 4번 출구,정기권,M,20대,81,2693.55,24.12,104859.46,1020
202606,02016,2016. 신대방삼거리역 3번출구쪽,일일권,M,50대,3,208.21,1.88,8088.89,59
202606,03119,3119.연희 브라운스톤 아파트 앞,정기권,M,70대이상,14,951.25,8.57,36955.75,379
202606,04847,4847. 신내역시티프라디움 앞,일일권,,50대,2,80.89,0.73,3142.35,34
202606,00524,524. 래미안금호하이리버 아파트 102동 옆,일일권,F,20대,3,207.41,1.88,8058.10,58
202606,03609,3609. 언주초등학교 입구,정기권,,30대,33,1377.85,12.48,53529.57,581
202606,00427,427. 성산시영아파트,일일권(비회원),,기타,13,894.68,8.05,34758.37,364
202606,00908,908. 구산역 4번출구,일일권,M,40대,9,502.15,4.53,19508.91,166
202606,03690,3690. 강일역 4번출구,정기권,,50대,30,746.71,6.70,30024.54,279
202606,00337,337. 창경궁 입구,일일권,M,20대,22,988.17,8.90,38347.93,312
202606,00780,780.신정교 하부,일일권(3시간),,40대,1,316.18,2.85,12283.49,68
202606,04128,4128.  종암초등학교 뒤(새울센스빌),일일권,F,30대,2,92.33,0.83,3586.82,33
202606,02205,2205. 내곡3단지 어린이공원 앞,정기권,,60대,3,189.58,1.71,7365.44,44
202606,00285,285. 콤텍시스템 앞,정기권,M,60대,20,825.19,7.45,32057.12,860
202606,03754,3754. 신방화역 8번출구,정기권,F,30대,159,6187.13,55.85,242366.09,1769
202606,03105,3105. 홍은센트레빌 아파트 앞,정기권,F,60대,16,664.07,5.97,25798.26,279
202606,01910,1910. 낙원교회 맞은편,정기권,M,30대,68,6017.02,54.20,235839.51,1762
202606,01227,1227. 거여역 8번출구 뒤,일일권(비회원),,~10대,1,252.86,2.28,9823.68,46
202606,02360,2360. 도곡1동 주민센터 교차로,일일권,M,30대,21,1087.71,9.76,41935.20,385
202606,04545,4545. 청소년음악센터,정기권,M,50대,60,2887.07,26.04,112162.30,1295
202606,01021,1021. 강일동 리슈빌 빌딩앞,일일권,F,~10대,9,593.12,5.59,24100.71,180
202606,00230,230. 영등포구청역 7번출구,일일권,M,40대,40,2750.73,24.07,103870.82,944
202606,01709,1709. 쌍문역4번출구 주변,일일권,M,70대이상,1,24.69,0.22,959.19,111
202606,01316,1316. 고려사대부속중고 건너편 ,일일권,,30대,6,1920.24,17.31,74601.34,404
202606,01988,1988. 고척LIGA아파트 앞,일일권,,30대,16,2135.61,19.25,82968.30,537
202606,00230,230. 영등포구청역 7번출구,일일권,M,기타,13,347.13,3.12,13486.63,135
202606,03543,3543. 세종대학교(학술정보원),정기권,F,30대,22,1335.72,12.03,61527.17,413
202606,02191,2191.대학동주민센터 ,일일권(비회원),,20대,3,649.57,5.86,25235.59,128
202606,04591,4591. 신길자이아파트,정기권,,60대,4,167.89,1.51,6522.60,86
202606,02281,2281. 서울교통공사 사당별관 건너편,정기권,,30대,42,2222.28,20.05,86335.30,988
202606,02639,2639.석촌역 8번출구,일일권(3시간),F,30대,1,269.19,2.43,10457.99,179
202606,00230,230. 영등포구청역 7번출구,일일권(비회원),,20대,7,512.21,4.61,19898.95,149
202606,00578,578. 성동세무서 부근,일일권,M,50대,18,1387.98,12.50,53923.32,455
202606,01218,1218. 방이역 4번출구,일일권(비회원),,기타,31,2106.49,18.98,81836.78,805
202606,00397,397. 종묘공영주차장 건너편,정기권,,50대,10,556.50,5.01,21620.68,316
202606,04148,4148.동대문구 장안동 씨젠의료재단,일일권,,기타,9,614.15,5.53,23859.11,219
202606,02706,2706.강서공업고등학교 앞,정기권,F,20대,57,2677.24,24.12,104012.33,644
202606,04114,4114. 휘경여중고삼거리,일일권,,30대,10,632.56,5.71,24574.86,326
202606,04211,4211. 시석빌딩 앞,일일권(3시간),M,30대,1,,,0.00,2
202606,04346,4346.장학재단빌딩 앞,일일권,M,~10대,1,455.95,4.11,17713.58,79
202606,01232,1232. 잠실주공 521동 건너편,가족권,M,~10대,3,185.98,1.68,7225.68,72
202606,05866,5866.포레나 당산,일일권,M,50대,7,260.23,2.36,10110.07,75
202606,00922,922. 연신내역 4번출구,정기권,M,40대,20,885.69,7.97,34409.86,457
202606,00230,230. 영등포구청역 7번출구,정기권,,70대이상,6,114.87,1.03,4462.51,56
202606,04045,4045. 은하수 공원,정기권,F,30대,3,180.02,1.69,7293.08,77
202606,04865,4865. 한성백제역 1번출구 뒤,일일권,F,50대,7,426.49,3.84,16569.23,141
202606,01459,1459. 용마한신아파트사거리,정기권,,기타,1,45.57,0.41,1770.26,10
202606,03801,3801. 이랜드글로벌R&D센터,일일권,M,50대,7,1020.08,9.19,39630.38,193
202606,02824,2824.미래사랑어린이공원 앞,일일권(비회원),F,30대,1,283.91,2.56,11030.00,55
202606,04045,4045. 은하수 공원,일일권,,20대,6,604.70,5.46,23492.15,167
202606,03552,3552.서울숲 공영주차장앞,일일권(비회원),,~10대,1,20.43,0.18,793.74,14
202606,00363,363. 신설동역 11번출구 뒤,일일권,F,60대,3,127.84,1.16,4966.74,34
202606,01994,1994. 삼성전자 물류센터 앞,정기권,,70대이상,1,5.92,0.05,230.16,1
202606,02611,2611. 송파지역자활센터 뒤,정기권,,20대,112,3517.46,31.69,138672.49,2161
202606,01391,1391.성북청소년센터,일일권,,20대,12,1157.72,10.44,44977.35,330
202606,00230,230. 영등포구청역 7번출구,정기권,M,40대,680,25863.97,231.56,1000342.77,12665
202606,03890,3890. 웰츠타워 오피스텔,일일권(3시간),F,20대,2,99.44,0.90,3863.48,26
202606,01141,1141. 곰달래 문화복지센터 A,정기권,M,기타,2,79.18,0.72,3076.15,20
202606,02535,2535.신반포역 3번출구 뒤,정기권,M,30대,41,1326.67,11.97,51540.31,1372
202606,01506,1506. 강북문화예술회관,일일권,M,30대,17,1391.40,12.55,54055.56,415
202606,01458,1458. 상봉터미널2,정기권,F,70대이상,5,74.30,0.66,2886.39,34
202606,01814,1814. 두산위브아파트 옆 상가건물 앞,정기권,,기타,9,614.85,5.55,23887.46,310
202606,01242,1242. 문정 법조단지6,일일권,,40대,2,393.89,3.55,15302.50,99
202606,04020,4020. 중계동 성모빌딩 앞 ,가족권(2시간),M,~10대,1,288.55,2.60,11210.00,81
202606,04267,4267. 서대문역 2번 출구,정기권,F,60대,27,1398.46,12.61,58793.46,710
202606,04874,4874. 탄천1교 하부보도,정기권,M,50대,12,983.56,8.85,38211.54,254
202606,00780,780.신정교 하부,정기권,,70대이상,9,1624.70,14.65,63120.44,443
202606,01527,1527. 미아역 1번 출구 뒤,일일권,M,20대,23,1455.86,13.11,56559.92,441
202606,01904,1904. 도림천역 1번 출구 앞,일일권,,50대,1,91.78,0.83,3565.54,20
202606,03726,3726.삼양동사거리,일일권,M,30대,7,332.42,3.00,12914.87,107
202606,00301,301. 경복궁역 7번출구 앞,정기권,F,~10대,2,162.32,1.47,6306.21,35
202606,02919,2919.등나무 근린공원(시립북서울미술관 앞) ,일일권,F,50대,23,1396.78,12.61,54264.69,563
202606,04629,4629. 한강초교보도육교 앞,정기권,M,20대,49,4812.10,43.40,186949.35,1166
202606,02025,2025. 흑석역 1번출구,일일권,M,20대,216,39476.12,354.05,1529760.97,9426
202606,05513,5513. 마포음식문화거리,정기권,F,~10대,1,18.41,0.17,715.14,4
202606,00750,750. 연의근린공원 건너편,정기권,M,20대,53,2182.98,19.04,82146.15,558
202606,02091,2091. 이수역9번출구,정기권,M,~10대,5,109.47,0.99,4253.23,50
202606,01141,1141. 곰달래 문화복지센터 A,일일권(비회원),,20대,1,98.33,0.89,3820.05,31
202606,02819,2819.하늘숲초등학교 앞,일일권,,30대,6,934.62,8.43,36756.98,334
202606,05332,5332. 마들역 4번출구,정기권,,60대,5,164.45,1.48,6388.83,64
202606,01708,1708. 도봉보건소사거리,일일권(3시간),F,50대,1,202.55,1.83,7869.23,53
202606,04958,4958. 고덕래미안힐스테이트 아파트 211동,정기권,,70대이상,1,256.10,2.31,9949.53,50
202606,01730,1730. 도봉산역 교차로 앞,정기권,M,70대이상,2,81.06,0.73,3149.22,48
202606,01470,1470.중화동 우리은행 앞,일일권,F,20대,15,1014.39,9.15,39408.71,301
202606,00341,341. 혜화역 3번출구 뒤,일일권,M,20대,53,2985.80,26.43,113855.30,1178
202606,00401,401. 상암월드컵파크 10단지 앞,정기권,M,50대,98,8569.21,77.19,332913.22,2342
202606,04585,4585. 국회6문,일일권(3시간),M,~10대,1,694.27,6.26,26972.46,149
202606,02658,2658.가락몰 업무동,정기권,F,60대,20,956.91,8.61,37175.05,303
202606,00419,419. 홈플러스 마포점 앞,일일권,,20대,89,7273.45,65.55,282573.85,2171
202606,02203,2203. 청계산입구역 2번출구,정기권,F,20대,26,1157.35,10.44,44963.91,339
202606,04270,4270. 우국한마음 아파트 맞은편,일일권(비회원),,기타,7,589.50,5.31,22902.01,138
202606,01291,1291. 서울체육고등학교 앞,정기권,M,40대,51,4310.32,38.52,166701.41,1206
202606,02002,2002. 노들역 1번출구,일일권(비회원),,40대,3,574.07,5.17,22302.85,160
202606,04843,4843. 봉화산역 4번 출구,일일권(비회원),,기타,3,330.62,2.98,12844.92,88
202606,03772,3772. 길성그랑프리텔아파트,정기권,M,50대,175,7454.62,67.13,289611.87,5011
202606,02625,2625.가락종합 사회복지관,일일권,M,70대이상,3,540.33,4.88,20992.15,132
202606,03967,3967. 혜명양로원 담장 옆(2),정기권,M,50대,7,396.40,3.59,15467.10,130
202606,00231,231. 남부고용노동지청 남측,정기권,F,~10대,11,383.92,3.46,14915.02,156
202606,04582,4582. 국회도서관,일일권,F,50대,1,70.52,0.69,2967.83,31
202606,04526,4526. 목동아파트2단지 222동 앞,일일권(3시간),,40대,1,136.99,1.23,5322.06,33
202606,01042,1042. 강일리버파크 2~5단지,일일권,,기타,4,246.93,2.21,9592.85,73
202606,02354,2354. 청담역 2번출구,일일권,F,40대,2,313.33,2.82,12172.88,108
202606,00938,938. 금암 문화공원,정기권,M,60대,25,1187.37,10.71,46129.65,333
202606,03654,3654. 강동리버스트4단지아파트 405동 앞,일일권(3시간),,30대,1,320.59,2.89,12455.01,119
202606,00495,495.염리초등학교 앞,일일권,F,50대,11,420.37,4.14,19138.24,222
202606,00855,855.이촌역5번출구 앞,일일권,,40대,1,20.59,0.19,800.00,4
202606,04960,4960.고덕비즈밸리 지식산업센터 A,정기권,F,60대,1,36.78,0.33,1428.80,13
202606,02000,2000. 신도림4차 e편한세상 아파트 1109동 앞,일일권(3시간),,30대,1,48.82,0.44,1896.58,11
202606,03782,3782. 겸재정선미술관,일일권,M,60대,4,284.24,2.56,11042.54,63
202606,00610,610. 동대문중 교차로,일일권,,기타,5,177.65,1.61,6901.12,304
202606,01960,1960. 구로거리공원 동측(신도림역 방면),일일권,F,~10대,29,1125.12,10.13,43711.55,357
202606,04002,4002. 상계주공 14단지 상가 앞,일일권(비회원),,50대,1,140.28,1.26,5450.00,50
202606,02514,2514.사평역 2번출구,가족권,,~10대,2,125.31,1.13,4868.10,48
202606,02156,2156. 신림푸르지오아파트,정기권,,50대,33,3924.07,35.34,152449.39,1008
202606,03761,3761. 나이아가라관광호텔,일일권,M,20대,14,2362.01,21.29,91764.28,501
202606,04381,4381. 더스페이스타워 앞,정기권,M,~10대,7,250.41,2.26,9728.69,85
202606,05882,5882. 휴젠느,일일권,F,30대,34,2488.73,22.46,96688.49,919
202606,00956,956. 응암시장교차로,정기권,M,60대,103,9682.91,87.27,379663.42,3016
202606,03013,3013.서울지방고용노동청 앞,정기권,,50대,50,6252.89,56.35,242923.41,1784
202606,02211,2211. 서초구립반포도서관 앞,일일권(비회원),,기타,12,1090.72,9.84,42374.80,372
202606,02347,2347. 두산건설 본사,일일권,M,20대,5,1108.64,9.99,43070.95,239
202606,00268,268. 그랜드컨벤션센터 앞,일일권(비회원),,기타,15,791.24,7.14,30880.01,389
202606,01854,1854. 가산아네스트 오피스텔 앞,정기권,M,20대,121,4418.86,39.43,171385.65,1154
202606,02613,2613. 잠실나들목,일일권(비회원 3시간),,기타,6,1078.53,9.72,41901.05,413
202606,04420,4420. 성북구 한예종 캠퍼스 별관,정기권,,기타,4,40.31,0.37,1565.83,18
202606,00245,245. 삼성생명 당산사옥 앞,정기권,F,40대,158,10676.02,96.22,414763.11,3669
202606,01429,1429. 장안중학교,일일권(비회원),,50대,1,74.94,0.68,2911.48,16
202606,01068,1068.명일파출소,일일권,F,50대,5,447.12,4.03,17370.49,142
202606,03113,3113. 독립문 앞,정기권,F,30대,16,669.63,6.04,29836.96,355
202606,00650,650. 중랑교사거리,정기권,F,70대이상,16,986.24,8.87,38315.80,307
202606,01831,1831. 한국전력 구로금천지사 앞,정기권,,기타,4,352.43,3.18,13691.93,89
202606,00445,445.대한상공회의소,정기권,F,60대,4,358.84,3.24,13941.03,132
202606,01941,1941. 오류동역 2번출구,정기권,F,~10대,1,34.38,0.31,1335.64,9
202606,04213,4213. 마포구중앙도서관 정문 앞,일일권,F,40대,37,2489.43,22.60,97429.12,974
202606,06180,6180.양천향교역 3번출구,일일권,M,~10대,10,265.87,2.40,10329.69,71
202606,03628,3628. 역삼1동 주민센터,정기권,,20대,33,1634.45,14.74,63499.34,477
202606,00281,281. 대림신동아아파트 앞,일일권,M,20대,41,2963.32,26.59,114670.04,750
202606,04872,4872. 개롱역 3번 출구 뒤,정기권,M,~10대,63,4381.46,40.06,174255.81,1169
202606,00452,452. 동대문 종합시장 버스정류장,일일권,,40대,2,219.91,1.99,8543.54,66
202606,04027,4027. 한내 행복발전소 옆,일일권,F,30대,49,3672.16,33.09,142663.50,1171
202606,01174,1174. 강서구청사거리(부민병원),정기권,,50대,53,3449.94,31.14,134029.83,1217
202606,01208,1208. 풍납현대아파트쉼터,정기권,M,50대,208,8967.86,80.71,348401.55,4256
202606,03620,3620. 청담역 11번 출구,정기권,F,30대,15,856.12,7.72,33260.50,198
202606,04024,4024. 꿈의숲 SK뷰 아파트,정기권,M,~10대,63,3408.89,30.56,131772.98,922
202606,05515,5515.한강버스 망원 선착장,일일권(3시간),F,20대,18,3901.40,36.33,156583.84,1936
202606,00975,975.백련산 힐스테이트상가앞,정기권,M,60대,29,1866.82,16.82,72525.85,455
202606,01283,1283. 오금공원 사거리,정기권,M,~10대,6,415.61,3.75,16146.46,126
202606,03688,3688. 상일동산(동아아파트앞 교차로),정기권,M,50대,23,1716.89,15.59,67296.37,415
202606,01177,1177. 수명중?고교,일일권,F,40대,13,502.75,4.62,19903.43,203
202606,00410,410. 상암중학교 옆,일일권(비회원),,기타,6,281.22,2.54,10925.56,106
202606,04611,4611. 국제루터교회 앞,정기권,F,40대,9,1405.82,12.67,54615.74,320
202606,02742,2742.강서구민올림픽체육센터,일일권(3시간),F,30대,1,309.43,2.79,12021.56,221
202606,00336,336. 충무로역 6번출구 앞,정기권,M,40대,119,6809.00,61.34,264368.63,2212
202606,02368,2368. 도곡동 경남아파트 건너편,일일권,,30대,6,544.04,4.91,21136.10,135
202606,05153,5153.한강버스 뚝섬 선착장,가족권(2시간),F,~10대,9,1250.02,11.27,55627.14,567
202606,00679,679.전농SK아파트 앞,정기권,,기타,6,128.03,1.29,5547.76,59
202606,02058,2058. 동작경찰서,정기권,M,20대,219,13170.27,118.20,509478.76,4054
202606,02340,2340. 삼호물산버스정류장(23370) 옆,일일권(3시간),F,40대,1,408.92,3.69,15886.44,160
202606,02318,2318. 삼성중앙역4번출구(문화센터더 리빌),정기권,M,20대,11,879.08,7.80,33690.57,283
202606,02038,2038. 동작역 7번출구,일일권(3시간),,기타,1,258.29,2.33,10034.48,58
202606,04556,4556. 리버뷰신안인스빌1차 후문,일일권,,30대,18,1260.87,11.37,48984.59,282
202606,00765,765. 오목교역 3번출구,일일권,,40대,28,1178.71,10.61,47479.37,549
202606,02620,2620. 송파나루역 4번 출구옆,정기권,F,30대,589,28709.28,258.80,1119785.60,11098
202606,02530,2530.삼호3차아파트 앞,정기권,M,70대이상,3,106.53,0.96,4138.84,104
202606,01022,1022. 길동 사거리(초소앞),정기권,M,40대,114,5429.46,48.93,212017.23,1986
202606,00639,639. 서울시립대 후문,정기권,,30대,12,662.19,5.96,25725.75,125
202606,04148,4148.동대문구 장안동 씨젠의료재단,일일권,M,20대,86,6057.70,54.59,235342.72,2231
202606,00780,780.신정교 하부,정기권,,~10대,1,154.43,1.39,5999.69,37
202606,00455,455. 종로6가역 버스정류장(동대문 방향),정기권,M,40대,224,17344.99,156.33,687226.01,9225
202606,02626,"2626.경찰병원역 1,2번 출구 사이",정기권,M,40대,39,2772.37,25.00,115948.06,952
202606,02396,2396. 영동3교 북단(우성캐릭터 앞 보도),가족권,M,~10대,1,183.78,1.66,7140.00,45
202606,01480,1480. 용마지구대 B,정기권,,기타,2,59.51,0.53,2311.93,15
202606,01697,1697.상계주공2단지 219동,일일권,F,~10대,9,622.96,5.64,24268.71,170
202606,05882,5882. 휴젠느,정기권,M,40대,347,17461.34,157.33,679227.34,6509
202606,00383,383. 신당역 12번 출구 뒤,일일권,F,기타,1,5.72,0.05,222.39,4
202606,00233,233. 양평1동 YP센터 앞,정기권,F,40대,58,3413.09,30.76,132598.38,1339
202606,01466,1466.두산대림아파트 삼거리,정기권,F,60대,4,487.58,4.39,18942.27,154
202606,02621,2621. 한성백제역 2번 출구,정기권,,기타,17,986.82,8.89,38338.51,311
202606,05865,5865.더리브오피스텔 앞,일일권(비회원),,20대,3,174.88,1.58,6794.29,53
202606,01754,1754. 창동시장입구 사거리,일일권(3시간),,30대,1,713.73,6.43,27728.59,166
202606,03508,3508. 화양사거리,정기권,M,70대이상,2,57.97,0.52,2252.08,19
202606,00293,293. 충북 미래관,정기권,,70대이상,3,59.12,0.53,2296.73,15
202606,02301,2301. 현대고등학교 건너편,정기권,M,20대,16,1919.68,17.30,74579.94,485
202606,00249,249. 여의도중학교 옆,일일권(3시간),,30대,1,115.83,1.04,4500.00,138
202606,03510,3510. 중곡SK아파트앞,일일권,,20대,11,1093.62,9.79,42250.85,299
202606,01286,1286. 위례중앙푸르지오 1단지 앞,가족권,F,~10대,2,119.23,1.07,4632.31,87
202606,02255,2255. 양재시민의숲역 1번출구,일일권,F,50대,7,455.75,4.09,17705.70,197
202606,00788,788.양천구청역 2번출구 옆,정기권,,기타,43,1114.58,10.03,44441.81,968
202606,01828,1828. 독산동 한양수자인아파트 앞,정기권,,기타,6,932.99,8.41,36246.99,199
202606,00917,917. 녹번역 3번출구,일일권,,40대,1,51.22,0.46,1990.00,9
202606,00374,374. 신당동주민센터앞,일일권,,30대,16,696.94,6.30,27076.54,313
202606,03681,3681. 길동 마루빌딩,정기권,M,50대,151,8582.43,77.18,336265.87,3755
202606,04027,4027. 한내 행복발전소 옆,일일권,M,40대,36,3261.77,29.41,126720.63,989
202606,05504,5504.아현교회,정기권,,20대,11,983.91,8.86,38225.22,205
202606,03212,3212.신풍역 6번출구,가족권,M,~10대,1,43.76,0.39,1700.00,16
202606,02140,2140. 신림1교 교차로,일일권,M,기타,1,37.25,0.34,1447.21,9
202606,00834,834. 효창공원앞역 3번출구 앞,일일권,M,~10대,5,584.84,5.27,22720.71,127
202606,01305,1305. 성북구청,정기권,F,60대,15,804.43,7.23,31252.18,350
202606,03525,3525. 금호스포츠센터앞,가족권,,~10대,1,152.90,1.38,5940.30,40
202606,02369,2369. KT선릉타워,일일권,F,50대,5,485.45,4.37,18860.05,134
202606,02623,2623.석촌동 주민센터,일일권,,40대,14,831.24,7.50,32293.43,344
202606,01011,1011. LIGA 아파트 앞,일일권(3시간),,20대,1,139.69,1.26,5426.82,73
202606,00948,948. 디지털미디어 시티역 4번출구(DMC역),일일권,M,20대,16,1174.60,10.28,44345.30,360
202606,02352,2352. 서울본부세관(건설회관 앞),정기권,M,30대,71,11144.86,100.45,435686.07,1923
202606,00624,624. 전농동 동아아파트 앞,일일권,M,~10대,6,273.13,2.49,10728.11,84
202606,06062,6062.서울역파출소,정기권,F,30대,41,2127.83,19.17,82666.93,504
202606,04685,4685. DMC역 5번 출구(수색역 방향),일일권,,기타,13,1118.37,10.48,48797.00,387
202606,05602,5602.래미안신반포리오센트 후문,정기권,M,~10대,1,41.96,0.38,1630.00,5
202606,04520,4520. 대성유니드아파트,일일권,M,50대,11,2149.14,12.80,55200.71,358
202606,04638,4638. 청파동삼거리 앞,가족권,,~10대,1,23.33,0.21,906.40,14
202606,00912,912. 응암오거리,가족권,M,~10대,1,151.61,1.37,5890.00,28
202606,00236,236. 문래동자이아파트 앞,일일권(비회원),,~10대,1,38.88,0.35,1510.31,15
202606,04037,4037. 물넘이교,정기권,,40대,138,7200.12,64.88,283808.21,3468
202606,01328,1328. 월곡역 3번출구,일일권(3시간),,40대,2,518.40,4.67,20140.00,151
202606,04618,4618. 풍전아파트 건너편,일일권,F,40대,9,1402.46,12.63,54485.61,500
202606,03544,3544.한양대역 3번 출구,정기권,M,20대,391,26732.94,241.05,1038597.65,8740
202606,04653,4653. 불광역 9번 출구 맞은편,일일권,,40대,2,160.18,1.45,6222.84,102
202606,03006,3006. 상암월드컵파크5단지(상암중학교),일일권,M,30대,4,515.06,4.64,20009.80,110
202606,00977,977.신도중학교앞,정기권,,40대,4,305.01,2.75,11849.34,103
202606,01548,1548. 북서울 꿈의숲 서문,일일권,M,50대,4,157.10,1.37,5881.33,243
202606,02706,2706.강서공업고등학교 앞,정기권,M,~10대,102,2569.72,23.10,99650.24,973
202606,01668,1668. 중계역 6번출구,일일권,F,20대,46,2716.27,24.61,106030.65,957
202606,02088,2088.상도중앙하이츠빌 입구,일일권,,30대,4,700.01,6.32,27195.23,182
202606,05751,5751. 송파여성축구장,정기권,M,40대,47,3761.87,33.89,146149.67,1133
202606,04657,4657. 본 서부병원 교차로 사거리,일일권,,기타,3,284.20,2.56,11040.92,74
202606,02525,2525.반포쇼핑타운 2동 앞,정기권,,70대이상,1,392.58,3.54,15251.64,92
202606,04394,4394.서울시립24시간게스트하우스,일일권,,30대,3,114.82,1.04,4461.04,26
202606,03786,3786. 강서힐스테이트 상가 앞,일일권,M,50대,4,224.21,1.92,8247.07,86
202606,00558,558. 성동광진 교육지원청 앞,정기권,F,30대,125,6731.83,60.98,263038.84,2482
202606,01120,1120. 대림경동아파트앞,일일권,,40대,3,273.29,2.46,10617.41,77
202606,03100,3100. 북성초교,정기권,M,40대,14,929.34,8.37,36105.33,325
202606,00321,321. KEB 하나금융그룹 명동사옥 옆,정기권,F,기타,1,92.41,0.83,3590.00,42
202606,00299,299.여의도 순복음교회,정기권,M,70대이상,1,272.86,2.46,10600.80,46
202606,02187,2187. 현대시장사거리,가족권,,~10대,1,41.27,0.37,1603.52,20
202606,02219,"2219. 고속터미널역 8-1번, 8-2번 출구 사이",일일권(비회원),,70대이상,3,901.26,8.12,35014.16,113
202606,01825,1825. 한신아파트 앞 육교 아래,일일권,M,30대,19,3525.47,31.47,139714.41,786
202606,02622,2622. 올림픽공원역 3번출구,일일권(3시간),,20대,5,673.27,6.07,26156.85,533
202606,03902,3902. 항동지구5단지 501동 앞,정기권,M,50대,36,1805.71,16.28,70151.91,1188
202606,00272,272. 당산육갑문,일일권,M,20대,263,51122.26,457.83,1981549.47,11597
202606,01376,1376. 한국과학기술연구원 중문,일일권,M,50대,1,46.36,0.42,1801.12,12
202606,04561,4561. 양평역 1번출구,가족권,M,~10대,2,397.44,3.58,15440.74,126
202606,02148,2148. 낙성대역 3번출구 뒤,정기권,F,50대,6,1091.30,9.84,42396.74,276
202606,02223,2223. 방배래미안 정문 앞,일일권(비회원),,기타,4,335.54,3.02,13036.15,131
202606,04045,4045. 은하수 공원,정기권,,30대,22,1733.36,15.64,67341.56,566
202606,01192,1192. 마곡수명산파크 209동 건너편,정기권,M,~10대,293,6126.68,54.36,237595.49,2529
202606,04865,4865. 한성백제역 1번출구 뒤,일일권,M,~10대,18,1375.27,12.40,57507.17,543
202606,02912,2912.대진고등학교,일일권,M,60대,1,44.24,0.40,1718.64,19
202606,01806,1806. 에이스하이엔드타워9차 앞,정기권,M,40대,113,14155.72,127.14,548068.46,2990
202606,01382,1382.래미안월곡아파트 입구,정기권,,60대,16,1505.32,13.55,58481.97,539
202606,01197,1197. 엠펠리체 호텔 건너편,일일권,F,60대,1,48.41,0.57,2444.94,21
202606,03503,3503. 광진유진스웰,가족권(2시간),F,~10대,1,204.32,1.84,7937.86,90
202606,04598,4598. 오목교 동측 지하보도,일일권,M,기타,1,100.46,0.82,3523.41,33
202606,03432,3432.종로2가 사거리,정기권,M,40대,122,6661.91,59.96,258540.70,2962
202606,02727,2727.서울식물원 잔디마당 앞,정기권,M,40대,457,27133.34,244.56,1059766.80,6972
202606,03615,3615. 서울 논현동우체국 앞,정기권,M,70대이상,1,34.65,0.31,1346.26,8
202606,00473,473.을지로4가역 9번출구,정기권,,40대,81,3677.29,33.17,142862.88,1634
202606,01152,1152. 마곡역교차로,일일권,F,20대,77,2890.72,26.18,112768.90,1003
202606,04217,4217. 한강공원 망원나들목,가족권(2시간),F,~10대,2,418.79,3.78,16270.00,223
202606,00640,640. 동대문경찰서 교차로,일일권,M,~10대,5,299.19,2.69,11623.43,182
202606,04039,4039. 서울시 북부여성발전센터,일일권,F,30대,14,1480.01,13.31,57498.16,588
202606,01996,1996. 구일역 1번 출입구 앞,정기권,F,60대,45,7736.97,69.75,300581.58,2692
202606,00438,438. 성산2-1 공영주차장,정기권,F,30대,116,6383.99,57.49,248017.79,1978
202606,00491,491.월드컵파크 4단지,일일권,F,50대,4,357.82,3.22,13901.03,138
202606,04468,4468. 가락1동주민센터 ,일일권(3시간),,50대,1,35.05,0.32,1361.64,41
202606,06053,6053. 중부세무서 앞,정기권,,60대,2,22.14,0.20,2406.00,59
202606,05865,5865.더리브오피스텔 앞,일일권,F,30대,75,5574.55,50.23,216571.32,2112
202606,02637,2637. 아시아지하보도 14번 출구,가족권,F,~10대,5,356.26,3.21,13840.98,104
202606,00552,552. 대림아크로리버 앞,일일권(3시간),F,20대,1,23.68,0.21,920.00,15
202606,00237,237. 보라매 두산위브 건너편,정기권,F,40대,67,3004.95,26.85,117135.98,1230
202606,03910,3910. 목양전원교회 앞 로터리,정기권,M,~10대,3,171.28,1.55,6654.12,105
202606,02159,2159. 인헌초교,일일권,F,~10대,4,289.23,2.68,11548.33,109
202606,01293,1293. 석촌호수 서호 사거리,정기권,M,50대,155,9292.61,83.33,359292.34,3165
202606,01548,1548. 북서울 꿈의숲 서문,일일권,,50대,2,202.31,1.82,7860.00,79
202606,01366,1366. 일신초등학교 옆,정기권,F,40대,12,1067.50,9.62,41472.24,267
202606,01646,1646. 삼육대 입구,정기권,M,50대,26,2789.12,25.15,108356.55,599
202606,05095,5095. 원당근린공원,일일권(비회원),,60대,1,70.23,0.63,2728.38,49
202606,01751,1751. 창원초등학교 교차로,정기권,F,40대,31,3014.77,27.18,117123.11,838
202606,03560,3560.성동구 견인차량 보관소 앞,일일권(비회원),,40대,1,70.40,0.63,2734.92,20
202606,04564,4564. 63스퀘어,정기권,,40대,150,27776.66,250.40,1079125.45,5976
202606,00535,535. 응봉삼거리,일일권,M,30대,16,1887.55,17.01,73331.20,412
202606,05342,5342. 상계공원 입구,일일권,M,30대,8,522.86,4.63,23275.44,180
202606,01805,1805. 서울디지털운동장 앞,일일권(3시간),M,30대,1,747.18,6.73,29027.97,146
202606,00472,472.삼일교(시그니쳐 타워),정기권,M,~10대,37,1153.84,10.42,44827.35,501
202606,01853,1853. 청년취업사관학교앞,정기권,,60대,5,118.49,1.07,4602.89,205
202606,03642,3642. 강남자곡힐스테이트,일일권,F,50대,3,129.15,1.20,5187.99,70
202606,02718,2718.마곡수명산파크1단지,일일권,,기타,5,226.96,2.04,8817.59,146
202606,04211,4211. 시석빌딩 앞,정기권,M,60대,16,795.26,7.15,30895.34,464
202606,03894,3894. 노룬산시장 앞,가족권,F,~10대,1,166.40,1.50,6464.83,44
202606,01479,1479.면목 홈플러스 2 ,일일권(비회원),,기타,2,62.23,0.56,2417.75,24
202606,03804,3804. 낙성대공원,일일권,F,20대,5,216.70,1.95,8419.10,64
202606,01771,1771.성원APT버스정류소,정기권,M,40대,47,3889.30,33.79,145774.17,1332
202606,01630,1630. 수연빌딩 앞,정기권,F,40대,63,2746.26,24.76,106692.04,975
202606,00530,530. 청계벽산아파트 앞,정기권,,70대이상,2,406.77,3.66,15802.92,140
202606,00724,724. 계남공원 입구 주출입구 좌측,일일권(비회원),,기타,3,107.23,0.96,4165.75,73
202606,01931,1931. 개봉역2번출구 A,일일권,,기타,9,284.96,2.56,11070.42,124
202606,02537,2537.양재역 8번출구 앞,가족권(2시간),F,~10대,2,259.60,2.34,10085.53,107
202606,05897,5897.여의도공작아파트,정기권,M,30대,104,10602.48,95.08,411603.48,3806
202606,05752,5752. 풍납백제문화공원 옆 인근,일일권(3시간),F,40대,1,157.69,1.42,6126.19,368
202606,02032,2032. 이수역 11번출구쪽,일일권,M,기타,1,38.08,0.34,1479.26,8
202606,02430,2430.강남파이낸스센터앞(역삼역2번출구),정기권,F,30대,57,2914.80,26.30,114191.04,918
202606,04589,4589. KRX한국거래소(1),일일권,F,~10대,1,32.02,0.34,1469.98,51
202606,02229,2229.로고스교회 맞은 편,정기권,,20대,67,2935.16,26.44,114030.77,1016
202606,00397,397. 종묘공영주차장 건너편,일일권,F,50대,3,167.02,1.61,6970.23,62
202606,05333,5333. 노원역9번-10번 출구 앞,정기권,M,70대이상,18,1051.55,9.47,40852.75,775
202606,00588,588. 뚝섬 유원지역,정기권,,60대,17,1283.32,11.56,49856.92,496
202606,04884,4884. H비즈니스파크,일일권,F,~10대,1,211.87,1.91,8231.20,45
202606,05758,5758. 올림픽선수기자촌아파트 123동 근처,정기권,,60대,9,349.86,3.16,13592.26,135
202606,04885,4885. 가든파이브 리빙관,일일권(3시간),,30대,1,283.02,2.55,10995.52,182
202606,03782,3782. 겸재정선미술관,일일권,F,50대,5,216.55,2.01,8649.93,67
202606,01910,1910. 낙원교회 맞은편,일일권,F,20대,3,163.11,1.47,6336.88,58
202606,01269,1269. 리센츠아파트 ,정기권,F,30대,222,11497.21,103.83,447294.02,5296
202606,05852,5852. 대림동현대2차 201동 앞,일일권,F,50대,1,18.16,0.16,705.66,7
202606,05513,5513. 마포음식문화거리,일일권,M,30대,44,5235.21,47.16,203246.61,1500
202606,01706,1706. 방학동우체국 건너편,일일권,F,20대,13,488.19,4.45,19150.39,261
202606,04686,4686. 우물골 근린공원,정기권,F,40대,18,318.86,2.87,12387.57,65
202606,00941,941. 은평뉴타운 도서관,일일권(3시간),F,40대,1,73.31,0.66,2847.94,27
202606,03664,3664. 맥도날드 서울둔촌DT점 앞,일일권,,60대,2,89.21,0.80,3465.93,25
202606,03616,3616. 역삼중학교 앞(체육관 방향),일일권,M,30대,12,251.97,2.19,9500.19,111
202606,01674,1674. 서울북부고용센터앞,일일권,M,50대,14,1223.52,11.03,47533.62,389
202606,00912,912. 응암오거리,일일권(3시간),M,~10대,2,1792.29,16.16,69630.38,262
202606,04915,4915. 영동중앙교회 버스정류장,일일권,M,60대,2,45.92,0.41,1783.82,41
202606,00238,238. 제2구민체육센타 앞,정기권,M,60대,81,4179.89,37.64,162388.68,1456
202606,03798,3798. 그랜드아이파크아파트 앞,일일권,,~10대,3,211.09,1.91,8200.97,120
202606,02066,2066. 양문교회 앞,일일권(3시간),M,30대,2,1199.64,10.81,46606.09,211
202606,03900,3900. 건국대학교 신공학관,일일권(비회원),,기타,2,215.88,1.94,8386.98,58
202606,05313,5313. 중계주공2단지 앞,일일권,,20대,6,264.08,2.38,10259.60,126
202606,02025,2025. 흑석역 1번출구,정기권,F,20대,51,9326.13,84.12,362456.08,2088
202606,00358,358. 성균관대입구 사거리 A,정기권,F,~10대,7,528.16,4.77,20519.07,140
202606,01906,1906. 신도림역 1번 출구 앞,일일권,F,20대,103,9984.00,90.30,389401.23,2846
202606,01274,1274. 영파여고 앞,정기권,,20대,97,3533.50,31.84,137275.54,1708
202606,01201,1201. 가락시장역 3번 출구,정기권,F,40대,58,2780.85,25.07,108035.15,1110
202606,01217,1217. 송파파인타운 7단지,일일권,M,30대,15,811.92,7.32,31543.16,207
202606,03907,3907. 신도림7차e편한세상아파트 806동 앞,일일권(비회원),,기타,10,669.12,6.03,25995.38,214
202606,04398,4398. 유원지식산업센터 앞,일일권,F,20대,165,11263.58,101.97,439271.45,4780
202606,00568,568. 청계8가 사거리 B,일일권,M,30대,68,5283.74,47.47,204512.36,1572
202606,01139,1139. 용문사 버스정류장,일일권,,40대,2,128.66,1.16,4998.50,65
202606,01155,1155. 기쁜우리복지관,일일권,F,30대,38,2255.96,20.33,87644.31,616
202606,04045,4045. 은하수 공원,정기권,M,40대,11,1237.03,11.15,48058.71,400
202606,01663,1663. 동해문화예술관앞,일일권,F,30대,8,599.73,5.41,23299.20,198
202606,01901,1901. 신도림동주민센터 앞,정기권,F,60대,15,1123.40,10.13,43644.37,385
202606,04135,4135. 삼성생명 앞,정기권,,50대,101,5928.50,53.43,230784.61,3433
202606,04625,4625. 용산공원갤러리앞,일일권(3시간),M,20대,1,56.76,0.51,2205.05,148
202606,00239,239. 유스호스텔 앞,일일권(비회원),,30대,1,,,0.00,7
202606,03116,3116.신촌역 4번출구,정기권,M,50대,37,2183.44,19.42,83796.47,1639
202606,00281,281. 대림신동아아파트 앞,정기권,F,60대,18,429.06,3.91,16668.52,167
202606,03890,3890. 웰츠타워 오피스텔,정기권,M,40대,170,8308.91,74.89,322874.15,3109
